{"sections":{"main":{"type":"404","blocks":{"459270ad-b95c-4dc4-8036-ae4783a6db06":{"type":"link","settings":{"title":"Home","link_image":"shopify:\/\/shop_images\/404_home.jpg","url":"\/"}},"13769f0a-6d97-4a28-8d27-2b85652bcc3d":{"type":"link","settings":{"title":"Contact","link_image":"shopify:\/\/shop_images\/404_contact.jpg","url":"\/pages\/contact"}},"309dab4b-02ce-4dd9-8227-5a6166e895b0":{"type":"link","settings":{"title":"RAM® Mount Builder","link_image":"shopify:\/\/shop_images\/instructions.png","url":"\/pages\/mount-builder"}},"eea7d560-b5eb-4a7f-a95f-24ebb2219258":{"type":"link","settings":{"title":"Device Mounts","link_image":"shopify:\/\/shop_images\/gadgets_4.jpg","url":"\/pages\/device-mounts"}}},"block_order":["459270ad-b95c-4dc4-8036-ae4783a6db06","13769f0a-6d97-4a28-8d27-2b85652bcc3d","309dab4b-02ce-4dd9-8227-5a6166e895b0","eea7d560-b5eb-4a7f-a95f-24ebb2219258"],"settings":{"section_image":"shopify:\/\/shop_images\/Not-found-large_a5633a5c-1ccf-442e-a152-2ebd84a16c31.png","heading":"<p>Our warranty lasts a lifetime, but this web page doesn't.<\/p>","copy":"<p>Sorry to tell you the page you're looking for wasn't found.<br\/>Having trouble finding what you're looking for? Try using the search bar above.<\/p>","heading_font_family":"font-body","copy_font_family":"font-body","heading_bottom_spacing":16,"copy_bottom_spacing":16,"text_alignment":"text-center","desktop_heading_font_size":"md:text-3xl","desktop_copy_font_size":"md:text-lg","mobile_heading_font_size":"text-xl","mobile_copy_font_size":"text-base"}}},"order":["main"]}