{"sections":{"main":{"type":"main-article","blocks":{"title":{"type":"title","settings":{"blog_show_date":true,"blog_show_author":true}},"featured_image":{"type":"featured_image","settings":{"image_height":"medium","full_width":true}},"share":{"type":"share","disabled":true,"settings":{"share_label":"Share"}},"content":{"type":"content","settings":{"enable_sidebar":true,"sidebar_menu":"blog-categories"}}},"block_order":["title","featured_image","share","content"],"settings":{"show_related_articles":true,"related_heading":"Discover More"}}},"order":["main"]}