{"sections":{"main":{"type":"main-article","blocks":{"featured_image":{"type":"featured_image","settings":{"image_height":"small","full_width":false}},"title":{"type":"title","settings":{"blog_show_date":true,"blog_show_author":false}},"share":{"type":"share","disabled":true,"settings":{"share_label":"Share"}},"content":{"type":"content","settings":{}}},"block_order":["featured_image","title","share","content"],"settings":{}},"16612081099791c8b4":{"type":"ram-tabs-products","blocks":{"1661208109c9b0a97f-0":{"type":"tab","settings":{"title":"Phone Mounts","content":"","btn_label":"Shop All Van Life","btn_url":"#","btn_type":"btn-ram","btn_label_2":"RAM® Mount Builder","btn_url_2":"#","btn_type_2":"btn-dark","product_1":"ram-track-exa-13bu","product_2":"ram-b-238u","product_3":"ram-b-201u-wd1","product_4":"ram-b-230u"}},"1661208109c9b0a97f-1":{"type":"tab","settings":{"title":"XBox Adaptive Controller","content":"","btn_label":"SHOP ALL ACCESSIBILITY","btn_url":"","btn_type":"btn-ram","btn_label_2":"RAM® MOUNT BUILDER","btn_url_2":"","btn_type_2":"btn-dark","product_1":"ram-b-202u-225","product_2":"ram-b-238u","product_3":"ram-b-201u-wd1","product_4":"ram-b-230u"}},"1661208109c9b0a97f-2":{"type":"tab","settings":{"title":"Bedside Mounts","content":"","btn_label":"SHOP ALL ACCESSIBILITY","btn_url":"","btn_type":"btn-ram","btn_label_2":"RAM® MOUNT BUILDER","btn_url_2":"","btn_type_2":"btn-dark","product_1":"ram-b-202u-225","product_2":"ram-b-238u","product_3":"ram-b-201u-wd1","product_4":"ram-b-230u"}},"1661208109c9b0a97f-3":{"type":"tab","settings":{"title":"Desk & Table Mounts","content":"","btn_label":"SHOP ALL ACCESSIBILITY","btn_url":"","btn_type":"btn-ram","btn_label_2":"RAM® MOUNT BUILDER","btn_url_2":"","btn_type_2":"btn-dark","product_1":"ram-b-202u-225","product_2":"ram-b-238u","product_3":"ram-b-201u-wd1","product_4":"ram-b-230u"}}},"block_order":["1661208109c9b0a97f-0","1661208109c9b0a97f-1","1661208109c9b0a97f-2","1661208109c9b0a97f-3"],"settings":{"mobile_vertical_padding":"py-8","mobile_horizontal_padding":"px-8","desktop_vertical_padding":"md:py-12","desktop_horizontal_padding":"md:px-8","heading":"","copy":"","content_vertical_padding":"md:mt-10","heading_font_family":"font-heading","copy_font_family":"font-body","heading_bottom_spacing":16,"copy_bottom_spacing":16,"text_alignment":"text-center","desktop_heading_font_size":"md:text-xl","desktop_copy_font_size":"md:text-base","mobile_heading_font_size":"text-xl","mobile_copy_font_size":"text-base"}}},"order":["main","16612081099791c8b4"]}