{"sections":{"1662481261e32cecad":{"type":"hero","disabled":true,"settings":{"section_id":"","desktop_image":"shopify:\/\/shop_images\/blog-header.jpg","line_color":"#cd1e27","desktop_image_height":300,"content_desktop_alignment":"md:justify-start","text_desktop_alignment":"md:text-left","desktop_heading":"","desktop_subheading":"","copy":"","heading_tag":"h1","heading_font_size_desktop":"sm:text-5xl","heading_font_size_mobile":"text-3xl","desktop_button_text":"Click Here","desktop_button_link":"","desktop_button_text2":"","desktop_button_link2":"","desktop_text_color":"#ffffff","desktop_subheading_color":"#ffffff","button_bg":"#ffffff","button_hover_bg":"#000000","button_text":"#000000","button_hover_text":"#ffffff","button2_bg":"#ffffff","button2_border_bg":"#ffffff","button2_hover_bg":"#000000","button2_text":"#000000","button2_hover_text":"#ffffff","mobile_image":"shopify:\/\/shop_images\/blog-header.jpg","mobile_image_height":375,"text_mobile_alignment":"text-left","text_mobile_vertical_alignment":"justify-center","mobile_text_color":"#ffffff","mobile_button_color":"btn"}},"1636647372faabd85b":{"type":"blog","settings":{"show_sidebar":true,"sidebar_menu":"blog-categories","layout":"grid","show_image":true,"image_height":"medium","show_date":true,"show_author":false,"text_desktop_alignment":"md:text-left","heading_font_size_desktop":"sm:text-5xl","heading_font_size_mobile":"text-3xl","mobile_vertical_padding":"py-8","mobile_horizontal_padding":"px-8","desktop_vertical_padding":"md:py-12","desktop_horizontal_padding":"md:px-8","text_desktop_alignment_post":"md:text-left","heading_font_size_desktop_post":"sm:text-lg","mobile_horizontal_padding_post":"px-8","desktop_horizontal_padding_post":"md:px-8"}}},"order":["1662481261e32cecad","1636647372faabd85b"]}