{"sections":{"165634878564a15838":{"type":"ram-title-with-button","settings":{"text_alignment":"md:text-left","text_alignment_mobile":"text-left","heading":"RAM® Stack-N-Stow™ Products","desktop_heading_font_size":"md:text-3xl","heading_font_size":"text-2xl","copy":"<p>The RAM® Stack-N-Stow™ is a durable bait board for boats & kayaks, but is also so much more. As you can see from the accessories below, the RAM® Stack-N-Stow™ has the ability to mounted in different ways and allows several accessories that can be mounted along the side. Select from a wide range of mounting options and accessories below.<\/p>","copy_font_size":"text-base","btn_label":"","btn_url":"#","btn_type":"btn-ram","section_bg_color":"#ffffff"}},"product-grid":{"type":"collection-template-boost-pfs-filter","settings":{}}},"order":["165634878564a15838","product-grid"]}