{"sections":{"1651859474b8975540":{"type":"hero","settings":{"section_id":"","desktop_image":"shopify:\/\/shop_images\/GDS-Keyboard_e1edf12f-7fa8-4f48-a9f2-bbfa21614514.jpg","line_color":"#00b588","desktop_image_height":300,"content_desktop_alignment":"md:justify-start","text_desktop_alignment":"md:text-left","desktop_heading":"","desktop_subheading":"<p>test<\/p>","copy":"","heading_tag":"h1","heading_font_size_desktop":"sm:text-5xl","heading_font_size_mobile":"text-3xl","desktop_button_text":"Click Here","desktop_button_link":"","desktop_button_text2":"","desktop_button_link2":"","desktop_text_color":"#000000","desktop_subheading_color":"#ffffff","button_bg":"#ffffff","button_hover_bg":"#000000","button_text":"#000000","button_hover_text":"#ffffff","button2_bg":"#ffffff","button2_border_bg":"#ffffff","button2_hover_bg":"#000000","button2_text":"#000000","button2_hover_text":"#ffffff","mobile_image_height":375,"text_mobile_alignment":"text-left","text_mobile_vertical_alignment":"justify-center","mobile_text_color":"#ffffff","mobile_button_color":"btn"}},"1657911178a6c7f392":{"type":"ram-tabs-images","blocks":{"3a12c698-8877-43cb-a0db-64c82b2b3bd9":{"type":"tab","settings":{"active":false,"title":"IntelliSkin®","tab_image":"shopify:\/\/shop_images\/intelliskin_b673ce3d-2b57-4f2a-8d3e-7218514bad06.png","tab_image_hover":"shopify:\/\/shop_images\/intelliskin_0ffa70f5-a1b0-4cb7-9ffa-ba1832e7ac3c.png","url":"shopify:\/\/collections\/gds-technology-intelliskin","content_title":"","content":"","btn_label":"","btn_url":"","btn_type":"btn-ram"}},"c9717a48-70d6-48a9-8f79-108b73fbdc45":{"type":"tab","settings":{"active":false,"title":"GDS® Docks™","tab_image":"shopify:\/\/shop_images\/gds-docks_7d67540d-bd5c-4611-a17f-b07e36393e16.png","tab_image_hover":"shopify:\/\/shop_images\/gds-docks_7116c147-abe3-42a7-aabd-8dd4d3a2ec4e.png","url":"shopify:\/\/collections\/gds-dock-tablet","content_title":"","content":"","btn_label":"","btn_url":"","btn_type":"btn-ram"}},"4579bb55-68dc-43f2-9d23-40822e9341ec":{"type":"tab","settings":{"active":false,"title":"GDS® Ergo™","tab_image":"shopify:\/\/shop_images\/gds-ergo_9064d8d3-dbe0-4873-8306-b5f35229b066.png","tab_image_hover":"shopify:\/\/shop_images\/gds-ergo_0b3088da-af45-466b-b4bf-533acc9cc71c.png","url":"shopify:\/\/collections\/gds-technology-gds-ergo","content_title":"","content":"","btn_label":"","btn_url":"","btn_type":"btn-ram"}},"17e883a6-be59-4922-ae75-ad804b2b9d51":{"type":"tab","settings":{"active":false,"title":"GDS® Charge™","tab_image":"shopify:\/\/shop_images\/gds-charge_33829e69-9c7e-47c7-adfe-cda202200bab.png","tab_image_hover":"shopify:\/\/shop_images\/gds-charge_2857ebf9-e2d0-4ce3-b741-12bfcc6451b5.png","url":"shopify:\/\/collections\/gds-technology-gds-charge","content_title":"","content":"","btn_label":"","btn_url":"","btn_type":"btn-ram"}},"e39eb477-2517-4be5-9d30-b2401a43ae72":{"type":"tab","settings":{"active":false,"title":"GDS® Slide Docks™","tab_image":"shopify:\/\/shop_images\/gds-slide-docks_f7a5c5cb-34f4-4a53-b42e-4146603bdc53.png","tab_image_hover":"shopify:\/\/shop_images\/gds-slide-docks_35425c89-a4f1-4aa5-a81b-c8332aa2e5fe.png","url":"shopify:\/\/collections\/gds-technology-gds-slide-dock","content_title":"","content":"","btn_label":"","btn_url":"","btn_type":"btn-ram"}},"af8eb507-5f57-44b5-ab2c-2a0770eaee53":{"type":"tab","settings":{"active":true,"title":"GDS® Keyboard™","tab_image":"shopify:\/\/shop_images\/gds-keyboard_6dc87dcf-a2e2-4f3d-a250-cf84e0dbbfe3.png","tab_image_hover":"shopify:\/\/shop_images\/gds-keyboard_daa85e45-efbb-40a4-a38e-b25d6cebdf70.png","url":"shopify:\/\/collections\/gds-keyboard-keyboards","content_title":"","content":"","btn_label":"","btn_url":"","btn_type":"btn-ram"}},"09d9bc3a-3c51-4f28-859c-5247739c4084":{"type":"tab","settings":{"active":false,"title":"GDS® Hub™","tab_image":"shopify:\/\/shop_images\/gds-hub_58c7d8cc-d699-4045-9297-00a4bc42ab84.png","tab_image_hover":"shopify:\/\/shop_images\/gds-hub_4e58d4db-63a0-48ca-a8ec-707896827b7d.png","url":"shopify:\/\/collections\/gds-technology-gds-hub","content_title":"","content":"","btn_label":"","btn_url":"","btn_type":"btn-ram"}},"39de9c68-8348-4806-bd6e-734a4546f5da":{"type":"tab","settings":{"active":false,"title":"GDS® View™","tab_image":"shopify:\/\/shop_images\/gds-view_2be52240-6ea1-4e53-8745-4039580c71c4.png","tab_image_hover":"shopify:\/\/shop_images\/gds-view_26c8b326-99f7-4ca6-a7c6-dfa8c8810ac6.png","url":"shopify:\/\/collections\/gds-view-monitor","content_title":"","content":"","btn_label":"","btn_url":"","btn_type":"btn-ram"}},"d0a9ae7c-4b17-4698-91db-cac08c9425ce":{"type":"tab","settings":{"active":false,"title":"GDS® Audio™","tab_image":"shopify:\/\/shop_images\/gds-audio_6aa24fac-823c-4149-acdb-b4624e92522d.png","tab_image_hover":"shopify:\/\/shop_images\/gds-audio_d41fa9ab-155e-40ff-bbb7-c84054da996e.png","url":"shopify:\/\/collections\/gds-technology-gds-audio","content_title":"","content":"","btn_label":"","btn_url":"","btn_type":"btn-ram"}},"eff12849-5088-49e8-bcc6-a4a6622c808a":{"type":"tab","settings":{"active":false,"title":"GDS® Module","tab_image":"shopify:\/\/shop_images\/gds-module_4412c3c2-67ce-4de8-8995-c80116269d50.png","tab_image_hover":"shopify:\/\/shop_images\/gds-module_5b401c2e-84ba-4b9e-ba3b-c3c8a4367a4a.png","url":"shopify:\/\/collections\/gds-technology-gds-module","content_title":"","content":"","btn_label":"","btn_url":"","btn_type":"btn-ram"}}},"block_order":["3a12c698-8877-43cb-a0db-64c82b2b3bd9","c9717a48-70d6-48a9-8f79-108b73fbdc45","4579bb55-68dc-43f2-9d23-40822e9341ec","17e883a6-be59-4922-ae75-ad804b2b9d51","e39eb477-2517-4be5-9d30-b2401a43ae72","af8eb507-5f57-44b5-ab2c-2a0770eaee53","09d9bc3a-3c51-4f28-859c-5247739c4084","39de9c68-8348-4806-bd6e-734a4546f5da","d0a9ae7c-4b17-4698-91db-cac08c9425ce","eff12849-5088-49e8-bcc6-a4a6622c808a"],"settings":{"mobile_vertical_padding":"py-8","mobile_horizontal_padding":"px-8","desktop_vertical_padding":"md:py-0","desktop_horizontal_padding":"md:px-8","desktop_tab_span":"md:basis-1\/5","mobile_tab_span":"basis-1\/3","heading":"","copy":"","content_vertical_padding":"md:mt-10","heading_font_family":"font-heading","copy_font_family":"font-body","heading_bottom_spacing":16,"copy_bottom_spacing":16,"text_alignment":"text-center","desktop_heading_font_size":"md:text-xl","desktop_copy_font_size":"md:text-base","mobile_heading_font_size":"text-xl","mobile_copy_font_size":"text-base"}},"1656345028d0b0854f":{"type":"ram-title-with-button","settings":{"text_alignment":"md:text-left","text_alignment_mobile":"text-left","heading":"GDS® Keyboard™","desktop_heading_font_size":"md:text-3xl","heading_font_size":"text-2xl","copy":"<p>The GDS® Keyboard™ is the perfect tablet peripheral for virtually any enterprise application - with both track pad and 10-key options to choose from. Secure your keyboard using any of the holder options or direct mounting options below.<\/p>","copy_font_size":"text-base","btn_label":"","btn_url":"#","btn_type":"btn-ram","section_bg_color":"#ffffff"}},"collection":{"type":"collection","blocks":{"a3bd9e09-699d-4894-8b72-0dc3a73fbbd4":{"type":"tab-collection","settings":{"collection":"gds-keyboard-keyboards","tab":"Keyboards"}},"f6c53133-20d1-4bde-a1c6-b34faf6da640":{"type":"tab-collection","settings":{"collection":"gds-keyboard-holders","tab":"Holders"}},"5a198f0c-defb-4c24-baef-18867bf2e896":{"type":"tab-collection","settings":{"collection":"gds-keyboard-mounts","tab":"Mounts"}}},"block_order":["a3bd9e09-699d-4894-8b72-0dc3a73fbbd4","f6c53133-20d1-4bde-a1c6-b34faf6da640","5a198f0c-defb-4c24-baef-18867bf2e896"],"settings":{"use_app":true,"collection_title":"","products_per_page":50,"hide_duplicated_families":false,"show_collection":false,"show_sort_filter":false,"show_ram_help":true}},"product-grid":{"type":"collection-template-boost-pfs-filter","settings":{}}},"order":["1651859474b8975540","1657911178a6c7f392","1656345028d0b0854f","collection","product-grid"]}