{"sections":{"eba2c6cb-a2d5-4ba7-9518-b08422b4f6d0":{"type":"hero","settings":{"section_id":"","line_color":"#cd1e27","desktop_image_height":300,"content_desktop_alignment":"md:justify-start","text_desktop_alignment":"md:text-left","desktop_heading":"","desktop_subheading":"","copy":"","heading_tag":"h1","heading_font_size_desktop":"sm:text-5xl","heading_font_size_mobile":"text-3xl","desktop_button_text":"Click Here","desktop_button_link":"","desktop_button_text2":"","desktop_button_link2":"","desktop_text_color":"#ffffff","desktop_subheading_color":"#ffffff","button_bg":"#ffffff","button_hover_bg":"#000000","button_text":"#000000","button_hover_text":"#ffffff","button2_bg":"#ffffff","button2_border_bg":"#ffffff","button2_hover_bg":"#000000","button2_text":"#000000","button2_hover_text":"#ffffff","mobile_image_height":375,"text_mobile_alignment":"text-left","text_mobile_vertical_alignment":"justify-center","mobile_text_color":"#ffffff","mobile_button_color":"btn"}},"1658515531b13a769c":{"type":"title-section","settings":{"text_alignment":"md:text-left","text_alignment_mobile":"text-left","heading":"{{ collection.title }}","desktop_heading_font_size":"md:text-xl","heading_font_size":"text-xl","copy":"","copy_font_size":"text-base","mobile_vertical_padding":"py-8","mobile_horizontal_padding":"px-8","desktop_vertical_padding":"md:py-8","desktop_horizontal_padding":"md:px-12","title_color":"#131313","copy_color":"#cd1e27","section_bg_color":"#ffffff"}},"16521979293a619b14":{"type":"collection-description","settings":{"text_alignment":"text-left","copy_font_size":"text-3xl","full_width":false}},"product-grid":{"type":"collection-template-boost-pfs-filter","settings":{}}},"order":["eba2c6cb-a2d5-4ba7-9518-b08422b4f6d0","1658515531b13a769c","16521979293a619b14","product-grid"]}