{"sections":{"1651859474b8975540":{"type":"hero","settings":{"section_id":"","desktop_image":"shopify:\/\/shop_images\/Laptop-Mounts_8421848b-ae13-4c2e-9ee1-25eee640855a.jpg","line_color":"#cd1e27","desktop_image_height":300,"content_desktop_alignment":"md:justify-start","text_desktop_alignment":"md:text-left","desktop_heading":"<p><\/p>","desktop_subheading":"<p><\/p>","copy":"<p><\/p>","heading_tag":"h1","heading_font_size_desktop":"sm:text-5xl","heading_font_size_mobile":"text-3xl","desktop_button_text":"Click Here","desktop_button_link":"","desktop_button_text2":"","desktop_button_link2":"","desktop_text_color":"#000000","desktop_subheading_color":"#ffffff","button_bg":"#ffffff","button_hover_bg":"#000000","button_text":"#000000","button_hover_text":"#ffffff","button2_bg":"#ffffff","button2_border_bg":"#ffffff","button2_hover_bg":"#000000","button2_text":"#000000","button2_hover_text":"#ffffff","mobile_image_height":375,"text_mobile_alignment":"text-left","text_mobile_vertical_alignment":"justify-center","mobile_text_color":"#ffffff","mobile_button_color":"btn"}},"1656345028d0b0854f":{"type":"ram-title-with-button","settings":{"text_alignment":"md:text-left","text_alignment_mobile":"text-left","heading":"Shop All Laptop Mounts & Accessories","desktop_heading_font_size":"md:text-3xl","heading_font_size":"text-2xl","copy":"<p>For many years RAM® has been known as the most rugged and reliable mounting system for laptops in vehicles. The famous RAM® No-Drill™ design adapts to the passenger side front seat bolts of your vehicle, with adjustable Tele-Pole & Swing Arm components to support your laptop in a position that is easily accessible to the driver, leaves room for the passenger, and does not interfere with airbag deployment. In addition, the ball and socket system at the end of the swing arms allow you to angle your laptop for optimal wrist comfort. And most importantly, all RAM® laptop mounts are backed by a lifetime warranty.<\/p>","copy_font_size":"text-base","btn_label":"","btn_url":"#","btn_type":"btn-ram","section_bg_color":"#ffffff"}},"collection":{"type":"collection","blocks":{"a3bd9e09-699d-4894-8b72-0dc3a73fbbd4":{"type":"tab-collection","settings":{"collection":"laptop-mounts-full-kits","tab":"Complete Kits"}},"f6c53133-20d1-4bde-a1c6-b34faf6da640":{"type":"tab-collection","settings":{"collection":"laptop-mounts-bases","tab":"Bases"}},"f180a8ec-12e0-4eb0-82c4-8a5189a1a72d":{"type":"tab-collection","settings":{"collection":"laptop-mounts-tele-pole-swing-arm","tab":"Tele-Pole & Swing Arm"}},"102aa149-1686-4f84-af9a-022b8745144f":{"type":"tab-collection","settings":{"collection":"laptop-mounts-trays-and-docks","tab":"Trays & Docks"}},"c795a7b6-36b5-406d-9351-c6f02ca8d894":{"type":"tab-collection","settings":{"collection":"laptop-mounts-accessories","tab":"Accessories"}}},"block_order":["a3bd9e09-699d-4894-8b72-0dc3a73fbbd4","f6c53133-20d1-4bde-a1c6-b34faf6da640","f180a8ec-12e0-4eb0-82c4-8a5189a1a72d","102aa149-1686-4f84-af9a-022b8745144f","c795a7b6-36b5-406d-9351-c6f02ca8d894"],"settings":{"use_app":true,"collection_title":"","products_per_page":50,"hide_duplicated_families":false,"show_collection":false,"show_sort_filter":false,"show_ram_help":true}},"product-grid":{"type":"collection-template-boost-pfs-filter","settings":{}}},"order":["1651859474b8975540","1656345028d0b0854f","collection","product-grid"]}