{"sections":{"1651859474b8975540":{"type":"hero","settings":{"section_id":"","desktop_image":"shopify:\/\/shop_images\/GDS-View_36885429-52b3-4e48-93f7-4d33008fef1f.jpg","line_color":"#00b588","desktop_image_height":300,"content_desktop_alignment":"md:justify-start","text_desktop_alignment":"md:text-left","desktop_heading":"","desktop_subheading":"<p>test<\/p>","copy":"","heading_tag":"h1","heading_font_size_desktop":"sm:text-5xl","heading_font_size_mobile":"text-3xl","desktop_button_text":"Click Here","desktop_button_link":"","desktop_button_text2":"","desktop_button_link2":"","desktop_text_color":"#000000","desktop_subheading_color":"#ffffff","button_bg":"#ffffff","button_hover_bg":"#000000","button_text":"#000000","button_hover_text":"#ffffff","button2_bg":"#ffffff","button2_border_bg":"#ffffff","button2_hover_bg":"#000000","button2_text":"#000000","button2_hover_text":"#ffffff","mobile_image_height":375,"text_mobile_alignment":"text-left","text_mobile_vertical_alignment":"justify-center","mobile_text_color":"#ffffff","mobile_button_color":"btn"}},"1657913400bce68f57":{"type":"ram-tabs-images","blocks":{"6cd84d42-d98e-4854-8143-62b72c8ed42d":{"type":"tab","settings":{"active":false,"title":"IntelliSkin®","tab_image":"shopify:\/\/shop_images\/intelliskin_587112c1-3e84-4b56-8a37-3523d9381439.png","tab_image_hover":"shopify:\/\/shop_images\/intelliskin_ec11a3fd-199f-4540-8632-9d73d5c856e8.png","url":"shopify:\/\/collections\/gds-technology-intelliskin","content_title":"","content":"","btn_label":"","btn_url":"","btn_type":"btn-ram"}},"c96f7709-0e5c-4478-9f3b-e9867714998e":{"type":"tab","settings":{"active":false,"title":"GDS® Docks™","tab_image":"shopify:\/\/shop_images\/gds-docks_1086300e-59f0-4e28-8c1e-bb9f61997658.png","tab_image_hover":"shopify:\/\/shop_images\/gds-docks_10d5f00e-1b95-42fd-871b-99275a356f88.png","url":"shopify:\/\/collections\/gds-dock-tablet","content_title":"","content":"","btn_label":"","btn_url":"","btn_type":"btn-ram"}},"1cbca08d-87d7-4773-9c0b-6f5c3ed29b15":{"type":"tab","settings":{"active":false,"title":"GDS® Ergo™","tab_image":"shopify:\/\/shop_images\/gds-ergo_88cbc780-7cf3-4452-aaa6-16d6aea8cbb5.png","tab_image_hover":"shopify:\/\/shop_images\/gds-ergo_9f732e7a-2782-497f-b3bd-65487acb091d.png","url":"shopify:\/\/collections\/gds-technology-gds-ergo","content_title":"","content":"","btn_label":"","btn_url":"","btn_type":"btn-ram"}},"4a556e3f-4678-478c-bef6-bce5b543829b":{"type":"tab","settings":{"active":false,"title":"GDS® Charge™","tab_image":"shopify:\/\/shop_images\/gds-charge_6773bb85-e316-44f1-9aef-0eafe155dcb3.png","tab_image_hover":"shopify:\/\/shop_images\/gds-charge_512d4a8b-bf8f-4e56-abd2-2c4377419a1d.png","url":"shopify:\/\/collections\/gds-technology-gds-charge","content_title":"","content":"","btn_label":"","btn_url":"","btn_type":"btn-ram"}},"abfd99ab-63f7-4aba-9307-085033c32d91":{"type":"tab","settings":{"active":false,"title":"GDS® Slide Docks™","tab_image":"shopify:\/\/shop_images\/gds-slide-docks_4d99d0c0-1c57-48e4-8f1b-1912d9878a7b.png","tab_image_hover":"shopify:\/\/shop_images\/gds-slide-docks_76942c15-6c00-4191-9f09-6d093ec399ba.png","url":"shopify:\/\/collections\/gds-technology-gds-slide-dock","content_title":"","content":"","btn_label":"","btn_url":"","btn_type":"btn-ram"}},"664475a8-8bad-46b3-8bc2-2c0325be1930":{"type":"tab","settings":{"active":false,"title":"GDS® Keyboard™","tab_image":"shopify:\/\/shop_images\/gds-keyboard_be87266b-ab9e-4828-b1ba-12783fd3a6f0.png","tab_image_hover":"shopify:\/\/shop_images\/gds-keyboard_f68361db-5476-48d7-b26e-0142f757a495.png","url":"shopify:\/\/collections\/gds-keyboard-keyboards","content_title":"","content":"","btn_label":"","btn_url":"","btn_type":"btn-ram"}},"238b63e9-09e4-46a3-b978-4b48b8fad2e9":{"type":"tab","settings":{"active":false,"title":"GDS® Hub™","tab_image":"shopify:\/\/shop_images\/gds-hub_56977e08-6a24-4ceb-84dd-f9a635c88f2c.png","tab_image_hover":"shopify:\/\/shop_images\/gds-hub_be5d6348-be43-4b6c-bed1-3329f96c6a8c.png","url":"shopify:\/\/collections\/gds-technology-gds-hub","content_title":"","content":"","btn_label":"","btn_url":"","btn_type":"btn-ram"}},"44272a6d-4817-4ee4-93b8-d9d0c439f629":{"type":"tab","settings":{"active":true,"title":"GDS® View™","tab_image":"shopify:\/\/shop_images\/gds-view_d2431021-0ff8-4dad-bff9-1220ba8818c9.png","tab_image_hover":"shopify:\/\/shop_images\/gds-view_d2431021-0ff8-4dad-bff9-1220ba8818c9.png","url":"","content_title":"","content":"","btn_label":"","btn_url":"","btn_type":"btn-ram"}},"d6e33f75-47b5-4fca-9173-b597a6d3f4ef":{"type":"tab","settings":{"active":false,"title":"GDS® Audio™","tab_image":"shopify:\/\/shop_images\/gds-audio_1fc9c67a-057b-4e06-8a64-979e847b863f.png","tab_image_hover":"shopify:\/\/shop_images\/gds-audio_c263de32-2d71-47b2-9c32-2438506e039b.png","url":"shopify:\/\/collections\/gds-technology-gds-audio","content_title":"","content":"","btn_label":"","btn_url":"","btn_type":"btn-ram"}},"6c65ccaa-d7b8-4e6e-b3de-fa63917fe223":{"type":"tab","settings":{"active":false,"title":"GDS® Module","tab_image":"shopify:\/\/shop_images\/gds-module_796e02a5-a288-4103-82ad-c75475e06c68.png","tab_image_hover":"shopify:\/\/shop_images\/gds-module_42354c83-cfd8-40a2-91b8-544c2f068238.png","url":"shopify:\/\/collections\/gds-technology-gds-module","content_title":"","content":"","btn_label":"","btn_url":"","btn_type":"btn-ram"}}},"block_order":["6cd84d42-d98e-4854-8143-62b72c8ed42d","c96f7709-0e5c-4478-9f3b-e9867714998e","1cbca08d-87d7-4773-9c0b-6f5c3ed29b15","4a556e3f-4678-478c-bef6-bce5b543829b","abfd99ab-63f7-4aba-9307-085033c32d91","664475a8-8bad-46b3-8bc2-2c0325be1930","238b63e9-09e4-46a3-b978-4b48b8fad2e9","44272a6d-4817-4ee4-93b8-d9d0c439f629","d6e33f75-47b5-4fca-9173-b597a6d3f4ef","6c65ccaa-d7b8-4e6e-b3de-fa63917fe223"],"settings":{"mobile_vertical_padding":"py-8","mobile_horizontal_padding":"px-8","desktop_vertical_padding":"md:py-0","desktop_horizontal_padding":"md:px-8","desktop_tab_span":"md:basis-1\/5","mobile_tab_span":"basis-1\/3","heading":"","copy":"","content_vertical_padding":"md:mt-10","heading_font_family":"font-heading","copy_font_family":"font-body","heading_bottom_spacing":16,"copy_bottom_spacing":16,"text_alignment":"text-center","desktop_heading_font_size":"md:text-xl","desktop_copy_font_size":"md:text-base","mobile_heading_font_size":"text-xl","mobile_copy_font_size":"text-base"}},"1656345028d0b0854f":{"type":"ram-title-with-button","settings":{"text_alignment":"md:text-left","text_alignment_mobile":"text-left","heading":"GDS® View™","desktop_heading_font_size":"md:text-3xl","heading_font_size":"text-2xl","copy":"<p>Configure your GDS® View™ system by pairing with a vehicle specific or universal mount. For vehicle mounts, select the year, make and model and select the compatible floor base and pole system to build your complete kit.<\/p>","copy_font_size":"text-base","btn_label":"","btn_url":"#","btn_type":"btn-ram","section_bg_color":"#ffffff"}},"collection":{"type":"collection","blocks":{"a3bd9e09-699d-4894-8b72-0dc3a73fbbd4":{"type":"tab-collection","settings":{"collection":"gds-view-monitor","tab":"Monitor"}},"f6c53133-20d1-4bde-a1c6-b34faf6da640":{"type":"tab-collection","settings":{"collection":"gds-view-vehicle-mounts","tab":"Vehicle Mounts"}},"5a198f0c-defb-4c24-baef-18867bf2e896":{"type":"tab-collection","settings":{"collection":"gds-view-universal-mounts","tab":"Universal Mounts"}}},"block_order":["a3bd9e09-699d-4894-8b72-0dc3a73fbbd4","f6c53133-20d1-4bde-a1c6-b34faf6da640","5a198f0c-defb-4c24-baef-18867bf2e896"],"settings":{"use_app":true,"collection_title":"","products_per_page":50,"hide_duplicated_families":false,"show_collection":false,"show_sort_filter":false,"show_ram_help":true}},"product-grid":{"type":"collection-template-boost-pfs-filter","settings":{}}},"order":["1651859474b8975540","1657913400bce68f57","1656345028d0b0854f","collection","product-grid"]}