{"sections":{"1652197927f9143f00":{"type":"hero","settings":{"section_id":"","desktop_image":"shopify:\/\/shop_images\/hub.jpg","line_color":"#00b588","desktop_image_height":300,"content_desktop_alignment":"md:justify-start","text_desktop_alignment":"md:text-left","desktop_heading":"","desktop_subheading":"","copy":"","heading_tag":"h1","heading_font_size_desktop":"sm:text-5xl","heading_font_size_mobile":"text-3xl","desktop_button_text":"Click Here","desktop_button_link":"","desktop_button_text2":"","desktop_button_link2":"","desktop_text_color":"#ffffff","desktop_subheading_color":"#ffffff","button_bg":"#ffffff","button_hover_bg":"#000000","button_text":"#000000","button_hover_text":"#ffffff","button2_bg":"#ffffff","button2_border_bg":"#ffffff","button2_hover_bg":"#000000","button2_text":"#000000","button2_hover_text":"#ffffff","mobile_image_height":375,"text_mobile_alignment":"text-left","text_mobile_vertical_alignment":"justify-center","mobile_text_color":"#ffffff","mobile_button_color":"btn"}},"165783794527cb7dd3":{"type":"ram-tabs-images","blocks":{"0951d21e-e017-477a-bf99-d7581ef3b075":{"type":"tab","settings":{"active":false,"title":"IntelliSkin®","tab_image":"shopify:\/\/shop_images\/intelliskin_25d7ae73-ba12-4af0-9ac5-5b8cb2a9cfe0.png","tab_image_hover":"shopify:\/\/shop_images\/intelliskin_4bb4cbd6-a3ac-425b-817e-953aa799efac.png","url":"shopify:\/\/collections\/gds-technology-intelliskin","content_title":"","content":"","btn_label":"","btn_url":"","btn_type":"btn-ram"}},"ca38ab55-fc8a-4a49-9c58-195e73a2a91c":{"type":"tab","settings":{"active":false,"title":"GDS® Docks™","tab_image":"shopify:\/\/shop_images\/gds-docks_d82d4180-3292-4391-844a-2d9eb13532fe.png","tab_image_hover":"shopify:\/\/shop_images\/gds-docks.png","url":"shopify:\/\/collections\/gds-dock-tablet","content_title":"","content":"","btn_label":"","btn_url":"","btn_type":"btn-ram"}},"41625f25-0e35-4d59-99bd-26c2fd83d2be":{"type":"tab","settings":{"active":false,"title":"GDS® Ergo™","tab_image":"shopify:\/\/shop_images\/gds-ergo_50b4211c-55a4-4286-b514-398439000467.png","tab_image_hover":"shopify:\/\/shop_images\/gds-ergo_1584de78-eae0-411f-ac03-12769a2aabb8.png","url":"shopify:\/\/collections\/gds-technology-gds-ergo","content_title":"","content":"","btn_label":"","btn_url":"","btn_type":"btn-ram"}},"06945291-4936-40f6-a3ac-c18c924ac7f3":{"type":"tab","settings":{"active":false,"title":"GDS® Charge™","tab_image":"shopify:\/\/shop_images\/gds-charge_3ac02718-55c0-4125-ba3d-acbcc622f030.png","tab_image_hover":"shopify:\/\/shop_images\/gds-charge_5c33a957-1b71-4965-855e-8688b1592c85.png","url":"shopify:\/\/collections\/gds-technology-gds-charge","content_title":"","content":"","btn_label":"","btn_url":"","btn_type":"btn-ram"}},"beb0cd51-6feb-4217-9194-ef669cfd0ec5":{"type":"tab","settings":{"active":false,"title":"GDS® Slide Docks™","tab_image":"shopify:\/\/shop_images\/gds-slide-docks.png","tab_image_hover":"shopify:\/\/shop_images\/gds-slide-docks_730b3e1b-2948-48b8-8f02-4c16201bfcd9.png","url":"shopify:\/\/collections\/gds-technology-gds-slide-dock","content_title":"","content":"","btn_label":"","btn_url":"","btn_type":"btn-ram"}},"377616ab-7d36-49b9-8194-b7a680e3eb2f":{"type":"tab","settings":{"active":false,"title":"GDS® Keyboard™","tab_image":"shopify:\/\/shop_images\/gds-keyboard.png","tab_image_hover":"shopify:\/\/shop_images\/gds-keyboard_ad2396ad-c7df-4a0a-8d95-68a010495b1e.png","url":"shopify:\/\/collections\/gds-keyboard-keyboards","content_title":"","content":"","btn_label":"","btn_url":"","btn_type":"btn-ram"}},"fef2dbec-955c-4c7f-998d-712595791701":{"type":"tab","settings":{"active":true,"title":"GDS® Hub™","tab_image":"shopify:\/\/shop_images\/gds-hub_4ce9c033-c831-4706-8e91-b88a67dc4adf.png","tab_image_hover":"shopify:\/\/shop_images\/gds-hub.png","url":"shopify:\/\/collections\/gds-technology-gds-hub","content_title":"","content":"","btn_label":"","btn_url":"","btn_type":"btn-ram"}},"3d0e50e1-165e-48b3-8264-44f8d643b765":{"type":"tab","settings":{"active":false,"title":"GDS® View™","tab_image":"shopify:\/\/shop_images\/gds-view.png","tab_image_hover":"shopify:\/\/shop_images\/gds-view_3cc0da66-0d2b-45bf-a26b-6497eac3b8e6.png","url":"shopify:\/\/collections\/gds-view-monitor","content_title":"","content":"","btn_label":"","btn_url":"","btn_type":"btn-ram"}},"77e4cc0f-b4ed-464f-875c-52aa3868419a":{"type":"tab","settings":{"active":false,"title":"GDS® Audio™","tab_image":"shopify:\/\/shop_images\/gds-audio_323a3af1-80f5-4435-b40b-643a0dc6be7f.png","tab_image_hover":"shopify:\/\/shop_images\/gds-audio_ed6768cf-60f9-47b0-91b0-ed5de36187a4.png","url":"shopify:\/\/collections\/gds-technology-gds-audio","content_title":"","content":"","btn_label":"","btn_url":"","btn_type":"btn-ram"}},"8fc9d189-eef4-4a53-ac01-9c63ad2e2896":{"type":"tab","settings":{"active":false,"title":"GDS® Module","tab_image":"shopify:\/\/shop_images\/gds-module_c441dee0-e349-4eac-bfe8-d60bb1dfe31a.png","tab_image_hover":"shopify:\/\/shop_images\/gds-module.png","url":"shopify:\/\/collections\/gds-technology-gds-module","content_title":"","content":"","btn_label":"","btn_url":"","btn_type":"btn-ram"}}},"block_order":["0951d21e-e017-477a-bf99-d7581ef3b075","ca38ab55-fc8a-4a49-9c58-195e73a2a91c","41625f25-0e35-4d59-99bd-26c2fd83d2be","06945291-4936-40f6-a3ac-c18c924ac7f3","beb0cd51-6feb-4217-9194-ef669cfd0ec5","377616ab-7d36-49b9-8194-b7a680e3eb2f","fef2dbec-955c-4c7f-998d-712595791701","3d0e50e1-165e-48b3-8264-44f8d643b765","77e4cc0f-b4ed-464f-875c-52aa3868419a","8fc9d189-eef4-4a53-ac01-9c63ad2e2896"],"settings":{"mobile_vertical_padding":"py-8","mobile_horizontal_padding":"px-8","desktop_vertical_padding":"md:py-0","desktop_horizontal_padding":"md:px-8","desktop_tab_span":"md:basis-1\/5","mobile_tab_span":"basis-1\/3","heading":"","copy":"","content_vertical_padding":"md:mt-10","heading_font_family":"font-heading","copy_font_family":"font-body","heading_bottom_spacing":0,"copy_bottom_spacing":0,"text_alignment":"text-center","desktop_heading_font_size":"md:text-xs","desktop_copy_font_size":"md:text-xs","mobile_heading_font_size":"text-sm","mobile_copy_font_size":"text-xs"}},"165634878564a15838":{"type":"ram-title-with-button","settings":{"text_alignment":"md:text-left","text_alignment_mobile":"text-left","heading":"GDS® Hub™","desktop_heading_font_size":"md:text-3xl","heading_font_size":"text-2xl","copy":"<p>Power your workflow and keep a wide range of devices, docks, and peripherals charged and connected in nearly any vehicle. Each GDS® Hub™ includes a hardwire charger and numerous ports, including USB, HDMI, micro connectors, and more.<\/p>","copy_font_size":"text-base","btn_label":"","btn_url":"#","btn_type":"btn-ram","section_bg_color":"#ffffff"}},"product-grid":{"type":"collection-template-boost-pfs-filter","settings":{}}},"order":["1652197927f9143f00","165783794527cb7dd3","165634878564a15838","product-grid"]}