{"sections":{"165634878564a15838":{"type":"ram-title-with-button","settings":{"text_alignment":"md:text-left","text_alignment_mobile":"text-left","heading":"PVC Pipe Components","desktop_heading_font_size":"md:text-3xl","heading_font_size":"text-2xl","copy":"<p>Build any custom RAM® PVC Pipe Mount using any of the interchangeable components below. PVC pipe mounts are intented only for light duty applications, kayaks and static environments. Not intended for heavy vibration, vehicles or extreme heat.<\/p>","copy_font_size":"text-base","btn_label":"","btn_url":"#","btn_type":"btn-ram","section_bg_color":"#ffffff"}},"product-grid":{"type":"collection-template-boost-pfs-filter","settings":{}}},"order":["165634878564a15838","product-grid"]}