{"sections":{"1652197927f9143f00":{"type":"hero","settings":{"section_id":"","desktop_image":"shopify:\/\/shop_images\/Spot_5723a5cf-5358-4fa3-bf27-f7ebf5b95c75.jpg","desktop_image_height":300,"content_desktop_alignment":"md:justify-start","text_desktop_alignment":"md:text-left","desktop_heading":"","desktop_subheading":"","copy":"","heading_tag":"h1","heading_font_size_desktop":"sm:text-5xl","heading_font_size_mobile":"text-3xl","desktop_button_text":"Click Here","desktop_button_link":"","desktop_button_text2":"","desktop_button_link2":"","desktop_text_color":"#ffffff","desktop_subheading_color":"#ffffff","button_bg":"#ffffff","button_hover_bg":"#000000","button_text":"#000000","button_hover_text":"#ffffff","button2_bg":"#ffffff","button2_border_bg":"#ffffff","button2_hover_bg":"#000000","button2_text":"#000000","button2_hover_text":"#ffffff","mobile_image_height":375,"text_mobile_alignment":"text-left","text_mobile_vertical_alignment":"justify-center","mobile_text_color":"#ffffff","mobile_button_color":"btn"}},"165634878564a15838":{"type":"ram-title-with-button","settings":{"text_alignment":"md:text-left","text_alignment_mobile":"text-left","heading":"SPOT Mounts","desktop_heading_font_size":"md:text-3xl","heading_font_size":"text-2xl","copy":"<p>RAM® Mounts offers form-fit cradles for a variety of SPOT GPS models. Simply select your unit to find the compatible cradle, then select an arm and mounting base. No matter where you mount your SPOT device, ensure it’s secure and accessible with RAM®. Explore the full line of SPOT holder and mounts below.<\/p>","copy_font_size":"text-base","btn_label":"","btn_url":"#","btn_type":"btn-ram","section_bg_color":"#ffffff"}},"product-grid":{"type":"collection-template-boost-pfs-filter","settings":{}}},"order":["1652197927f9143f00","165634878564a15838","product-grid"]}