{"sections":{"1652197927f9143f00":{"type":"hero","settings":{"section_id":"","desktop_image":"shopify:\/\/shop_images\/GoPro_e7948006-ed9e-4365-af7a-b2fa586e8d06.jpg","line_color":"#cd1e27","desktop_image_height":300,"content_desktop_alignment":"md:justify-start","text_desktop_alignment":"md:text-left","desktop_heading":"","desktop_subheading":"","copy":"","heading_tag":"h1","heading_font_size_desktop":"sm:text-5xl","heading_font_size_mobile":"text-3xl","desktop_button_text":"Click Here","desktop_button_link":"","desktop_button_text2":"","desktop_button_link2":"","desktop_text_color":"#ffffff","desktop_subheading_color":"#ffffff","button_bg":"#ffffff","button_hover_bg":"#000000","button_text":"#000000","button_hover_text":"#ffffff","button2_bg":"#ffffff","button2_border_bg":"#ffffff","button2_hover_bg":"#000000","button2_text":"#000000","button2_hover_text":"#ffffff","mobile_image_height":375,"text_mobile_alignment":"text-left","text_mobile_vertical_alignment":"justify-center","mobile_text_color":"#ffffff","mobile_button_color":"btn"}},"165634878564a15838":{"type":"ram-title-with-button","settings":{"text_alignment":"md:text-left","text_alignment_mobile":"text-left","heading":"GoPro® Camera Mounts","desktop_heading_font_size":"md:text-3xl","heading_font_size":"text-2xl","copy":"<p>With the turn of a single knob, set your GoPro® to capture the perfect shot with the rugged and modular RAM® ball and socket mounting system. Select from a wide range of kits and mounting bases to secure your GoPro® virtually anywhere.<\/p>","copy_font_size":"text-base","btn_label":"","btn_url":"#","btn_type":"btn-ram","section_bg_color":"#ffffff"}},"product-grid":{"type":"collection-template-boost-pfs-filter","settings":{}}},"order":["1652197927f9143f00","165634878564a15838","product-grid"]}