{"sections":{"165634878564a15838":{"type":"ram-title-with-button","settings":{"text_alignment":"md:text-left","text_alignment_mobile":"text-left","heading":"E Size 3.38\" Ball and Socket Components","desktop_heading_font_size":"md:text-3xl","heading_font_size":"text-2xl","copy":"<p>The E Size 3.38\" diameter ball can support up to 15 pounds and is the preferred ball to use for extreme-duty applications. Select any ball and socket components below to build your custom mount.<\/p>","copy_font_size":"text-base","btn_label":"","btn_url":"#","btn_type":"btn-ram","section_bg_color":"#ffffff"}},"product-grid":{"type":"collection-template-boost-pfs-filter","settings":{}}},"order":["165634878564a15838","product-grid"]}