{"sections":{"165634878564a15838":{"type":"ram-title-with-button","settings":{"text_alignment":"md:text-left","text_alignment_mobile":"text-left","heading":"A Size 9\/16\" Ball and Socket Components","desktop_heading_font_size":"md:text-3xl","heading_font_size":"text-2xl","copy":"<p>The A Size 9\/16\" diameter ball can support up to a half pound and is the preferred ball to use for any light duty applications with less bulk. Select any ball and socket components below to build your custom mount.<\/p>","copy_font_size":"text-base","btn_label":"","btn_url":"#","btn_type":"btn-ram","section_bg_color":"#ffffff"}},"product-grid":{"type":"collection-template-boost-pfs-filter","settings":{}}},"order":["165634878564a15838","product-grid"]}