{"sections":{"1651859474b8975540":{"type":"hero","settings":{"section_id":"","desktop_image":"shopify:\/\/shop_images\/Kayak_7b38ccdc-6802-47dd-a7a2-6274d98a295f.jpg","desktop_image_height":300,"content_desktop_alignment":"md:justify-start","text_desktop_alignment":"md:text-left","desktop_heading":"","desktop_subheading":"<p>test<\/p>","copy":"","heading_tag":"h1","heading_font_size_desktop":"sm:text-5xl","heading_font_size_mobile":"text-3xl","desktop_button_text":"Click Here","desktop_button_link":"","desktop_button_text2":"","desktop_button_link2":"","desktop_text_color":"#000000","desktop_subheading_color":"#ffffff","button_bg":"#ffffff","button_hover_bg":"#000000","button_text":"#000000","button_hover_text":"#ffffff","button2_bg":"#ffffff","button2_border_bg":"#ffffff","button2_hover_bg":"#000000","button2_text":"#000000","button2_hover_text":"#ffffff","mobile_image_height":375,"text_mobile_alignment":"text-left","text_mobile_vertical_alignment":"justify-center","mobile_text_color":"#ffffff","mobile_button_color":"btn"}},"1656345028d0b0854f":{"type":"ram-title-with-button","settings":{"text_alignment":"md:text-left","text_alignment_mobile":"text-left","heading":"Kayak Mounts","desktop_heading_font_size":"md:text-3xl","heading_font_size":"text-2xl","copy":"<p>Thanks to RAM® Mounts, kayakers and anglers can secure all of their gear easily and effectively to their kayak. Whether you are drilling down, adhering, or the increasingly popular track mounting option, you can secure your fishing rods, fishfinders, cameras, phones, and virtually anything else while out on the water.<\/p>","copy_font_size":"text-base","btn_label":"","btn_url":"#","btn_type":"btn-ram","section_bg_color":"#ffffff"}},"collection":{"type":"collection","blocks":{"a3bd9e09-699d-4894-8b72-0dc3a73fbbd4":{"type":"tab-collection","settings":{"collection":"kayak-fishfinder-mounts","tab":"Fishfinder Mounts"}},"f6c53133-20d1-4bde-a1c6-b34faf6da640":{"type":"tab-collection","settings":{"collection":"kayak-fishing-rod-holders","tab":"Rod Holders"}},"f180a8ec-12e0-4eb0-82c4-8a5189a1a72d":{"type":"tab-collection","settings":{"collection":"kayak-tough-track","tab":"RAM® Tough-Track™"}},"6ee71505-59cf-41bf-bee0-3023427e17a6":{"type":"tab-collection","settings":{"collection":"kayak-accessories","tab":"Accessories"}},"102aa149-1686-4f84-af9a-022b8745144f":{"type":"tab-collection","settings":{"collection":"kayak-components","tab":"Components"}}},"block_order":["a3bd9e09-699d-4894-8b72-0dc3a73fbbd4","f6c53133-20d1-4bde-a1c6-b34faf6da640","f180a8ec-12e0-4eb0-82c4-8a5189a1a72d","6ee71505-59cf-41bf-bee0-3023427e17a6","102aa149-1686-4f84-af9a-022b8745144f"],"settings":{"use_app":true,"collection_title":"","products_per_page":50,"hide_duplicated_families":false,"show_collection":false,"show_sort_filter":false,"show_ram_help":true}},"product-grid":{"type":"collection-template-boost-pfs-filter","settings":{}}},"order":["1651859474b8975540","1656345028d0b0854f","collection","product-grid"]}