{"sections":{"1651859474b8975540":{"type":"hero","settings":{"section_id":"","desktop_image":"shopify:\/\/shop_images\/Printers.jpg","line_color":"#cd1e27","desktop_image_height":300,"content_desktop_alignment":"md:justify-start","text_desktop_alignment":"md:text-left","desktop_heading":"","desktop_subheading":"<p>test<\/p>","copy":"","heading_tag":"h1","heading_font_size_desktop":"sm:text-5xl","heading_font_size_mobile":"text-3xl","desktop_button_text":"Click Here","desktop_button_link":"","desktop_button_text2":"","desktop_button_link2":"","desktop_text_color":"#000000","desktop_subheading_color":"#ffffff","button_bg":"#ffffff","button_hover_bg":"#000000","button_text":"#000000","button_hover_text":"#ffffff","button2_bg":"#ffffff","button2_border_bg":"#ffffff","button2_hover_bg":"#000000","button2_text":"#000000","button2_hover_text":"#ffffff","mobile_image":"shopify:\/\/shop_images\/printer-mobile.jpg","mobile_image_height":375,"text_mobile_alignment":"text-left","text_mobile_vertical_alignment":"justify-center","mobile_text_color":"#ffffff","mobile_button_color":"btn"}},"1656345028d0b0854f":{"type":"ram-title-with-button","settings":{"text_alignment":"md:text-left","text_alignment_mobile":"text-left","heading":"Device Mounts","desktop_heading_font_size":"md:text-3xl","heading_font_size":"text-2xl","copy":"<p>Build or select the perfect mount for your phone, tablet, camera, laptop, GPS, or printer for virtually any vehicle or environment. Simply select your make & model for any category to view all compatible kits and components.<\/p>","copy_font_size":"text-base","btn_label":"","btn_url":"#","btn_type":"btn-ram","section_bg_color":"#ffffff"}},"collection":{"type":"collection","blocks":{"a3bd9e09-699d-4894-8b72-0dc3a73fbbd4":{"type":"tab-collection","settings":{"collection":"device-mounts-phone-mounts","tab":"Phone Mounts"}},"f6c53133-20d1-4bde-a1c6-b34faf6da640":{"type":"tab-collection","settings":{"collection":"device-mounts-tablet-mounts","tab":"Tablet Mounts"}},"5a198f0c-defb-4c24-baef-18867bf2e896":{"type":"tab-collection","settings":{"collection":"device-mounts-camera-mounts","tab":"Camera Mounts"}},"d04fb1e9-9df2-4ef4-a52e-bec55e848a31":{"type":"tab-collection","settings":{"collection":"device-mounts-laptop-mounts","tab":"Laptop Mounts"}},"f974601a-ee87-47eb-b95e-9d785ca7a00b":{"type":"tab-collection","settings":{"collection":"device-mounts-gps-mounts","tab":"GPS Mounts"}},"0b157ca2-073a-471f-9dbf-f57b1d761ce1":{"type":"tab-collection","settings":{"collection":"device-mounts-printer-mounts","tab":"Printer Mounts"}}},"block_order":["a3bd9e09-699d-4894-8b72-0dc3a73fbbd4","f6c53133-20d1-4bde-a1c6-b34faf6da640","5a198f0c-defb-4c24-baef-18867bf2e896","d04fb1e9-9df2-4ef4-a52e-bec55e848a31","f974601a-ee87-47eb-b95e-9d785ca7a00b","0b157ca2-073a-471f-9dbf-f57b1d761ce1"],"settings":{"use_app":true,"collection_title":"","products_per_page":50,"hide_duplicated_families":false,"show_collection":false,"show_sort_filter":false,"show_ram_help":true}},"product-grid":{"type":"collection-template-boost-pfs-filter","settings":{}}},"order":["1651859474b8975540","1656345028d0b0854f","collection","product-grid"]}