{"sections":{"165634878564a15838":{"type":"ram-title-with-button","settings":{"text_alignment":"md:text-left","text_alignment_mobile":"text-left","heading":"Octagon Button Adapter Components","desktop_heading_font_size":"md:text-3xl","heading_font_size":"text-2xl","copy":"<p>The RAM® Octagon Button Adapter is a unique component adapter that allows the ability to integrate single socket arms or join to two single socket arms together that creates an independing swivel function. Choose from a wide variated of components below.<\/p>","copy_font_size":"text-base","btn_label":"","btn_url":"#","btn_type":"btn-ram","section_bg_color":"#ffffff"}},"product-grid":{"type":"collection-template-boost-pfs-filter","settings":{}}},"order":["165634878564a15838","product-grid"]}