{"sections":{"163372909799360c89":{"type":"hero","settings":{"section_id":"","desktop_image_height":500,"content_desktop_alignment":"md:justify-start","text_desktop_alignment":"md:text-left","desktop_heading":"","desktop_subheading":"","copy":"","heading_tag":"h1","heading_font_size_desktop":"sm:text-4xl","heading_font_size_mobile":"text-3xl","desktop_button_text":"","desktop_button_link":"","desktop_button_text2":"","desktop_button_link2":"","desktop_text_color":"#ffffff","desktop_subheading_color":"#FFFFFF","button_bg":"#ffffff","button_hover_bg":"#000000","button_text":"#000000","button_hover_text":"#ffffff","button2_bg":"#FFFFFF","button2_border_bg":"#FFFFFF","button2_hover_bg":"#000000","button2_text":"#000000","button2_hover_text":"#FFFFFF","mobile_image_height":600,"text_mobile_alignment":"text-left","text_mobile_vertical_alignment":"justify-center","mobile_text_color":"#ffffff","mobile_button_color":"#ffffff"}},"165186087302f141ae":{"type":"collection-description","settings":{"text_alignment":"text-left","copy_font_size":"text-base","full_width":false}},"collection":{"type":"collection","blocks":{"2c7ad874-3c3f-47e8-bdd6-f8b27486250f":{"type":"sidebar-color-tag","settings":{"color_hex":"#000000","color_tag":"Color: Black"}},"bcd2d92e-0c8e-4ed2-bc0c-7b96a1a34547":{"type":"sidebar-color-tag","settings":{"color_hex":"#e22120","color_tag":"Color: Red"}},"6a6fc33a-5193-41af-a24d-fa876b9911b3":{"type":"sidebar-color-tag","settings":{"color_hex":"#1878b9","color_tag":"Color: Blue"}},"2bf21650-d65e-481a-9180-908f8b8910d8":{"type":"sidebar-color-tag","settings":{"color_hex":"#2eb34d","color_tag":"Color: Green"}},"df0f2979-368a-41c9-95bc-7d95bce884d2":{"type":"sidebar-color-tag","settings":{"color_hex":"#7c278c","color_tag":"Color: Purple"}},"766cae35-6093-4a7d-ba0f-d3a056e12360":{"type":"sidebar-lens-tag","settings":{"tag":"Tags:Clear","label":"Clear"}}},"block_order":["2c7ad874-3c3f-47e8-bdd6-f8b27486250f","bcd2d92e-0c8e-4ed2-bc0c-7b96a1a34547","6a6fc33a-5193-41af-a24d-fa876b9911b3","2bf21650-d65e-481a-9180-908f8b8910d8","df0f2979-368a-41c9-95bc-7d95bce884d2","766cae35-6093-4a7d-ba0f-d3a056e12360"],"settings":{"collection_title":"","products_per_page":15,"hide_duplicated_families":false,"show_collection":false,"show_sort_filter":true,"show_ram_help":false}}},"order":["163372909799360c89","165186087302f141ae","collection"]}