{"sections":{"165634878564a15838":{"type":"ram-title-with-button","settings":{"text_alignment":"md:text-left","text_alignment_mobile":"text-left","heading":"RAM® Pod HD™ Products","desktop_heading_font_size":"md:text-3xl","heading_font_size":"text-2xl","copy":"<p>The RAM® Pod HD™ is a rugged floor mounting option for tablets that adapts to the left passenger seat bolt of any compatible vehicle. <strong>Insert link to help with compatibility.<\/strong><\/p>","copy_font_size":"text-base","btn_label":"","btn_url":"#","btn_type":"btn-ram","section_bg_color":"#ffffff"}},"product-grid":{"type":"collection-template-boost-pfs-filter","settings":{}}},"order":["165634878564a15838","product-grid"]}