{"sections":{"1646169447ff79cdc0":{"type":"hero-carousel","blocks":{"8a2db543-1562-48c8-a0f1-7b42f1956cf5":{"type":"slide","settings":{"page_url":"shopify:\/\/pages\/zebra-tc73-tc78","desktop_image":"shopify:\/\/shop_images\/zebra-TC73-TC78-main-banner.jpg","video_url":"","mobile_image":"shopify:\/\/shop_images\/mobile-zebra-TC73-TC78-main-banner.jpg","mobile_video_url":"","slide_btn_color":"#000000"}},"95e134fb-e7cc-408c-b39c-3b75eacf4abf":{"type":"slide","settings":{"page_url":"shopify:\/\/products\/ram-gds-roto2u","desktop_image":"shopify:\/\/shop_images\/roto-mag-banner_d096b101-8381-4dbe-919c-c829d1c6e6ed.jpg","video_url":"","mobile_image":"shopify:\/\/shop_images\/mobile-roto-mag-banner_d123df3b-9d55-4c33-987b-3e6be32b90ec.jpg","mobile_video_url":"","slide_btn_color":"#ffffff"}},"afe5c556-a570-4def-ac96-2b9ac30b38e9":{"type":"slide","settings":{"page_url":"shopify:\/\/pages\/zebra-et8","desktop_image":"shopify:\/\/shop_images\/zebra-et8x-main-banner_a9a905a5-2504-4dfe-8644-935674e81a87.gif","video_url":"","mobile_image":"shopify:\/\/shop_images\/mobile-zebra-et8x-main-banner_92672a6c-e76b-4f86-a4b5-14c50fee11e8.jpg","mobile_video_url":"","slide_btn_color":"#ffffff"}},"375f9a74-f6de-4e5a-9160-7612c8328a0e":{"type":"slide","settings":{"page_url":"https:\/\/rammount.com\/pages\/galaxy-tab-active4-pro","desktop_image":"shopify:\/\/shop_images\/tab-active4-pro-banner.jpg","video_url":"","mobile_image":"shopify:\/\/shop_images\/mobile-tab-active4-pro-banner.jpg","mobile_video_url":"","slide_btn_color":"#ffffff"}},"3330ff6a-c0cd-4c09-bd6a-d04dc6d731b4":{"type":"slide","settings":{"page_url":"\/collections\/laptop-mounts-full-kits","desktop_image":"shopify:\/\/shop_images\/2023-vb_banner_16ce31aa-9e4a-406b-964f-ed71ced0c734.jpg","video_url":"","mobile_image":"shopify:\/\/shop_images\/mobile-2023-vb_banner.jpg","mobile_video_url":"","slide_btn_color":"#000000"}},"1efee9ec-b3dd-407d-a31b-7b12c6464031":{"type":"slide","settings":{"page_url":"https:\/\/rammount.com\/collections\/apple-iphone-mounts?pf_mlt_device_make_model=Apple&pf_mlt_device_make_model_and_condition=true","desktop_image":"shopify:\/\/shop_images\/iphone14_banner.jpg","video_url":"","mobile_image":"shopify:\/\/shop_images\/mobile-iphone14-banner.jpg","mobile_video_url":"","slide_btn_color":"#ffffff"}},"651c6e8d-e876-451d-8c72-684d6d9f1d6f":{"type":"slide","settings":{"page_url":"shopify:\/\/pages\/zebra-et40-et45","desktop_image":"shopify:\/\/shop_images\/zebra-et40-et45-tablet-banner.jpg","video_url":"","mobile_image":"shopify:\/\/shop_images\/mobile-zebra-et40-et45-banner_0fb15311-d387-478f-a7fa-c22355773ca3.jpg","mobile_video_url":"","slide_btn_color":"#000000"}},"9d1dde52-d9bf-40d5-b27d-a5cc63a3c9e1":{"type":"slide","settings":{"page_url":"shopify:\/\/pages\/on-road-rv-motorhome","desktop_image":"shopify:\/\/shop_images\/vanlife-banner_ce37aa2f-6302-454d-83b5-1d1670c7128e.jpg","video_url":"","mobile_image":"shopify:\/\/shop_images\/mobile-vanlife-banner.jpg","mobile_video_url":"","slide_btn_color":"#000000"}},"ebd5b8cb-cd19-45ba-9725-72162b4dca87":{"type":"slide","settings":{"page_url":"https:\/\/rammount.com\/collections\/sonim?pf_mlt_device_make_model=Sonim&pf_mlt_device_make_model=XP5plus&pf_mlt_device_make_model_and_condition=true","desktop_image":"shopify:\/\/shop_images\/sonim-xp5plus-banner_75f39880-7f37-42a0-a5ed-5cfba75928b3.jpg","video_url":"","mobile_image":"shopify:\/\/shop_images\/mobile-sonim-xp5plus-banner_c8230168-5697-4e67-8381-0fbd1a0af769.jpg","mobile_video_url":"","slide_btn_color":"#ffffff"}},"c711a7e7-bf68-4880-91ab-dc3a73f4b60c":{"type":"slide","settings":{"page_url":"shopify:\/\/pages\/samsung-xcover6-pro","desktop_image":"shopify:\/\/shop_images\/samsung-xcover6pro-banner.jpg","video_url":"","mobile_image":"shopify:\/\/shop_images\/mobile-xcover6pro-banner_dccbe618-2643-4327-90e1-bfe6c0145b3e.jpg","mobile_video_url":"","slide_btn_color":"#ffffff"}},"29ad48a2-861a-4496-83cc-d6dc3c1d6880":{"type":"slide","settings":{"page_url":"shopify:\/\/collections\/panasonic-tablet","desktop_image":"shopify:\/\/shop_images\/panasonic-fza3-banner_864717d4-386e-43a9-a91d-46aa6bdf3a5e.jpg","video_url":"","mobile_image":"shopify:\/\/shop_images\/mobile-panasonic-fza3-banner.jpg","mobile_video_url":"","slide_btn_color":"#ffffff"}}},"block_order":["8a2db543-1562-48c8-a0f1-7b42f1956cf5","95e134fb-e7cc-408c-b39c-3b75eacf4abf","afe5c556-a570-4def-ac96-2b9ac30b38e9","375f9a74-f6de-4e5a-9160-7612c8328a0e","3330ff6a-c0cd-4c09-bd6a-d04dc6d731b4","1efee9ec-b3dd-407d-a31b-7b12c6464031","651c6e8d-e876-451d-8c72-684d6d9f1d6f","9d1dde52-d9bf-40d5-b27d-a5cc63a3c9e1","ebd5b8cb-cd19-45ba-9725-72162b4dca87","c711a7e7-bf68-4880-91ab-dc3a73f4b60c","29ad48a2-861a-4496-83cc-d6dc3c1d6880"],"settings":{"enable_arrow":true,"enable_autoplay":true,"slider_speed":2}},"164139700812ae5248":{"type":"icon-row","blocks":{"ad8ee00f-b54e-47f5-8bcc-79bcc41011a2":{"type":"image_icon","settings":{"image":"shopify:\/\/shop_images\/phone-icon-rammounts.png","text":"<p>Phone Mounts<\/p>","url":"\/collections\/phone-mounts-complete-kits","desktop_text_font_size":"md:text-base","mobile_text_font_size":"text-base"}},"9832f1f4-0258-4a8d-b03b-49e4872a18c1":{"type":"image_icon","settings":{"image":"shopify:\/\/shop_images\/tablet-icon-rammounts.png","text":"<p>Tablet Mounts<\/p>","url":"shopify:\/\/collections\/tablet-mounts-holders","desktop_text_font_size":"md:text-base","mobile_text_font_size":"text-base"}},"d0dc1544-3874-4831-bcb2-2e9c47240d31":{"type":"image_icon","settings":{"image":"shopify:\/\/shop_images\/components-icon-rammounts.png","text":"<p>Components<\/p>","url":"\/pages\/components","desktop_text_font_size":"md:text-base","mobile_text_font_size":"text-base"}},"302a060f-d7d1-43ae-95ed-b4e9fb8a52e8":{"type":"image_icon","settings":{"image":"shopify:\/\/shop_images\/laptop-icon-rammounts.png","text":"<p>Laptop Mounts<\/p>","url":"\/collections\/laptop-mounts-full-kits","desktop_text_font_size":"md:text-base","mobile_text_font_size":"text-base"}},"d149cd32-1dbb-4f33-991c-ad66c8b55b3d":{"type":"image_icon","settings":{"image":"shopify:\/\/shop_images\/fishing-icon-rammounts.png","text":"<p>Fishing Mounts<\/p>","url":"\/collections\/powerboat-fishfinder-mounts","desktop_text_font_size":"md:text-base","mobile_text_font_size":"text-base"}},"22dce42f-4d77-47cf-9777-4a355fd96303":{"type":"image_icon","settings":{"image":"shopify:\/\/shop_images\/drink-holder-icon-rammounts.png","text":"<p>Drink Holders<\/p>","url":"\/search?pf_t_device=Drink&q=","desktop_text_font_size":"md:text-base","mobile_text_font_size":"text-base"}},"d75ab00b-f39a-408b-869d-30ba7e2c0984":{"type":"image_icon","settings":{"image":"shopify:\/\/shop_images\/xgrip-icon-rammounts.png","text":"<p>RAM® X-Grip®<\/p>","url":"\/collections\/ram-x-grip-phone-mounts","desktop_text_font_size":"md:text-base","mobile_text_font_size":"text-base"}},"376c7ddb-790a-483c-99c8-d3e58cbb8e75":{"type":"image_icon","settings":{"image":"shopify:\/\/shop_images\/motorcycle-icon-rammounts.png","text":"<p>Motorcycle Mounts<\/p>","url":"\/collections\/motorcycle-phone-mounts","desktop_text_font_size":"md:text-base","mobile_text_font_size":"text-base"}}},"block_order":["ad8ee00f-b54e-47f5-8bcc-79bcc41011a2","9832f1f4-0258-4a8d-b03b-49e4872a18c1","d0dc1544-3874-4831-bcb2-2e9c47240d31","302a060f-d7d1-43ae-95ed-b4e9fb8a52e8","d149cd32-1dbb-4f33-991c-ad66c8b55b3d","22dce42f-4d77-47cf-9777-4a355fd96303","d75ab00b-f39a-408b-869d-30ba7e2c0984","376c7ddb-790a-483c-99c8-d3e58cbb8e75"],"settings":{"section_bg_color":"#ffffff","section_class":"","full_width":false,"red_line":false,"enable_slider":true,"slider_speed":2,"slider_slides":8,"desktop_per_row":"w-max","mobile_per_row":"w-1\/4","justify_items":"justify-around","icon_height":100,"icon_size":225,"icon_space":16,"icon_font_size":"text-xs","icon_font_family":"font-body","icon_text_space":16,"mobile_vertical_padding":"py-4","mobile_horizontal_padding":"px-4","desktop_vertical_padding":"md:py-4","desktop_horizontal_padding":"md:px-0","heading":"","copy":"","heading_font_family":"font-body","copy_font_family":"font-body","heading_bottom_spacing":16,"copy_bottom_spacing":16,"text_alignment":"text-center","desktop_heading_font_size":"md:text-base","desktop_copy_font_size":"md:text-sm","mobile_heading_font_size":"text-xl","mobile_copy_font_size":"text-base"}},"1646081857cbbae814":{"type":"multicolumn","blocks":{"16460818578e07ad8b-0":{"type":"multicolumn-block","settings":{"column_image":"shopify:\/\/shop_images\/ram-mount-builder_58194e1f-50dc-46b6-b7c3-d7a4097e14c7.jpg","heading":"<p>RAM® Mount Builder<\/p>","copy":"<p>Build your mount in 3 easy steps <\/p>","cta_label":"FIND YOUR SOLUTION","cta_url":"\/pages\/mount-builder","text_color":"#000000","button_text_color":"#000000","button_text_color_hover":"#000000","mobile_heading_font_size":"text-xl","desktop_heading_font_size":"md:text-xl","mobile_button_font_size":"text-base","desktop_button_font_size":"md:text-sm","copy_bottom_spacing":16,"desktop_col_span":"md:w-full","custom_mount":false,"show_ymm":false}},"55066812-7e62-4a0e-a216-0a560915c8a1":{"type":"multicolumn-block","settings":{"heading":"","copy":"","cta_label":"","cta_url":"","text_color":"#ffffff","button_text_color":"#000000","button_text_color_hover":"#ffffff","mobile_heading_font_size":"text-xl","desktop_heading_font_size":"md:text-lg","mobile_button_font_size":"text-base","desktop_button_font_size":"md:text-sm","copy_bottom_spacing":16,"desktop_col_span":"md:w-full","custom_mount":false,"show_ymm":true}},"a7e9dfb3-36e6-4041-80af-1ce2a1faeb0f":{"type":"multicolumn-block","settings":{"column_image":"shopify:\/\/shop_images\/components-feature_29e9432b-4e4d-4864-9c4b-cd4c47e64866.jpg","heading":"<p>Components<\/p>","copy":"<p>Need a specific part? <\/p>","cta_label":"BUY NOW","cta_url":"\/pages\/components","text_color":"#000000","button_text_color":"#000000","button_text_color_hover":"#000000","mobile_heading_font_size":"text-xl","desktop_heading_font_size":"md:text-xl","mobile_button_font_size":"text-base","desktop_button_font_size":"md:text-base","copy_bottom_spacing":12,"desktop_col_span":"md:w-1\/2","custom_mount":false,"show_ymm":false}},"32df0b5e-d9f3-43a8-950e-18893ef1d6d7":{"type":"multicolumn-block","settings":{"column_image":"shopify:\/\/shop_images\/x-grip-family_1.jpg","heading":"<p>RAM® X-Grip®<\/p>","copy":"<p>Universal phone and tablet holders <\/p>","cta_label":"BUY NOW","cta_url":"\/pages\/ram-x-grip","text_color":"#000000","button_text_color":"#000000","button_text_color_hover":"#000000","mobile_heading_font_size":"text-xl","desktop_heading_font_size":"md:text-xl","mobile_button_font_size":"text-base","desktop_button_font_size":"md:text-base","copy_bottom_spacing":12,"desktop_col_span":"md:w-1\/2","custom_mount":false,"show_ymm":false}},"a29603a5-c74e-4b49-a761-d2a3b6dda702":{"type":"multicolumn-block","settings":{"column_image":"shopify:\/\/shop_images\/custom-vehicle-mounts.jpg","heading":"<p> Custom Vehicle Mounts<\/p>","copy":"<p>Select your vehicle for custom tablet & laptop mounts <\/p>","cta_label":"Buy Now","cta_url":"\/collections\/laptop-mounts-full-kits","text_color":"#000000","button_text_color":"#000000","button_text_color_hover":"#000000","mobile_heading_font_size":"text-xl","desktop_heading_font_size":"md:text-xl","mobile_button_font_size":"text-base","desktop_button_font_size":"md:text-base","copy_bottom_spacing":16,"desktop_col_span":"md:w-full","custom_mount":true,"show_ymm":false}},"908948d0-1451-48da-861b-16264e0b2b3f":{"type":"multicolumn-block","settings":{"column_image":"shopify:\/\/shop_images\/wireless-charging-mounts.jpg","heading":"<p>Go Wireless<br\/><\/p>","copy":"<p>Phone mounts with built-in wireless charger<\/p>","cta_label":"SHOP WIRELESS CHARGERS","cta_url":"\/collections\/phone-mounts-wireless-chargers","text_color":"#000000","button_text_color":"#000000","button_text_color_hover":"#000000","mobile_heading_font_size":"text-xl","desktop_heading_font_size":"md:text-xl","mobile_button_font_size":"text-base","desktop_button_font_size":"md:text-base","copy_bottom_spacing":12,"desktop_col_span":"md:w-1\/2","custom_mount":false,"show_ymm":false}},"dbd095ca-2baa-4b77-8d13-c4e4f382bc88":{"type":"multicolumn-block","settings":{"column_image":"shopify:\/\/shop_images\/magsafe-mounts.jpg","heading":"<p>MagSafe Compatible<\/p>","copy":"<p>MagSafe Car Mounts <\/p>","cta_label":"BUY NOW","cta_url":"\/collections\/apple-magsafe-mounts","text_color":"#000000","button_text_color":"#000000","button_text_color_hover":"#000000","mobile_heading_font_size":"text-xl","desktop_heading_font_size":"md:text-xl","mobile_button_font_size":"text-base","desktop_button_font_size":"md:text-base","copy_bottom_spacing":12,"desktop_col_span":"md:w-1\/2","custom_mount":false,"show_ymm":false}},"2d86f506-408c-483b-b3bd-f9fd32bacbed":{"type":"multicolumn-block","settings":{"column_image":"shopify:\/\/shop_images\/quickgrip_1.jpg","heading":"<p>RAM® Quick-Grip™<\/p>","copy":"<p>Universal one-handed docking phone holder <\/p>","cta_label":"BUY NOW","cta_url":"\/search?pf_t_product_line=Quick-Grip+XL&q=","text_color":"#000000","button_text_color":"#000000","button_text_color_hover":"#000000","mobile_heading_font_size":"text-xl","desktop_heading_font_size":"md:text-xl","mobile_button_font_size":"text-base","desktop_button_font_size":"md:text-base","copy_bottom_spacing":12,"desktop_col_span":"md:w-1\/2","custom_mount":false,"show_ymm":false}},"2f5dc8bf-a6ad-4ba8-a1d8-026a7c0ba460":{"type":"multicolumn-block","settings":{"column_image":"shopify:\/\/shop_images\/quick-grip-feature-ram-mounts.jpg","heading":"<p>Motorcycle Mounts<\/p>","copy":"<p>Best motorcycle mounts on the market<\/p>","cta_label":"BUY NOW","cta_url":"\/collections\/motorcycle-phone-mounts","text_color":"#000000","button_text_color":"#000000","button_text_color_hover":"#000000","mobile_heading_font_size":"text-xl","desktop_heading_font_size":"md:text-xl","mobile_button_font_size":"text-base","desktop_button_font_size":"md:text-base","copy_bottom_spacing":12,"desktop_col_span":"md:w-1\/2","custom_mount":false,"show_ymm":false}}},"block_order":["16460818578e07ad8b-0","55066812-7e62-4a0e-a216-0a560915c8a1","a7e9dfb3-36e6-4041-80af-1ce2a1faeb0f","32df0b5e-d9f3-43a8-950e-18893ef1d6d7","a29603a5-c74e-4b49-a761-d2a3b6dda702","908948d0-1451-48da-861b-16264e0b2b3f","dbd095ca-2baa-4b77-8d13-c4e4f382bc88","2d86f506-408c-483b-b3bd-f9fd32bacbed","2f5dc8bf-a6ad-4ba8-a1d8-026a7c0ba460"],"settings":{"section_class":"","full_width":false,"column_padding":"px-0","tile_font_family":"font-body","mobile_vertical_padding":"py-8","mobile_horizontal_padding":"px-4","desktop_vertical_padding":"md:py-12","desktop_horizontal_padding":"md:px-8","heading_tag":"h2","heading":"","copy":"","heading_font_family":"font-heading","copy_font_family":"font-body","heading_bottom_spacing":16,"copy_bottom_spacing":16,"text_alignment":"text-center","desktop_heading_font_size":"md:text-xl","desktop_copy_font_size":"md:text-lg","mobile_heading_font_size":"text-xl","mobile_copy_font_size":"text-base"}},"1646082583f11f02ef":{"type":"masonry","blocks":{"164608258378c169ee-0":{"type":"masonry-block","settings":{"background_image":"shopify:\/\/shop_images\/at-home_a6d1e51f-bf70-4629-97bf-0ff4afc58c7c.jpg","copy":"<p>At Home<\/p>","cta_label":"EXPLORE","cta_url":"\/pages\/at-home","text_color":"#ffffff","button_text_color":"#ffffff","button_text_color_hover":"#ffffff","mobile_heading_font_size":"text-xl","desktop_heading_font_size":"md:text-xl","mobile_button_font_size":"text-base","desktop_button_font_size":"md:text-base","copy_bottom_spacing":16,"content_position_dt":"md:items-center md:justify-center md:text-center","desktop_col_span":"md:col-span-1","desktop_row_span":"md:row-span-1","content_position":"items-center justify-center text-center","mobile_col_span":"col-span-2","mobile_row_span":"row-span-1"}},"9ea55363-6cd4-4b94-83f0-295ef0ec6865":{"type":"masonry-block","settings":{"background_image":"shopify:\/\/shop_images\/on-road_07b30219-9ef1-4616-9e91-90aa6460c6ab.jpg","copy":"<p>On Road<\/p>","cta_label":"EXPLORE","cta_url":"shopify:\/\/pages\/on-road","text_color":"#ffffff","button_text_color":"#ffffff","button_text_color_hover":"#ffffff","mobile_heading_font_size":"text-xl","desktop_heading_font_size":"md:text-xl","mobile_button_font_size":"text-base","desktop_button_font_size":"md:text-base","copy_bottom_spacing":16,"content_position_dt":"md:items-center md:justify-center md:text-center","desktop_col_span":"md:col-span-1","desktop_row_span":"md:row-span-2","content_position":"items-center justify-center text-center","mobile_col_span":"col-span-2","mobile_row_span":"row-span-1"}},"ec3ca84d-5b3b-4fc5-ab9b-23d58a9be20f":{"type":"masonry-block","settings":{"background_image":"shopify:\/\/shop_images\/on-water_35f2c8c9-72fb-465b-9012-7bd10dc6e50a.jpg","copy":"<p>On Water<\/p>","cta_label":"EXPLORE","cta_url":"shopify:\/\/pages\/on-water","text_color":"#ffffff","button_text_color":"#ffffff","button_text_color_hover":"#ffffff","mobile_heading_font_size":"text-xl","desktop_heading_font_size":"md:text-xl","mobile_button_font_size":"text-base","desktop_button_font_size":"md:text-base","copy_bottom_spacing":16,"content_position_dt":"md:items-center md:justify-center md:text-center","desktop_col_span":"md:col-span-1","desktop_row_span":"md:row-span-1","content_position":"items-center justify-center text-center","mobile_col_span":"col-span-2","mobile_row_span":"row-span-1"}},"ae892eaa-d2c2-4822-8441-b52500329545":{"type":"masonry-block","settings":{"background_image":"shopify:\/\/shop_images\/off-road_e7b6fafc-6be8-4656-9419-71bc0df8ccb8.jpg","copy":"<p>Off Road<\/p>","cta_label":"EXPLORE","cta_url":"shopify:\/\/pages\/off-road","text_color":"#ffffff","button_text_color":"#ffffff","button_text_color_hover":"#ffffff","mobile_heading_font_size":"text-xl","desktop_heading_font_size":"md:text-xl","mobile_button_font_size":"text-base","desktop_button_font_size":"md:text-base","copy_bottom_spacing":16,"content_position_dt":"md:items-center md:justify-center md:text-center","desktop_col_span":"md:col-span-1","desktop_row_span":"md:row-span-1","content_position":"items-center justify-center text-center","mobile_col_span":"col-span-2","mobile_row_span":"row-span-1"}},"cb3af3e2-73ea-4aa0-8701-3279af8996bc":{"type":"masonry-block","settings":{"background_image":"shopify:\/\/shop_images\/in-air_0d87a502-58ae-4aa6-92f5-b2d9c977a2f2.jpg","copy":"<p>In Air<\/p>","cta_label":"EXPLORE","cta_url":"shopify:\/\/pages\/in-air","text_color":"#ffffff","button_text_color":"#ffffff","button_text_color_hover":"#ffffff","mobile_heading_font_size":"text-xl","desktop_heading_font_size":"md:text-xl","mobile_button_font_size":"text-base","desktop_button_font_size":"md:text-base","copy_bottom_spacing":16,"content_position_dt":"md:items-center md:justify-center md:text-center","desktop_col_span":"md:col-span-1","desktop_row_span":"md:row-span-1","content_position":"items-center justify-center text-center","mobile_col_span":"col-span-2","mobile_row_span":"row-span-1"}},"e28ccdf9-6667-4329-b0a2-5124680d4a05":{"type":"masonry-block","settings":{"background_image":"shopify:\/\/shop_images\/accessibility_85143289-c77f-439f-b6d1-37a081b08673.jpg","copy":"<p>Accessibility<\/p>","cta_label":"EXPLORE","cta_url":"shopify:\/\/pages\/at-home-accessibility","text_color":"#ffffff","button_text_color":"#ffffff","button_text_color_hover":"#ffffff","mobile_heading_font_size":"text-xl","desktop_heading_font_size":"md:text-xl","mobile_button_font_size":"text-base","desktop_button_font_size":"md:text-base","copy_bottom_spacing":16,"content_position_dt":"md:items-center md:justify-center md:text-center","desktop_col_span":"md:col-span-3","desktop_row_span":"md:row-span-1","content_position":"items-center justify-center text-center","mobile_col_span":"col-span-2","mobile_row_span":"row-span-1"}}},"block_order":["164608258378c169ee-0","9ea55363-6cd4-4b94-83f0-295ef0ec6865","ec3ca84d-5b3b-4fc5-ab9b-23d58a9be20f","ae892eaa-d2c2-4822-8441-b52500329545","cb3af3e2-73ea-4aa0-8701-3279af8996bc","e28ccdf9-6667-4329-b0a2-5124680d4a05"],"settings":{"section_class":"","full_width":false,"grid_gap":"gap-8","tile_font_family":"font-body","mobile_vertical_padding":"py-8","mobile_horizontal_padding":"px-4","desktop_vertical_padding":"md:py-12","desktop_horizontal_padding":"md:px-8","heading_tag":"h2","heading":"<p>Built For Your Lifestyle<\/p>","copy":"","heading_font_family":"font-body","copy_font_family":"font-body","heading_bottom_spacing":40,"copy_bottom_spacing":16,"text_alignment":"text-center","desktop_heading_font_size":"md:text-3xl","desktop_copy_font_size":"md:text-base","mobile_heading_font_size":"text-xl","mobile_copy_font_size":"text-base"}},"1646083206f03b693a":{"type":"icon-row","blocks":{"595c76d6-bd6a-4c45-b1c1-56e14bc9cb42":{"type":"image_icon","settings":{"image":"shopify:\/\/shop_images\/tractor.png","text":"<p>Agriculture<\/p>","url":"shopify:\/\/pages\/agriculture","desktop_text_font_size":"md:text-lg","mobile_text_font_size":"text-lg"}},"cbea6d08-0976-4eb7-8bf4-6582508c0f35":{"type":"image_icon","settings":{"image":"shopify:\/\/shop_images\/plane.png","text":"<p>Aviation<\/p>","url":"shopify:\/\/pages\/aviation","desktop_text_font_size":"md:text-lg","mobile_text_font_size":"text-lg"}},"d1a26a83-a691-419f-a523-3918aea5a707":{"type":"image_icon","settings":{"image":"shopify:\/\/shop_images\/helmet-safety.png","text":"<p>Construction<\/p>","url":"shopify:\/\/pages\/construction","desktop_text_font_size":"md:text-lg","mobile_text_font_size":"text-lg"}},"0f18a572-c53b-4567-a9f1-45a11b5a233e":{"type":"image_icon","settings":{"image":"shopify:\/\/shop_images\/truck-fast.png","text":"<p>Field Service<\/p>","url":"shopify:\/\/pages\/field-service","desktop_text_font_size":"md:text-lg","mobile_text_font_size":"text-lg"}},"1c39f07e-5b7f-4496-8b79-043797c1c1c0":{"type":"image_icon","settings":{"image":"shopify:\/\/shop_images\/shield.png","text":"<p>Healthcare<\/p>","url":"shopify:\/\/pages\/healthcare","desktop_text_font_size":"md:text-lg","mobile_text_font_size":"text-lg"}},"0a475041-1df1-4216-b9e9-8ae03d350f99":{"type":"image_icon","settings":{"image":"shopify:\/\/shop_images\/landmark.png","text":"<p>Government<\/p>","url":"shopify:\/\/pages\/government","desktop_text_font_size":"md:text-lg","mobile_text_font_size":"text-lg"}},"31872a42-323f-41ec-870f-c912505e7a58":{"type":"image_icon","settings":{"image":"shopify:\/\/shop_images\/water.png","text":"<p>Marine<\/p>","url":"shopify:\/\/pages\/marine","desktop_text_font_size":"md:text-lg","mobile_text_font_size":"text-lg"}},"23fd2721-fc4c-4b5e-818e-1716367de52b":{"type":"image_icon","settings":{"image":"shopify:\/\/shop_images\/truck-ramp-box.png","text":"<p>Material Handling<\/p>","url":"shopify:\/\/pages\/material-handling","desktop_text_font_size":"md:text-lg","mobile_text_font_size":"text-lg"}},"4c323f00-5145-4575-a55e-9ef589ea7c8a":{"type":"image_icon","settings":{"image":"shopify:\/\/shop_images\/motorcycle.png","text":"<p>Powersports<\/p>","url":"shopify:\/\/pages\/powersports","desktop_text_font_size":"md:text-lg","mobile_text_font_size":"text-lg"}},"a5ed3297-266e-4e5d-bf84-1b5f1648b868":{"type":"image_icon","settings":{"image":"shopify:\/\/shop_images\/shield_27de887e-fbde-4c49-9825-0822f67fd571.png","text":"<p>Public Safety<\/p>","url":"shopify:\/\/pages\/public-safety","desktop_text_font_size":"md:text-lg","mobile_text_font_size":"text-lg"}},"e513cf12-b02c-42ae-b4e0-42aa824d11ac":{"type":"image_icon","settings":{"image":"shopify:\/\/shop_images\/money-bill-1.png","text":"<p>Retail<\/p>","url":"shopify:\/\/pages\/retail","desktop_text_font_size":"md:text-lg","mobile_text_font_size":"text-lg"}},"9c1a229a-6e1f-4f3f-b0b2-1be25b1fcecb":{"type":"image_icon","settings":{"image":"shopify:\/\/shop_images\/truck.png","text":"<p>Transportation<\/p>","url":"shopify:\/\/pages\/transportation","desktop_text_font_size":"md:text-lg","mobile_text_font_size":"text-lg"}}},"block_order":["595c76d6-bd6a-4c45-b1c1-56e14bc9cb42","cbea6d08-0976-4eb7-8bf4-6582508c0f35","d1a26a83-a691-419f-a523-3918aea5a707","0f18a572-c53b-4567-a9f1-45a11b5a233e","1c39f07e-5b7f-4496-8b79-043797c1c1c0","0a475041-1df1-4216-b9e9-8ae03d350f99","31872a42-323f-41ec-870f-c912505e7a58","23fd2721-fc4c-4b5e-818e-1716367de52b","4c323f00-5145-4575-a55e-9ef589ea7c8a","a5ed3297-266e-4e5d-bf84-1b5f1648b868","e513cf12-b02c-42ae-b4e0-42aa824d11ac","9c1a229a-6e1f-4f3f-b0b2-1be25b1fcecb"],"settings":{"section_bg_color":"#ffffff","section_class":"","full_width":false,"red_line":false,"enable_slider":false,"slider_speed":2,"slider_slides":4,"desktop_per_row":"w-1\/6","mobile_per_row":"w-1\/2","justify_items":"justify-center","icon_height":125,"icon_size":75,"icon_space":0,"icon_font_size":"text-base","icon_font_family":"font-body","icon_text_space":8,"mobile_vertical_padding":"py-4","mobile_horizontal_padding":"px-4","desktop_vertical_padding":"md:py-8","desktop_horizontal_padding":"md:px-8","heading":"<p>Built For Your Business<\/p>","copy":"","heading_font_family":"font-body","copy_font_family":"font-body","heading_bottom_spacing":36,"copy_bottom_spacing":32,"text_alignment":"text-center","desktop_heading_font_size":"md:text-3xl","desktop_copy_font_size":"md:text-base","mobile_heading_font_size":"text-xl","mobile_copy_font_size":"text-base"}},"164608362946297dc4":{"type":"multicolumn","blocks":{"16460836296d3c7fb6-0":{"type":"multicolumn-block","settings":{"column_image":"shopify:\/\/shop_images\/gds-tech-feature_fa6a9ddd-b9e0-41d8-8fdd-a1826073804c.jpg","heading":"<p>GDS® Tech™<\/p>","copy":"<p>Ecosystem of enterprise mounting solutions <\/p>","cta_label":"EXPLORE","cta_url":"shopify:\/\/pages\/gds-tech","text_color":"#000000","button_text_color":"#000000","button_text_color_hover":"#000000","mobile_heading_font_size":"text-xl","desktop_heading_font_size":"md:text-xl","mobile_button_font_size":"text-base","desktop_button_font_size":"md:text-base","copy_bottom_spacing":16,"desktop_col_span":"md:w-full","custom_mount":false,"show_ymm":false}},"e0691eb3-26a4-40ee-a80b-5c4b3af2603a":{"type":"multicolumn-block","settings":{"column_image":"shopify:\/\/shop_images\/zebra-featured_aee63ad0-0296-4953-912e-17573ee3e465.jpg","heading":"<p>Rugged Zebra Docks<br\/><\/p>","copy":"","cta_label":"EXPLORE","cta_url":"shopify:\/\/pages\/zebra","text_color":"#000000","button_text_color":"#000000","button_text_color_hover":"#000000","mobile_heading_font_size":"text-xl","desktop_heading_font_size":"md:text-xl","mobile_button_font_size":"text-base","desktop_button_font_size":"md:text-base","copy_bottom_spacing":16,"desktop_col_span":"md:w-1\/3","custom_mount":false,"show_ymm":false}},"0ec6f81b-fd8d-4a73-a30c-cdfdb9d85a28":{"type":"multicolumn-block","settings":{"column_image":"shopify:\/\/shop_images\/push-to-talk-ram-mounts-feature.jpg","heading":"<p>Push-To-Talk<br\/><\/p>","copy":"","cta_label":"EXPLORE","cta_url":"shopify:\/\/pages\/sonim","text_color":"#000000","button_text_color":"#000000","button_text_color_hover":"#000000","mobile_heading_font_size":"text-xl","desktop_heading_font_size":"md:text-xl","mobile_button_font_size":"text-base","desktop_button_font_size":"md:text-base","copy_bottom_spacing":16,"desktop_col_span":"md:w-1\/3","custom_mount":false,"show_ymm":false}},"5eab0293-db43-4ea0-8dcb-ad553e451b9d":{"type":"multicolumn-block","settings":{"column_image":"shopify:\/\/shop_images\/ezgif.com-gif-maker_3.jpg","heading":"<p>Handheld PC Docks<br\/><\/p>","copy":"","cta_label":"EXPLORE","cta_url":"\/search?pf_t_device=Handheld+PC&q=","text_color":"#000000","button_text_color":"#000000","button_text_color_hover":"#000000","mobile_heading_font_size":"text-xl","desktop_heading_font_size":"md:text-xl","mobile_button_font_size":"text-base","desktop_button_font_size":"md:text-base","copy_bottom_spacing":16,"desktop_col_span":"md:w-1\/3","custom_mount":false,"show_ymm":false}}},"block_order":["16460836296d3c7fb6-0","e0691eb3-26a4-40ee-a80b-5c4b3af2603a","0ec6f81b-fd8d-4a73-a30c-cdfdb9d85a28","5eab0293-db43-4ea0-8dcb-ad553e451b9d"],"settings":{"section_class":"","full_width":false,"column_padding":"px-0","tile_font_family":"font-heading","mobile_vertical_padding":"py-8","mobile_horizontal_padding":"px-4","desktop_vertical_padding":"md:py-12","desktop_horizontal_padding":"md:px-8","heading_tag":"h2","heading":"","copy":"","heading_font_family":"font-body","copy_font_family":"font-body","heading_bottom_spacing":16,"copy_bottom_spacing":16,"text_alignment":"text-center","desktop_heading_font_size":"md:text-xl","desktop_copy_font_size":"md:text-base","mobile_heading_font_size":"text-xl","mobile_copy_font_size":"text-base"}},"1646083926bc68be4a":{"type":"icon-row","blocks":{"edfcd90c-4aeb-4fad-af83-2a4a3b5720a5":{"type":"image_icon","settings":{"image":"shopify:\/\/shop_images\/events-dark.png","text":"<p>Events<\/p>","url":"shopify:\/\/pages\/events","desktop_text_font_size":"md:text-base","mobile_text_font_size":"text-base"}},"6e7909a6-2f02-4ad0-933b-e0ea6438b6e5":{"type":"image_icon","settings":{"image":"shopify:\/\/shop_images\/blog-dark.png","text":"<p>Blog<\/p>","url":"https:\/\/rammount.com\/pages\/blogs","desktop_text_font_size":"md:text-base","mobile_text_font_size":"text-base"}},"7fe21c31-52b7-47e0-bd55-255f6cfc2fda":{"type":"image_icon","settings":{"image":"shopify:\/\/shop_images\/press-dark.png","text":"<p>Press<\/p>","url":"https:\/\/rammount.com\/pages\/press","desktop_text_font_size":"md:text-base","mobile_text_font_size":"text-base"}}},"block_order":["edfcd90c-4aeb-4fad-af83-2a4a3b5720a5","6e7909a6-2f02-4ad0-933b-e0ea6438b6e5","7fe21c31-52b7-47e0-bd55-255f6cfc2fda"],"settings":{"section_bg_color":"#ffffff","section_class":"","full_width":false,"red_line":false,"enable_slider":false,"slider_speed":2,"slider_slides":4,"desktop_per_row":"w-1\/6","mobile_per_row":"w-1\/5","justify_items":"justify-center","icon_height":50,"icon_size":75,"icon_space":0,"icon_font_size":"text-base","icon_font_family":"font-body","icon_text_space":20,"mobile_vertical_padding":"py-8","mobile_horizontal_padding":"px-8","desktop_vertical_padding":"md:py-16","desktop_horizontal_padding":"md:px-16","heading":"<p>The RAM® Community<\/p>","copy":"","heading_font_family":"font-body","copy_font_family":"font-body","heading_bottom_spacing":44,"copy_bottom_spacing":16,"text_alignment":"text-center","desktop_heading_font_size":"md:text-3xl","desktop_copy_font_size":"md:text-base","mobile_heading_font_size":"text-xl","mobile_copy_font_size":"text-base"}},"16461466724a27a003":{"type":"partner-carousel","blocks":{"ee5af601-8856-40f1-a8ec-5eec1bc79cff":{"type":"image_icon","settings":{"image":"shopify:\/\/shop_images\/zebra.png","text":"","url":""}},"89872802-877c-4944-b977-b107c7b038d9":{"type":"image_icon","settings":{"image":"shopify:\/\/shop_images\/logo-farm-sprite-38px_1.png","text":"","url":""}},"c7555004-10e2-4c55-a30e-a46712086b53":{"type":"image_icon","settings":{"image":"shopify:\/\/shop_images\/lowrance.png","text":"","url":""}},"e7db02a3-ca02-4d2b-95a8-1c70cb6e701a":{"type":"image_icon","settings":{"image":"shopify:\/\/shop_images\/apple.png","text":"","url":""}},"83e91256-bec4-41f3-92fe-69a9b51df163":{"type":"image_icon","settings":{"image":"shopify:\/\/shop_images\/spot.png","text":"","url":""}},"04ee8918-f9a9-47f2-97b9-488a347357a0":{"type":"image_icon","settings":{"image":"shopify:\/\/shop_images\/garmin.png","text":"","url":""}},"23cf7ef7-971b-4e90-8d56-e091acd25ae0":{"type":"image_icon","settings":{"image":"shopify:\/\/shop_images\/polaris.png","text":"","url":""}},"6d82dfdb-02f2-402b-bb8f-f3ca9646a9e2":{"type":"image_icon","settings":{"image":"shopify:\/\/shop_images\/trimble.png","text":"","url":""}},"39e166c0-7e1b-4633-8aa8-36e94e0f72c0":{"type":"image_icon","settings":{"image":"shopify:\/\/shop_images\/tomtom.png","text":"","url":""}},"d168d402-2fb8-4895-9cd8-58ce4bbddc99":{"type":"image_icon","settings":{"image":"shopify:\/\/shop_images\/panasonic.png","text":"","url":""}},"ae0de414-fd2d-4e9a-9d01-c77359807028":{"type":"image_icon","settings":{"image":"shopify:\/\/shop_images\/orlaco.png","text":"","url":""}},"15af12f0-c87b-4f15-9f08-3cfeea38750d":{"type":"image_icon","settings":{"image":"shopify:\/\/shop_images\/microsoft.png","text":"","url":""}},"389771a4-3ee8-40ce-afe5-444215730c8f":{"type":"image_icon","settings":{"image":"shopify:\/\/shop_images\/johndeere.png","text":"","url":""}},"91473bce-0157-445d-95a3-6a48ab8bc7b1":{"type":"image_icon","settings":{"image":"shopify:\/\/shop_images\/honeywell.png","text":"","url":""}},"02968e3a-d32b-4479-a66f-0f9cc7c5d187":{"type":"image_icon","settings":{"image":"shopify:\/\/shop_images\/cdw.png","text":"","url":""}},"f5c260e1-eaa1-4b45-aefb-e1646ef54482":{"type":"image_icon","settings":{"image":"shopify:\/\/shop_images\/boeing.png","text":"","url":""}}},"block_order":["ee5af601-8856-40f1-a8ec-5eec1bc79cff","89872802-877c-4944-b977-b107c7b038d9","c7555004-10e2-4c55-a30e-a46712086b53","e7db02a3-ca02-4d2b-95a8-1c70cb6e701a","83e91256-bec4-41f3-92fe-69a9b51df163","04ee8918-f9a9-47f2-97b9-488a347357a0","23cf7ef7-971b-4e90-8d56-e091acd25ae0","6d82dfdb-02f2-402b-bb8f-f3ca9646a9e2","39e166c0-7e1b-4633-8aa8-36e94e0f72c0","d168d402-2fb8-4895-9cd8-58ce4bbddc99","ae0de414-fd2d-4e9a-9d01-c77359807028","15af12f0-c87b-4f15-9f08-3cfeea38750d","389771a4-3ee8-40ce-afe5-444215730c8f","91473bce-0157-445d-95a3-6a48ab8bc7b1","02968e3a-d32b-4479-a66f-0f9cc7c5d187","f5c260e1-eaa1-4b45-aefb-e1646ef54482"],"settings":{"section_class":"","bg_color":"#272727","full_width":true,"enable_slider":true,"enable_arrow":false,"enable_autoplay":true,"slider_speed":2,"slider_slides":7,"desktop_per_row":"md:w-max","mobile_per_row":"w-1\/2","justify_items":"justify-center","icon_height":40,"icon_size":100,"icon_space":0,"icon_font_size":"text-sm","icon_font_family":"font-body","icon_text_space":4,"mobile_vertical_padding":"py-8","mobile_horizontal_padding":"px-8","desktop_vertical_padding":"md:py-8","desktop_horizontal_padding":"md:px-8","heading":"","copy":"","heading_font_family":"font-body","copy_font_family":"font-body","heading_bottom_spacing":0,"copy_bottom_spacing":0,"text_alignment":"text-center","desktop_heading_font_size":"md:text-xl","desktop_copy_font_size":"md:text-base","mobile_heading_font_size":"text-xl","mobile_copy_font_size":"text-base","partners_url":"shopify:\/\/pages\/partners"}}},"order":["1646169447ff79cdc0","164139700812ae5248","1646081857cbbae814","1646082583f11f02ef","1646083206f03b693a","164608362946297dc4","1646083926bc68be4a","16461466724a27a003"]}