{"sections":{"164633050094510fa7":{"type":"hero","settings":{"section_id":"","desktop_image":"shopify:\/\/shop_images\/truck_5c9a412b-16fc-40de-b8ed-3072d137cfba.jpg","line_color":"#cd1e27","desktop_image_height":300,"content_desktop_alignment":"md:justify-start","text_desktop_alignment":"md:text-left","desktop_heading":"","desktop_subheading":"","copy":"","heading_tag":"h1","heading_font_size_desktop":"sm:text-5xl","heading_font_size_mobile":"text-3xl","desktop_button_text":"Click Here","desktop_button_link":"","desktop_button_text2":"","desktop_button_link2":"","desktop_text_color":"#ffffff","desktop_subheading_color":"#ffffff","button_bg":"#ffffff","button_hover_bg":"#000000","button_text":"#000000","button_hover_text":"#ffffff","button2_bg":"#ffffff","button2_border_bg":"#ffffff","button2_hover_bg":"#000000","button2_text":"#000000","button2_hover_text":"#ffffff","mobile_image":"shopify:\/\/shop_images\/truck_1e1ea54f-460e-4da9-82d9-a92fddd56ba0.jpg","mobile_image_height":425,"text_mobile_alignment":"text-left","text_mobile_vertical_alignment":"justify-center","mobile_text_color":"#ffffff","mobile_button_color":"btn"}},"1661141514bc34f933":{"type":"ram-title-with-button","settings":{"text_alignment":"md:text-left","text_alignment_mobile":"text-left","heading":"Truck","desktop_heading_font_size":"md:text-3xl","heading_font_size":"text-2xl","copy":"<p>RAM® Mounts have long been the go-to option for securing devices in vehicles, offering rugged and versatile dash, floor, and window mounting options. Take advantage of the shock and vibration damping ball and socket system to protect and extend the life of electronics, including GPS devices, laptops, phones, spotlights, tablets, and much more. Explore the top RAM® business solutions for agriculture truck mounts below.<\/p>","copy_font_size":"text-base","btn_label":"View Catalog","btn_url":"http:\/\/issuu.com\/rammount\/docs\/agriculture_catalog?e=13067616\/58616511","btn_type":"btn-ram","section_bg_color":"#f4f4f6"}},"1648581111639f05ed":{"type":"featured-blogs","disabled":true,"settings":{"heading":"ADVICE & <span>RAM<\/span>SPIRATION","text_desktop_alignment":"md:text-center","heading_font_size_desktop":"sm:text-xl","heading_font_size_mobile":"text-xl","mobile_vertical_padding":"py-0","mobile_horizontal_padding":"px-0","desktop_vertical_padding":"md:py-0","desktop_horizontal_padding":"md:px-0","heading_font_size_desktop_post":"sm:text-lg","article_1":"","article_2":"","article_3":"","full_width":true}},"16555866078815d782":{"type":"ram-tabs-products","blocks":{"165558660736f676f4-0":{"type":"tab","settings":{"title":"Tablet Mounts","content":"","btn_label":"Shop All Truck","btn_url":"\/collections\/agriculture-b-size","btn_type":"btn-ram","btn_label_2":"","btn_url_2":"","btn_type_2":"btn-dark","product_1":"ram-316-hd-18-tab20u","product_2":"ram-101b2-tab20u","product_3":"ram-b-166-un7u","product_4":"ram-b-152b"}},"165558660736f676f4-1":{"type":"tab","settings":{"title":"RAM® Tough-Track™","content":"","btn_label":"Shop All Truck","btn_url":"\/collections\/agriculture-ram-tough-track","btn_type":"btn-ram","btn_label_2":"","btn_url_2":"","btn_type_2":"btn-dark","product_1":"ram-track-exa-5bu","product_2":"rap-track-a9u","product_3":"ram-track-exa-9u","product_4":"ram-track-exa-13u"}},"165558660736f676f4-2":{"type":"tab","disabled":true,"settings":{"title":"Phone Mounts","content":"","btn_label":"Shop All Truck","btn_url":"\/collections\/agriculture-b-size","btn_type":"btn-ram","btn_label_2":"","btn_url_2":"","btn_type_2":"btn-dark","product_1":"ram-b-202u-225","product_2":"ram-b-238u","product_3":"ram-b-201u-wd1","product_4":"ram-b-230u"}}},"block_order":["165558660736f676f4-0","165558660736f676f4-1","165558660736f676f4-2"],"settings":{"mobile_vertical_padding":"py-8","mobile_horizontal_padding":"px-8","desktop_vertical_padding":"md:py-12","desktop_horizontal_padding":"md:px-8","heading":"<p>Top Suggested Products<\/p>","copy":"","content_vertical_padding":"md:mt-10","heading_font_family":"font-heading","copy_font_family":"font-body","heading_bottom_spacing":0,"copy_bottom_spacing":0,"text_alignment":"text-left","desktop_heading_font_size":"md:text-2xl","desktop_copy_font_size":"md:text-base","mobile_heading_font_size":"text-xl","mobile_copy_font_size":"text-base"}},"1655586612f17b071f":{"type":"brand-product","settings":{"text_alignment":"md:text-left","text_alignment_mobile":"text-left","heading":"GDS® Technology™ for Agriculture","has_underline":true,"desktop_heading_font_size":"md:text-xl","heading_font_size":"text-xl","copy":"<p>IntelliSkin® is a protective device sleeve featuring an integrated power connector that’s compatible with any GDS® charging dock, allowing for seamless integration from your tractor to your vehicle. This innovative solution prevents damage to the charging ports of phones and tablets, creating a universal docking platform compatible with any device wrapped in an IntelliSkin®. With IntelliSkin® and GDS® Technology™ for agriculture, keep devices charged and at the ready from the tractor cab to the work truck.<\/p>","copy_font_size":"text-base","brand_image":"shopify:\/\/shop_images\/truck-section1.jpg","button_text_1":"Learn More","button_link_1":"\/pages\/gds-tech","btn_type_1":"btn-dark","button_text_2":"","button_link_2":"","btn_type_2":"btn-dark","button_text_3":"","button_link_3":"","btn_type_3":"btn-ram","section_bg_color":"#ffffff"}},"1655586935772cb576":{"type":"partner-logos","blocks":{"165558693541a6d7f0-0":{"type":"image_icon","settings":{"image":"shopify:\/\/shop_images\/agco.png","text":"","url":"","desktop_text_font_size":"md:text-lg","mobile_text_font_size":"text-lg"}},"165558693541a6d7f0-1":{"type":"image_icon","settings":{"image":"shopify:\/\/shop_images\/cnh.png","text":"","url":"","desktop_text_font_size":"md:text-lg","mobile_text_font_size":"text-lg"}},"165558693541a6d7f0-2":{"type":"image_icon","settings":{"image":"shopify:\/\/shop_images\/trimble.webp","text":"","url":"","desktop_text_font_size":"md:text-lg","mobile_text_font_size":"text-lg"}}},"block_order":["165558693541a6d7f0-0","165558693541a6d7f0-1","165558693541a6d7f0-2"],"settings":{"section_bg_color":"#000000","section_class":"","full_width":true,"red_line":false,"enable_slider":false,"slider_speed":2,"slider_slides":3,"desktop_per_row":"w-1\/3","mobile_per_row":"w-full","justify_items":"justify-center","icon_height":100,"icon_size":225,"icon_space":0,"icon_font_size":"text-xl","icon_font_family":"font-heading","icon_text_space":4,"mobile_vertical_padding":"py-4","mobile_horizontal_padding":"px-8","desktop_vertical_padding":"md:py-4","desktop_horizontal_padding":"md:px-8","heading":"","copy":"","heading_font_family":"font-heading","copy_font_family":"font-body","heading_bottom_spacing":16,"copy_bottom_spacing":16,"text_alignment":"text-center","desktop_heading_font_size":"md:text-xl","desktop_copy_font_size":"md:text-xl","mobile_heading_font_size":"text-xl","mobile_copy_font_size":"text-base"}},"165558694839480c53":{"type":"sales-form","blocks":{"16555869472f9df7de-0":{"type":"html","settings":{"red_line":true,"heading":"<p>Contact Sales<\/p>","heading_font_family":"font-heading","heading_bottom_spacing":0,"text_alignment":"text-center","desktop_heading_font_size":"md:text-2xl","mobile_heading_font_size":"text-xl","html_block":"<div style=\"margin:0 auto;\" class=\"pxFormGenerator\" id=\"NRCcEj1xmk2g_uGXmjI2EQ\"><\/div>"}}},"block_order":["16555869472f9df7de-0"],"settings":{"section_id":"","section_class":"","back_color":"","content_width":false,"full_width":false,"column_padding":"px-2","tile_font_family":"font-heading","mobile_vertical_padding":"py-8","mobile_horizontal_padding":"px-8","desktop_vertical_padding":"md:py-12","desktop_horizontal_padding":"md:px-8","heading_tag":"h2","heading":"","copy":"","heading_color":"#131313","heading_font_family":"font-heading","copy_font_family":"font-body","heading_bottom_spacing":16,"copy_bottom_spacing":16,"text_alignment":"text-left","desktop_heading_font_size":"md:text-xl","desktop_copy_font_size":"md:text-base","mobile_heading_font_size":"text-xl","mobile_copy_font_size":"text-base"}}},"order":["164633050094510fa7","1661141514bc34f933","1648581111639f05ed","16555866078815d782","1655586612f17b071f","1655586935772cb576","165558694839480c53"]}