{"sections":{"164633050094510fa7":{"type":"hero","settings":{"section_id":"","desktop_image":"shopify:\/\/shop_images\/Jeep_Banner.jpg","line_color":"#cd1e27","desktop_image_height":300,"content_desktop_alignment":"md:justify-start","text_desktop_alignment":"md:text-left","desktop_heading":"","desktop_subheading":"","copy":"","heading_tag":"h1","heading_font_size_desktop":"sm:text-5xl","heading_font_size_mobile":"text-3xl","desktop_button_text":"Click Here","desktop_button_link":"","desktop_button_text2":"","desktop_button_link2":"","desktop_text_color":"#ffffff","desktop_subheading_color":"#ffffff","button_bg":"#ffffff","button_hover_bg":"#000000","button_text":"#000000","button_hover_text":"#ffffff","button2_bg":"#ffffff","button2_border_bg":"#ffffff","button2_hover_bg":"#000000","button2_text":"#000000","button2_hover_text":"#ffffff","mobile_image":"shopify:\/\/shop_images\/mobile-jeep-dashmount-banner_b9946922-c72f-45a9-b684-614a039b4ee2.jpg","mobile_image_height":425,"text_mobile_alignment":"text-left","text_mobile_vertical_alignment":"justify-center","mobile_text_color":"#ffffff","mobile_button_color":"btn"}},"16486560366c7b7837":{"type":"brand-product","settings":{"text_alignment":"md:text-left","text_alignment_mobile":"text-center","heading":"Jeep Mounts","has_underline":false,"desktop_heading_font_size":"md:text-4xl","heading_font_size":"text-2xl","copy":"<p>The RAM® Tough-Track™ expands into no-drill dashboard mounting. Now available for dash mounting on the 2018-2021 Jeep JL and Jeep Gladiator, this dash mount is the best way to mount your phone, tablet, handheld radio and more for Jeeps. Being able to mount multiple devices creates an ideal Jeep mount for overland and off road enthusiasts.<\/p>","copy_font_size":"text-base","brand_image":"shopify:\/\/shop_images\/jeep.png","button_text_1":"Shop All Jeep Mounts","button_link_1":"\/collections\/jeep-track","btn_type_1":"btn-ram","button_text_2":"","button_link_2":"","btn_type_2":"btn-dark","button_text_3":"","button_link_3":"","btn_type_3":"btn-ram","section_bg_color":"#f4f4f6"}},"1648577237754fb6a9":{"type":"brand-product","settings":{"text_alignment":"text-left","text_alignment_mobile":"text-left","heading":"RAM® Tough-Track™ Dash Mount for Jeep JL & Gladiator","has_underline":true,"desktop_heading_font_size":"md:text-xl","heading_font_size":"text-xl","copy":"<p>Consisting of a dash mounting plate (screws included) and a top-loading composite 12” RAM® Tough-Track™, easily attach RAM® Track Ball™ components along with double socket arms and a phone holder, tablet holder, GPS holder, handheld radio holder, and more.<\/p>","copy_font_size":"text-base","brand_image":"shopify:\/\/shop_images\/jeep-tough-track.jpg","button_text_1":"Shop Now","button_link_1":"\/products\/ram-dt-204-track-a12u","btn_type_1":"btn-ram","button_text_2":"","button_link_2":"","btn_type_2":"btn-dark","button_text_3":"","button_link_3":"","btn_type_3":"btn-ram","section_bg_color":"#ffffff"}},"1648579274ae6e3e3d":{"type":"brand-product","settings":{"text_alignment":"text-left","text_alignment_mobile":"text-left","heading":"Build Your Jeep Dashboard Mount","has_underline":true,"desktop_heading_font_size":"md:text-xl","heading_font_size":"text-xl","copy":"<p>Utilizing 12 inches of track, you can safely add up to four devices on track mounting components. Build your Jeep dashboard mount how you like it and shop components and kits for your phone, tablet, handheld radio and more.<\/p>","copy_font_size":"text-base","brand_image":"shopify:\/\/shop_images\/build-your-dash-mount.jpg","button_text_1":"Start Building","button_link_1":"https:\/\/www\/collections\/jeep-track-mounts.rammount.com\/consumer\/brands\/jeep","btn_type_1":"btn-ram","button_text_2":"","button_link_2":"","btn_type_2":"btn-dark","button_text_3":"","button_link_3":"","btn_type_3":"btn-ram","section_bg_color":"#ffffff"}},"1652724895402d40c8":{"type":"brand-product","settings":{"text_alignment":"md:text-left","text_alignment_mobile":"text-left","heading":"B Size Components for Small Devices","has_underline":true,"desktop_heading_font_size":"md:text-xl","heading_font_size":"text-xl","copy":"<p>If you are using a cell phone holder, handheld radio holder, GPS holder, or any other holder for small devices then you will need to use B size components to complete your mount.<\/p>","copy_font_size":"text-base","brand_image":"shopify:\/\/shop_images\/b-size.jpg","button_text_1":"Shop B Size","button_link_1":"\/collections\/popular-components-b-size","btn_type_1":"btn-ram","button_text_2":"","button_link_2":"","btn_type_2":"btn-dark","button_text_3":"","button_link_3":"","btn_type_3":"btn-ram","section_bg_color":"#ffffff"}},"1648581111639f05ed":{"type":"featured-blogs","disabled":true,"settings":{"heading":"ADVICE & <span>RAM<\/span>SPIRATION","text_desktop_alignment":"md:text-center","heading_font_size_desktop":"sm:text-xl","heading_font_size_mobile":"text-xl","mobile_vertical_padding":"py-0","mobile_horizontal_padding":"px-0","desktop_vertical_padding":"md:py-0","desktop_horizontal_padding":"md:px-0","heading_font_size_desktop_post":"sm:text-lg","article_1":"","article_2":"","article_3":"","full_width":true}},"1652725417aecd0a8b":{"type":"brand-product","settings":{"text_alignment":"md:text-left","text_alignment_mobile":"text-left","heading":"C Size Components for Large Devices","has_underline":true,"desktop_heading_font_size":"md:text-xl","heading_font_size":"text-xl","copy":"<p>If you are using a tablet holder, or any other holder for large devices then you will need to use C size components to complete your mount.<\/p>","copy_font_size":"text-base","brand_image":"shopify:\/\/shop_images\/c-size.jpg","button_text_1":"Shop C Size","button_link_1":"\/collections\/popular-components-c-size","btn_type_1":"btn-ram","button_text_2":"","button_link_2":"","btn_type_2":"btn-dark","button_text_3":"","button_link_3":"","btn_type_3":"btn-ram","section_bg_color":"#ffffff"}}},"order":["164633050094510fa7","16486560366c7b7837","1648577237754fb6a9","1648579274ae6e3e3d","1652724895402d40c8","1648581111639f05ed","1652725417aecd0a8b"]}