{"sections":{"164633050094510fa7":{"type":"hero","settings":{"section_id":"","desktop_image":"shopify:\/\/shop_images\/otterbox_brand.jpg","line_color":"#cd1e27","desktop_image_height":300,"content_desktop_alignment":"md:justify-start","text_desktop_alignment":"md:text-left","desktop_heading":"","desktop_subheading":"","copy":"","heading_tag":"h1","heading_font_size_desktop":"sm:text-5xl","heading_font_size_mobile":"text-3xl","desktop_button_text":"Click Here","desktop_button_link":"","desktop_button_text2":"","desktop_button_link2":"","desktop_text_color":"#ffffff","desktop_subheading_color":"#ffffff","button_bg":"#ffffff","button_hover_bg":"#000000","button_text":"#000000","button_hover_text":"#ffffff","button2_bg":"#ffffff","button2_border_bg":"#ffffff","button2_hover_bg":"#000000","button2_text":"#000000","button2_hover_text":"#ffffff","mobile_image":"shopify:\/\/shop_images\/mobile-otterbox-lp-banner.jpg","mobile_image_height":425,"text_mobile_alignment":"text-left","text_mobile_vertical_alignment":"justify-center","mobile_text_color":"#ffffff","mobile_button_color":"btn"}},"16486560366c7b7837":{"type":"brand-product","settings":{"text_alignment":"md:text-left","text_alignment_mobile":"text-center","heading":"OtterBox","has_underline":false,"desktop_heading_font_size":"md:text-4xl","heading_font_size":"text-2xl","copy":"<p>RAM® Mounts has partnered with OtterBox to bring you rugged smartphone and tablet mounts for uniVERSE and defender cases. Find mounting solutions for Apple iPhones, iPads, and Samsung Galaxy phones and tablets. Easily configure your vehicle mount or use it as part of a kickstand at your desk, all while keeping your phone or tablet protected in its OtterBox uniVERSE case. Explore the full line of OtterBox mounts below.<\/p>","copy_font_size":"text-base","brand_image":"shopify:\/\/shop_images\/otterbox.png","button_text_1":"Shop All OtterBox","button_link_1":"\/collections\/otterbox-universe-phone","btn_type_1":"btn-ram","button_text_2":"","button_link_2":"","btn_type_2":"btn-dark","button_text_3":"","button_link_3":"","btn_type_3":"btn-ram","section_bg_color":"#f4f4f6"}},"1648577237754fb6a9":{"type":"brand-product","settings":{"text_alignment":"text-left","text_alignment_mobile":"text-left","heading":"Form-Fit Powered Holders","has_underline":true,"desktop_heading_font_size":"md:text-xl","heading_font_size":"text-xl","copy":"<p>The RAM® EZ-Roll’r™ phone holder secures your OtterBox uniVERSE-protected iPhone or Samsung Galaxy smartphone, allowing you to utilize the RAM® Twist-Lock™ Suction Cup, or other RAM® components making this the ideal OtterBox car mount. For anyone who demands both protection and versatility with an OtterBox phone holder, the combination of the uniVERSE case and the RAM® double ball and socket system is the answer.<\/p>","copy_font_size":"text-base","brand_image":"shopify:\/\/shop_images\/section-1_be3a1cc5-9188-4a30-a1ec-378c9206b8e5.jpg","button_text_1":"Shop Phone Mounts","button_link_1":"\/collections\/otterbox-universe-phone","btn_type_1":"btn-ram","button_text_2":"","button_link_2":"","btn_type_2":"btn-dark","button_text_3":"","button_link_3":"","btn_type_3":"btn-ram","section_bg_color":"#ffffff"}},"1648579274ae6e3e3d":{"type":"brand-product","settings":{"text_alignment":"text-left","text_alignment_mobile":"text-left","heading":"Connect Your Keyboard & Other Peripherals","has_underline":true,"desktop_heading_font_size":"md:text-xl","heading_font_size":"text-xl","copy":"<p>The RAM® Quick Release Adapter connects to the back of the OtterBox uniVERSE case for any iPad or Samsung Galaxy tablet, making this a perfect OtterBox tablet mount. This octagon-shaped adapter can adapt to almost any RAM® double ball and socket mounting system. When not mounted, attach accessories like the GDS® Hand-Stand™ – a two-in-one accessory that integrates a hand strap with a built-in kickstand.<\/p>","copy_font_size":"text-base","brand_image":"shopify:\/\/shop_images\/section-2_cabec26d-57af-4d47-b9c0-e713e0851654.jpg","button_text_1":"Shop Tablet Mounts","button_link_1":"\/collections\/otterbox-universe-tablet","btn_type_1":"btn-ram","button_text_2":"","button_link_2":"","btn_type_2":"btn-dark","button_text_3":"","button_link_3":"","btn_type_3":"btn-ram","section_bg_color":"#ffffff"}},"16485795249e42f7ab":{"type":"brand-product","settings":{"text_alignment":"text-left","text_alignment_mobile":"text-left","heading":"Tab Active3 + OtterBox uniVERSE","has_underline":true,"desktop_heading_font_size":"md:text-xl","heading_font_size":"text-xl","copy":"<p>RAM® Mounts has designed new tablet docks in collaboration with Samsung and OtterBox featuring uniVERSE compatibility for the Samsung Galaxy Tab Active3. These docks include a power only option as well as single and dual peripheral, enabled via USB connectors. Take advantage of integrated pogo pin contacts that line up perfectly with the tablet's pogo pads to initiate charging capabilities whiled docked. Learn more about all dock features below.<\/p>","copy_font_size":"text-base","brand_image":"shopify:\/\/shop_images\/section1_04fef686-65ac-423c-bc90-b8b918290bf2.jpg","button_text_1":"Shop Now","button_link_1":"\/collections\/otterbox-universe-tablet?pf_mlt_device_make_model=Tab+Active3&pf_mlt_device_make_model_and_condition=true","btn_type_1":"btn-ram","button_text_2":"Learn More","button_link_2":"\/pages\/otterbox-tab-active3","btn_type_2":"btn-dark","button_text_3":"","button_link_3":"","btn_type_3":"btn-ram","section_bg_color":"#ffffff"}},"1652724895402d40c8":{"type":"brand-product","settings":{"text_alignment":"md:text-left","text_alignment_mobile":"text-left","heading":"uniVERSE GDS® Module","has_underline":true,"desktop_heading_font_size":"md:text-xl","heading_font_size":"text-xl","copy":"<p>Integrate charging and data sync capabilities to your OtterBox uniVERSE-protected tablet with this GDS® module. The built-in Type-C or Lightning connector attaches to your tablet’s charging port, and universal docking contacts on the outside of the module pair with any GDS® Dock – ideal for the home or enterprise use.<\/p>","copy_font_size":"text-base","brand_image":"shopify:\/\/shop_images\/section-3_01b1b74a-3ff1-4284-9728-31bd05e766ea.jpg","button_text_1":"Shop GDS® Mounts","button_link_1":"\/products\/ram-gds-ot2u","btn_type_1":"btn-ram","button_text_2":"","button_link_2":"","btn_type_2":"btn-dark","button_text_3":"","button_link_3":"","btn_type_3":"btn-ram","section_bg_color":"#ffffff"}},"1648581111639f05ed":{"type":"featured-blogs","disabled":true,"settings":{"heading":"ADVICE & <span>RAM<\/span>SPIRATION","text_desktop_alignment":"md:text-center","heading_font_size_desktop":"sm:text-xl","heading_font_size_mobile":"text-xl","mobile_vertical_padding":"py-0","mobile_horizontal_padding":"px-0","desktop_vertical_padding":"md:py-0","desktop_horizontal_padding":"md:px-0","heading_font_size_desktop_post":"sm:text-lg","article_1":"","article_2":"","article_3":"","full_width":true}},"1652725417aecd0a8b":{"type":"brand-product","settings":{"text_alignment":"md:text-left","text_alignment_mobile":"text-left","heading":"Venture Cooler Mounts","has_underline":true,"desktop_heading_font_size":"md:text-xl","heading_font_size":"text-xl","copy":"<p>Accessorize your OtterBox Venture Cooler with a wide variety of RAM® mounting solutions perfect for any outdoor adventure. With the use of the RAM® Twist-Lock™ Suction Cup for flat surface mounting and the RAM® Tough-Claw™ on the handles, you can easily mount your beverage, phone, umbrella, flashlight, fishing rod, camera, bluetooth speaker, and much more.<\/p>","copy_font_size":"text-base","brand_image":"shopify:\/\/shop_images\/section-4_7ff32706-6d5f-42c2-b887-df0a224daec9.jpg","button_text_1":"Shop Cooler Mounts","button_link_1":"\/collections\/otterbox-venture-cooler-mounts","btn_type_1":"btn-ram","button_text_2":"","button_link_2":"","btn_type_2":"btn-dark","button_text_3":"","button_link_3":"","btn_type_3":"btn-ram","section_bg_color":"#ffffff"}}},"order":["164633050094510fa7","16486560366c7b7837","1648577237754fb6a9","1648579274ae6e3e3d","16485795249e42f7ab","1652724895402d40c8","1648581111639f05ed","1652725417aecd0a8b"]}