{"sections":{"164633050094510fa7":{"type":"hero","settings":{"section_id":"","desktop_image":"shopify:\/\/shop_images\/zebra-tc53-58-banner-1.jpg","desktop_image_height":300,"content_desktop_alignment":"md:justify-start","text_desktop_alignment":"md:text-left","desktop_heading":"","desktop_subheading":"","copy":"","heading_tag":"h1","heading_font_size_desktop":"sm:text-5xl","heading_font_size_mobile":"text-3xl","desktop_button_text":"Click Here","desktop_button_link":"","desktop_button_text2":"","desktop_button_link2":"","desktop_text_color":"#ffffff","desktop_subheading_color":"#ffffff","button_bg":"#ffffff","button_hover_bg":"#000000","button_text":"#000000","button_hover_text":"#ffffff","button2_bg":"#ffffff","button2_border_bg":"#ffffff","button2_hover_bg":"#000000","button2_text":"#000000","button2_hover_text":"#ffffff","mobile_image":"shopify:\/\/shop_images\/mobile-zebra-tc53-58-banner-1.jpg","mobile_image_height":425,"text_mobile_alignment":"text-left","text_mobile_vertical_alignment":"justify-center","mobile_text_color":"#ffffff","mobile_button_color":"btn"}},"16558563708c622ca6":{"type":"brand-product","settings":{"text_alignment":"md:text-left","text_alignment_mobile":"text-left","heading":"TC53 & TC58 Powered Docks","has_underline":true,"desktop_heading_font_size":"md:text-xl","heading_font_size":"text-xl","copy":"<p>To compliment the announcement of the latest Zebra TC53 & TC58, RAM® Mounts is proud to announce a new line of form-fit powered docking stations to charge and secure these handheld PC's in virtually any environment; all while keeping features and functionality of the device fully accessible while docked. Following RAM® Mounts' reputation of manufacturing the most rugged and reliable mounting solutions on the market, these powered docks for the new TC53 & TC58 continue that tradition.<\/p>","copy_font_size":"text-base","brand_image":"shopify:\/\/shop_images\/zebra_d45ce6b7-796a-4c95-b161-e10b663007ab.png","button_text_1":"Shop TC53 & TC58","button_link_1":"\/collections\/zebra-handheld-pc?pf_mlt_device_make_model=TC53+%26+TC58&pf_mlt_device_make_model=Zebra&pf_mlt_device_make_model_and_condition=true","btn_type_1":"btn-ram","button_text_2":"","button_link_2":"","btn_type_2":"btn-dark","button_text_3":"","button_link_3":"","btn_type_3":"btn-ram","section_bg_color":"#f4f4f6"}},"16557493624751b44c":{"type":"brand-product","settings":{"text_alignment":"md:text-left","text_alignment_mobile":"text-left","heading":"Locking & Non-Locking Options","has_underline":true,"desktop_heading_font_size":"md:text-xl","heading_font_size":"text-xl","copy":"<p>The powered docks for the Zebra TC53 & TC58 are available in non-locking, or with an integrated tubular key-locking system with two two keys provided. In addition to optimal charging and mounting, these docks also offer the option of security & theft deterrence.<\/p>","copy_font_size":"text-base","brand_image":"shopify:\/\/shop_images\/locking_non-Locking.jpg","button_text_1":"","button_link_1":"","btn_type_1":"btn-ram","button_text_2":"","button_link_2":"","btn_type_2":"btn-dark","button_text_3":"","button_link_3":"","btn_type_3":"btn-ram","section_bg_color":"#ffffff"}},"1648581111639f05ed":{"type":"featured-blogs","disabled":true,"settings":{"heading":"ADVICE & <span>RAM<\/span>SPIRATION","text_desktop_alignment":"md:text-center","heading_font_size_desktop":"sm:text-xl","heading_font_size_mobile":"text-xl","mobile_vertical_padding":"py-0","mobile_horizontal_padding":"px-0","desktop_vertical_padding":"md:py-0","desktop_horizontal_padding":"md:px-0","heading_font_size_desktop_post":"sm:text-lg","article_1":"","article_2":"","article_3":"","full_width":true}},"1655856422ae6f4658":{"type":"brand-product","settings":{"text_alignment":"md:text-left","text_alignment_mobile":"text-left","heading":"Built for Zebra Accessories","has_underline":true,"desktop_heading_font_size":"md:text-xl","heading_font_size":"text-xl","copy":"<p>As Zebra offers quality ergonomic accessories for their handheld devices including the new TC53 & TC58, the RAM® powered docks are designed to accommodate those accessories. Included with these docks are optional inserts to support your device with or without the Zebra rugged boot, and a back cavity designed in the dock body will support the hand strap accessory.<\/p>","copy_font_size":"text-base","brand_image":"shopify:\/\/shop_images\/accessories_ba9a9115-23fe-40c9-acba-d46b4479842b.jpg","button_text_1":"","button_link_1":"","btn_type_1":"btn-ram","button_text_2":"","button_link_2":"","btn_type_2":"btn-dark","button_text_3":"","button_link_3":"","btn_type_3":"btn-ram","section_bg_color":"#ffffff"}},"1655856701e389a57c":{"type":"brand-product","settings":{"text_alignment":"md:text-left","text_alignment_mobile":"text-left","heading":"Top Buttons Accessible","has_underline":true,"desktop_heading_font_size":"md:text-xl","heading_font_size":"text-xl","copy":"<p>In addition to supporting ergonomic accessories, these RAM® powered docks are designed to support your Zebra device while keeping all buttons and functions accessible. Located on the top spring-loaded cup, cut-outs have been designed to allow convenient access to the top buttons of the TC53 & TC58 while docked. Your device will remain fully functional and operational without having to remove the device from the dock.<\/p>","copy_font_size":"text-base","brand_image":"shopify:\/\/shop_images\/top-buttons.jpg","button_text_1":"","button_link_1":"","btn_type_1":"btn-ram","button_text_2":"","button_link_2":"","btn_type_2":"btn-dark","button_text_3":"","button_link_3":"","btn_type_3":"btn-ram","section_bg_color":"#ffffff"}},"16588661978f238471":{"type":"brand-product","settings":{"text_alignment":"md:text-left","text_alignment_mobile":"text-left","heading":"Stylus Clip","has_underline":true,"desktop_heading_font_size":"md:text-xl","heading_font_size":"text-xl","copy":"<p>When your Zebra device is mounted in a forklift, truck or any outdoor environment, it is important that the stylus remains easily accessible. The side of the RAM® powered dock for the Zebra TC53 & TC58 offers a receiver to attach the stylus when not in use.<\/p>","copy_font_size":"text-base","brand_image":"shopify:\/\/shop_images\/stylus-clip.jpg","button_text_1":"","button_link_1":"","btn_type_1":"btn-ram","button_text_2":"","button_link_2":"","btn_type_2":"btn-dark","button_text_3":"","button_link_3":"","btn_type_3":"btn-ram","section_bg_color":"#ffffff"}},"1659048629b78eacc1":{"type":"brand-product","settings":{"text_alignment":"md:text-left","text_alignment_mobile":"text-left","heading":"Mount Your Zebra Device Anywhere","has_underline":true,"desktop_heading_font_size":"md:text-xl","heading_font_size":"text-xl","copy":"<p>The back of the RAM® powered dock for the Zebra TC53 & TC58 contains the industry standard 2-hole AMPS hole pattern. This pattern allows you to connect your dock to the hundreds of ball and socket mounting components (B Size or C Size), which can mount your device to virtually any type of vehicle or mounting surface. Whether you are connecting to a forklift, truck, cart, workstation, flat surface, rail, windshield, or anywhere else, RAM® Mounts are known as the most rugged, adjustable and modular mounting system on the market, serving dozens of industries worldwide.<\/p>","copy_font_size":"text-base","brand_image":"shopify:\/\/shop_images\/mounts.jpg","button_text_1":"","button_link_1":"","btn_type_1":"btn-ram","button_text_2":"","button_link_2":"","btn_type_2":"btn-dark","button_text_3":"","button_link_3":"","btn_type_3":"btn-ram","section_bg_color":"#fff"}}},"order":["164633050094510fa7","16558563708c622ca6","16557493624751b44c","1648581111639f05ed","1655856422ae6f4658","1655856701e389a57c","16588661978f238471","1659048629b78eacc1"]}