{"sections":{"1656454272b2f2b152":{"type":"copy","settings":{"main":false,"hide_title":false,"text_alignment":"text-left","heading":"California Proposition 65 Certificate of Compliance","desktop_heading_font_size":"md:text-3xl","heading_font_size":"text-xl","copy":"<p><strong>Company: <\/strong>National Products Inc.<br\/><strong>Address: <\/strong>8410 Dallas Ave S.<br\/>Seattle, Wa. 98108<br\/><br\/><strong>Contact person: <\/strong>Chad Remmers<br\/><strong>Title: <\/strong>COO<br\/><strong>E-mail: <\/strong><a href=\"mailto:chad.remmers@rammount.com\">chad.remmers@rammount.com<\/a> Telephone: 206-763-8361<br\/><br\/>P\/N: All Products Produced<br\/><br\/>This letter is to assure that the above-mentioned product(s) made from the above-mentioned company do not contain any of the following California Proposition 65 chemicals, or if a threshold is stated, then all before mentioned parts are below the required levels.<\/p>","copy_font_size":"text-base","full_width":false}},"16564523214663daa4":{"type":"copy","settings":{"main":true,"hide_title":false,"text_alignment":"text-left","heading":"","desktop_heading_font_size":"md:text-base","heading_font_size":"text-xl","copy":"","copy_font_size":"text-base","full_width":false}},"1656452688dd7335c7":{"type":"title-section","settings":{"text_alignment":"md:text-left","text_alignment_mobile":"text-left","heading":"\"RAM\" Prefix Code","desktop_heading_font_size":"md:text-xl","heading_font_size":"text-xl","copy":"<p>To provide lightweight strength and corrosion resistance, RAM is made of marine grade aluminum with a black powder coated finish, stainless steel hardware and rubber balls. The standard mount bases include a yoke mount, round base, rubber suction cup and U-bolt handlebar for attaching electronic and GPS devices. Other configurations can be considered for laptop systems in vehicles and marine uses. <\/p><p>Recognized and accepted by the U.S. Patent Office, RAM is the only universal ball-and-socket system that holds tremendous amounts of weight in high vibration applications for military, commercial and private use.<\/p>","copy_font_size":"text-base","mobile_vertical_padding":"py-8","mobile_horizontal_padding":"px-8","desktop_vertical_padding":"md:py-12","desktop_horizontal_padding":"md:px-8","title_color":"#000","copy_color":"#cd1e27","section_bg_color":"#ffffff"}},"165645284386c79ed0":{"type":"title-section","settings":{"text_alignment":"md:text-left","text_alignment_mobile":"text-left","heading":"\"RAP\" Prefix Code","desktop_heading_font_size":"md:text-xl","heading_font_size":"text-xl","copy":"<p>Many of these parts are available in composite, mount part number has the prefix code RAP. The composite components include both single and double socket arm assemblies with the same patented rubber ball and socket technology. The octagon button system works with the Quick Snap Belt Clip Holder, Quick Snap Surface. The new Snap Flex Link System is a male to female snap together configuration that has screws to tension the joint. The RAM Rail Mounts for handle bars and railings with a 1\" rubber ball and or diamond base for adaptation to any other diamond base system. Then again, the possible mounting solutions are endless, affordable and backed by the NPI Lifetime Warranty.<\/p>","copy_font_size":"text-base","mobile_vertical_padding":"py-8","mobile_horizontal_padding":"px-8","desktop_vertical_padding":"md:py-12","desktop_horizontal_padding":"md:px-8","title_color":"#000","copy_color":"#cd1e27","section_bg_color":"#ffffff"}}},"order":["1656454272b2f2b152","16564523214663daa4","1656452688dd7335c7","165645284386c79ed0"]}