{"sections":{"164633050094510fa7":{"type":"hero","settings":{"section_id":"","desktop_image":"shopify:\/\/shop_images\/view.jpg","desktop_image_height":300,"content_desktop_alignment":"md:justify-start","text_desktop_alignment":"md:text-left","desktop_heading":"","desktop_subheading":"","copy":"","heading_tag":"h1","heading_font_size_desktop":"sm:text-5xl","heading_font_size_mobile":"text-3xl","desktop_button_text":"Click Here","desktop_button_link":"","desktop_button_text2":"","desktop_button_link2":"","desktop_text_color":"#ffffff","desktop_subheading_color":"#ffffff","button_bg":"#ffffff","button_hover_bg":"#000000","button_text":"#000000","button_hover_text":"#ffffff","button2_bg":"#ffffff","button2_border_bg":"#ffffff","button2_hover_bg":"#000000","button2_text":"#000000","button2_hover_text":"#ffffff","mobile_image":"shopify:\/\/shop_images\/view_5080982f-2580-4cec-9f6e-dba4d7b13444.jpg","mobile_image_height":425,"text_mobile_alignment":"text-left","text_mobile_vertical_alignment":"justify-center","mobile_text_color":"#ffffff","mobile_button_color":"btn"}},"1655502920ceb1a078":{"type":"ram-title-with-button","settings":{"text_alignment":"md:text-left","text_alignment_mobile":"text-left","heading":"GDS® View™","desktop_heading_font_size":"md:text-3xl","heading_font_size":"text-2xl","copy":"<p>Wherever you need the PC experience, the GDS® View™ 13.3” touchscreen monitor is there to deliver. The integrated VESA hole pattern makes the monitor RAM® Mounts Compatible™ to secure with RAM® ball bases and double socket arms. Backed by MIL-STD-810G 514.5 vibration testing, this rugged monitor solution delivers the same quality you’ve come to expect from every GDS® Tech™ product.<\/p>","copy_font_size":"text-base","btn_label":"Shop All GDS® View™","btn_url":"\/collections\/gds-view-monitor","btn_type":"btn-ram","section_bg_color":"#f4f4f6"}},"16486560366c7b7837":{"type":"brand-product","disabled":true,"settings":{"text_alignment":"md:text-left","text_alignment_mobile":"text-center","heading":"RAM® Stubby™","has_underline":false,"desktop_heading_font_size":"md:text-4xl","heading_font_size":"text-2xl","copy":"<p>With a durable composite shell and flexible support fins, the RAM® Stubby™ is a portable and versatile mounting solution for your vehicle’s cup holders. The B Size RAM® rubber ball allows for maximum adjustability so you can achieve the perfect viewing angle of your phone or tablet.<\/p>","copy_font_size":"text-base","button_text_1":"Shop All RAM® Stubby™","button_link_1":"https:\/\/www.rammount.com\/images\/consumer\/product-lines\/lil-buddy\/sections\/lilbuddy-section1.jpg","btn_type_1":"btn-ram","button_text_2":"","button_link_2":"","btn_type_2":"btn-dark","button_text_3":"","button_link_3":"","btn_type_3":"btn-ram","section_bg_color":"#f4f4f6"}},"1648577237754fb6a9":{"type":"brand-product","settings":{"text_alignment":"md:text-left","text_alignment_mobile":"text-left","heading":"Overview","has_underline":true,"desktop_heading_font_size":"md:text-xl","heading_font_size":"text-xl","copy":"<p>The GDS® View™ anti-glare monitor features a two-point capacitive touchscreen that allows you to pinch, zoom, and select. Audio is delivered through two integrated 2W speakers, and control buttons are easily accessible on the front of the monitor. To reduce eyestrain, take advantage of the red monochrome night mode.<\/p>","copy_font_size":"text-base","brand_image":"shopify:\/\/shop_images\/view-section1.jpg","button_text_1":"Learn More","button_link_1":"shopify:\/\/products\/ram-gds-mon-13-1","btn_type_1":"btn-dark","button_text_2":"","button_link_2":"","btn_type_2":"btn-dark","button_text_3":"","button_link_3":"","btn_type_3":"btn-ram","section_bg_color":"#ffffff"}},"1648579274ae6e3e3d":{"type":"brand-product","settings":{"text_alignment":"text-left","text_alignment_mobile":"text-left","heading":"Vehicle Mounts","has_underline":true,"desktop_heading_font_size":"md:text-xl","heading_font_size":"text-xl","copy":"<p>The GDS® View™ monitor and other GDS® Ecosystem™ products are RAM® Mounts Compatible™ – giving you everything needed to create a rugged mobile workstation. RAM® No-Drill™ mounting bases are designed to fit compatible vehicles perfectly using the front bench or passenger side seat rail bolts as attachment points. Combined with the RAM® Tele-Pole™ with flange and swing arm components, position the GDS® View™ monitor at nearly any angle.<\/p>","copy_font_size":"text-base","brand_image":"shopify:\/\/shop_images\/view-section2.jpg","button_text_1":"Select Your Vehicle","button_link_1":"\/collections\/gds-view-vehicle-mounts","btn_type_1":"btn-ram","button_text_2":"","button_link_2":"","btn_type_2":"btn-dark","button_text_3":"","button_link_3":"","btn_type_3":"btn-ram","section_bg_color":"#ffffff"}},"1648581111639f05ed":{"type":"featured-blogs","disabled":true,"settings":{"heading":"ADVICE & <span>RAM<\/span>SPIRATION","text_desktop_alignment":"md:text-center","heading_font_size_desktop":"sm:text-xl","heading_font_size_mobile":"text-xl","mobile_vertical_padding":"py-0","mobile_horizontal_padding":"px-0","desktop_vertical_padding":"md:py-0","desktop_horizontal_padding":"md:px-0","heading_font_size_desktop_post":"sm:text-lg","article_1":"","article_2":"","article_3":"","full_width":true}},"1652905403c8371fdb":{"type":"brand-product","settings":{"text_alignment":"md:text-left","text_alignment_mobile":"text-left","heading":"Universal Mounts","has_underline":true,"desktop_heading_font_size":"md:text-xl","heading_font_size":"text-xl","copy":"<p>Universal ball mounts featuring VESA hole patterns make it easy to connect the GDS® View™ monitor to the RAM® double ball and socket system. Start by attaching a VESA hole pattern C or D size ball base to the monitor, and then choose a compatible RAM® double socket arm. With the simple twist of the arm’s knob, adjust your GDS® View™ monitor to the ideal viewing and operating angle.<\/p>","copy_font_size":"text-base","brand_image":"shopify:\/\/shop_images\/view-section3.jpg","button_text_1":"Shop Universal Mounts","button_link_1":"\/collections\/gds-view-universal-mounts","btn_type_1":"btn-ram","button_text_2":"","button_link_2":"","btn_type_2":"btn-dark","button_text_3":"","button_link_3":"","btn_type_3":"btn-ram","section_bg_color":"#ffffff"}},"165550292446bfa97d":{"type":"brand-product","settings":{"text_alignment":"md:text-left","text_alignment_mobile":"text-left","heading":"Connect with GDS® Ecosystem™","has_underline":true,"desktop_heading_font_size":"md:text-xl","heading_font_size":"text-xl","copy":"<p>It doesn’t end with the GDS® View™ monitor – the RAM® Mounts Compatible™ GDS® Ecosystem™ has everything you need to make your mobile workstation work for you. Complete your setup with peripherals like the GDS® Keyboard™ and the GDS® Audio™ speaker, and connect it all with a GDS® Hub™. In addition, GDS® vehicle docks provide charging and data sync capabilities for IntelliSkin®-enabled devices to keep your devices powered and protected.<\/p>","copy_font_size":"text-base","brand_image":"shopify:\/\/shop_images\/view-section4.5.jpg","button_text_1":"Learn More","button_link_1":"\/pages\/gds-tech","btn_type_1":"btn-dark","button_text_2":"","button_link_2":"","btn_type_2":"btn-dark","button_text_3":"","button_link_3":"","btn_type_3":"btn-ram","section_bg_color":"#ffffff"}}},"order":["164633050094510fa7","1655502920ceb1a078","16486560366c7b7837","1648577237754fb6a9","1648579274ae6e3e3d","1648581111639f05ed","1652905403c8371fdb","165550292446bfa97d"]}