{"sections":{"164633050094510fa7":{"type":"hero","settings":{"section_id":"","desktop_image":"shopify:\/\/shop_images\/Magellan_Banner.jpg","line_color":"#cd1e27","desktop_image_height":300,"content_desktop_alignment":"md:justify-start","text_desktop_alignment":"md:text-left","desktop_heading":"","desktop_subheading":"","copy":"","heading_tag":"h1","heading_font_size_desktop":"sm:text-5xl","heading_font_size_mobile":"text-3xl","desktop_button_text":"Click Here","desktop_button_link":"","desktop_button_text2":"","desktop_button_link2":"","desktop_text_color":"#ffffff","desktop_subheading_color":"#ffffff","button_bg":"#ffffff","button_hover_bg":"#000000","button_text":"#000000","button_hover_text":"#ffffff","button2_bg":"#ffffff","button2_border_bg":"#ffffff","button2_hover_bg":"#000000","button2_text":"#000000","button2_hover_text":"#ffffff","mobile_image":"shopify:\/\/shop_images\/magellan_b90cade1-c3fc-4f7e-8cff-9ee8d94a0dd1.jpg","mobile_image_height":425,"text_mobile_alignment":"text-left","text_mobile_vertical_alignment":"justify-center","mobile_text_color":"#ffffff","mobile_button_color":"btn"}},"16486560366c7b7837":{"type":"brand-product","settings":{"text_alignment":"md:text-left","text_alignment_mobile":"text-center","heading":"Magellan","has_underline":false,"desktop_heading_font_size":"md:text-4xl","heading_font_size":"text-2xl","copy":"<p>Keep your Magellan GPS device secure and accessible with rugged and reliable solutions from RAM® Mounts. Just choose your Magellan model and find the form-fit cradle made specifically for your device. To complete your setup, pair the cradle with a compatible RAM® mounting base and arm. Explore the full line of Magellan mounts below.<\/p>","copy_font_size":"text-base","brand_image":"shopify:\/\/shop_images\/magellan.png","button_text_1":"Shop All Magellan","button_link_1":"\/collections\/magellan","btn_type_1":"btn-ram","button_text_2":"","button_link_2":"","btn_type_2":"btn-dark","button_text_3":"","button_link_3":"","btn_type_3":"btn-ram","section_bg_color":"#f4f4f6"}},"1648577237754fb6a9":{"type":"brand-product","settings":{"text_alignment":"text-left","text_alignment_mobile":"text-left","heading":"eXplorist® TRX7 Mounts","has_underline":true,"desktop_heading_font_size":"md:text-xl","heading_font_size":"text-xl","copy":"<p>With RAM® mounting solutions for the popular Magellan eXplorist® TRX7 series, keep your unit exactly where you want it for convenient viewing and accessibility. Depending on your preferred mount length and mounting surface, choose an arm and base – like the RAM® Handlebar U-bolt or the RAM® Twist-Lock™ Suction Cup.<\/p>","copy_font_size":"text-base","brand_image":"shopify:\/\/shop_images\/magellan-section1.jpg","button_text_1":"Learn More","button_link_1":"\/collections\/magellan?pf_mlt_brand=TRX7","btn_type_1":"btn-ram","button_text_2":"","button_link_2":"","btn_type_2":"btn-dark","button_text_3":"","button_link_3":"","btn_type_3":"btn-ram","section_bg_color":"#ffffff"}},"1648579274ae6e3e3d":{"type":"brand-product","settings":{"text_alignment":"text-left","text_alignment_mobile":"text-left","heading":"Form-Fit Holders","has_underline":true,"desktop_heading_font_size":"md:text-xl","heading_font_size":"text-xl","copy":"<p>Engineered for your specific Magellan device, RAM® form-fit holders are compatible with a wide range of mounting bases – allowing you to mount your Magellan where you need it most. Choose from bases for flat surfaces, handlebars, rails, windshields, and more.<\/p>","copy_font_size":"text-base","brand_image":"shopify:\/\/shop_images\/magellan-section2.jpg","button_text_1":"Shop Form-Fit Holders","button_link_1":"https:\/collections\/magellan?pf_mlt_device_make_model=Magellan&pf_mlt_device_make_model_and_condition=true&pf_t_features=Custom+Form-Fit\/\/www.rammount.com\/consumer\/brands\/magellan","btn_type_1":"btn-ram","button_text_2":"","button_link_2":"","btn_type_2":"btn-dark","button_text_3":"","button_link_3":"","btn_type_3":"btn-ram","section_bg_color":"#ffffff"}},"1648581111639f05ed":{"type":"featured-blogs","disabled":true,"settings":{"heading":"ADVICE & <span>RAM<\/span>SPIRATION","text_desktop_alignment":"md:text-center","heading_font_size_desktop":"sm:text-xl","heading_font_size_mobile":"text-xl","mobile_vertical_padding":"py-0","mobile_horizontal_padding":"px-0","desktop_vertical_padding":"md:py-0","desktop_horizontal_padding":"md:px-0","heading_font_size_desktop_post":"sm:text-lg","article_1":"","article_2":"","article_3":"","full_width":true}}},"order":["164633050094510fa7","16486560366c7b7837","1648577237754fb6a9","1648579274ae6e3e3d","1648581111639f05ed"]}