{"sections":{"1658778631fe0eff80":{"type":"title-section","settings":{"text_alignment":"md:text-center","text_alignment_mobile":"text-center","heading":"RAM® Mounts Events Schedule","desktop_heading_font_size":"md:text-2xl","heading_font_size":"text-2xl","copy":"","copy_font_size":"text-base","mobile_vertical_padding":"py-8","mobile_horizontal_padding":"px-8","desktop_vertical_padding":"md:py-8","desktop_horizontal_padding":"md:px-8","title_color":"#000000","copy_color":"#cd1e27","section_bg_color":"#ffffff"}},"16587779142b6d192e":{"type":"multicolumn-events","blocks":{"b06aea5f-273b-4bcc-934f-11d13b592b32":{"type":"multicolumn-text","disabled":true,"settings":{"desktop_col_span":"lg:w-1\/3","column_text_alignment":"text-left","event_title":"<p>Big Rock Outdoor Expo<\/p>","event_date":"<p>1\/4\/2023- 1\/6\/2023<\/p>","event_location":"<p>Music City Center<br\/>Booth 509<\/p>","event_info":"Event Information","event_link":"https:\/\/www.bigrocksports.com\/big-rock-advantage\/shows\/","mobile_heading_font_size":"text-xl","desktop_heading_font_size":"md:text-xl","mobile_content_font_size":"text-base","desktop_content_font_size":"md:text-base"}},"d3ec19a9-cb2c-4fd0-afb2-b0a41da291a1":{"type":"multicolumn-text","disabled":true,"settings":{"desktop_col_span":"lg:w-1\/3","column_text_alignment":"text-left","event_title":"<p>CES<\/p>","event_date":"<p>1\/5\/2023 - 1\/8\/2023<\/p>","event_location":"<p>Las Vegas, NV<br\/>Booth 52968<\/p>","event_info":"Event Information","event_link":"https:\/\/www.ces.tech","mobile_heading_font_size":"text-xl","desktop_heading_font_size":"md:text-xl","mobile_content_font_size":"text-base","desktop_content_font_size":"md:text-base"}},"5ef0f73c-408c-4833-b7b3-765ef187fd06":{"type":"multicolumn-text","disabled":true,"settings":{"desktop_col_span":"lg:w-1\/3","column_text_alignment":"text-left","event_title":"<p>NRF<\/p>","event_date":"<p>1\/15\/2023 - 1\/17\/2023<\/p>","event_location":"<p>Jacob K. Javits Convention Center<br\/>Booth 214<\/p>","event_info":"Event Information","event_link":"https:\/\/nrfbigshow.nrf.com\/","mobile_heading_font_size":"text-xl","desktop_heading_font_size":"md:text-xl","mobile_content_font_size":"text-base","desktop_content_font_size":"md:text-base"}},"36085fe7-2079-426d-b3a7-70cc14e70466":{"type":"multicolumn-text","disabled":true,"settings":{"desktop_col_span":"lg:w-1\/3","column_text_alignment":"text-left","event_title":"<p>WOC<\/p>","event_date":"<p>1\/17\/2023 - 1\/19\/2023<\/p>","event_location":"<p>Las Vegas Convention Center<br\/>Booth N1156<\/p>","event_info":"Event Information","event_link":"https:\/\/www.worldofconcrete.com\/en\/attendee.html","mobile_heading_font_size":"text-xl","desktop_heading_font_size":"md:text-xl","mobile_content_font_size":"text-base","desktop_content_font_size":"md:text-base"}},"3c0c453f-8182-4ca6-9e59-cfa647b009d1":{"type":"multicolumn-text","disabled":true,"settings":{"desktop_col_span":"lg:w-1\/3","column_text_alignment":"text-left","event_title":"<p>Zebra SKO<\/p>","event_date":"<p>1\/23\/2023 - 1\/25\/2023<\/p>","event_location":"<p>Hilton Riverside<\/p>","event_info":"Event Information","event_link":"","mobile_heading_font_size":"text-xl","desktop_heading_font_size":"md:text-xl","mobile_content_font_size":"text-base","desktop_content_font_size":"md:text-base"}},"7454857a-f4c3-4b8d-8b10-269a0cc512db":{"type":"multicolumn-text","disabled":true,"settings":{"desktop_col_span":"lg:w-1\/3","column_text_alignment":"text-left","event_title":"<p>Geotab Connect<\/p>","event_date":"<p>2\/5\/2023 - 2\/8\/2023<\/p>","event_location":"<p>Orlando, FL<br\/>Booth C10<\/p>","event_info":"Event Information","event_link":"https:\/\/www.geotab.com\/connect\/","mobile_heading_font_size":"text-xl","desktop_heading_font_size":"md:text-xl","mobile_content_font_size":"text-base","desktop_content_font_size":"md:text-base"}},"d68721c8-f78b-496d-8213-a861af7f6bd7":{"type":"multicolumn-text","disabled":true,"settings":{"desktop_col_span":"lg:w-1\/3","column_text_alignment":"text-left","event_title":"<p>CWR Expo<\/p>","event_date":"<p>2\/7\/2023 - 2\/8\/2023<\/p>","event_location":"<p>Sheraton Atlantic City Convention Center Hotel<\/p>","event_info":"Event Information","event_link":"https:\/\/cwrdistribution.com\/expo","mobile_heading_font_size":"text-xl","desktop_heading_font_size":"md:text-xl","mobile_content_font_size":"text-base","desktop_content_font_size":"md:text-base"}},"fd1425e9-1cc1-4185-806a-6b010ab850ac":{"type":"multicolumn-text","disabled":true,"settings":{"desktop_col_span":"lg:w-1\/3","column_text_alignment":"text-left","event_title":"<p>AIMExpo<\/p>","event_date":"<p>2\/15\/2023 - 2\/17\/2023<\/p>","event_location":"<p>Las Vegas Convention Center<br\/>Booth 2012<\/p>","event_info":"Event Information","event_link":"https:\/\/aimexpousa.com\/aimexpo-general-information\/","mobile_heading_font_size":"text-xl","desktop_heading_font_size":"md:text-xl","mobile_content_font_size":"text-base","desktop_content_font_size":"md:text-base"}},"380a54c4-bc4a-4ada-ace3-13f11b79afac":{"type":"multicolumn-text","settings":{"desktop_col_span":"lg:w-1\/3","column_text_alignment":"text-left","event_title":"<p>TCA Annual Convention<\/p>","event_date":"<p>3\/4\/2023 - 3\/7\/2023<\/p>","event_location":"<p>Gaylord Palms Resort and Convention Center<br\/>Booth 630<\/p>","event_info":"Event Information","event_link":"https:\/\/truckload.org\/events\/2023-annual-convention\/","mobile_heading_font_size":"text-xl","desktop_heading_font_size":"md:text-xl","mobile_content_font_size":"text-base","desktop_content_font_size":"md:text-base"}},"2a9acd70-13dd-473b-9d03-c476c2cd1260":{"type":"multicolumn-text","settings":{"desktop_col_span":"lg:w-1\/3","column_text_alignment":"text-left","event_title":"<p>BAPCO<\/p>","event_date":"<p>3\/7\/2023 - 3\/8\/2023<\/p>","event_location":"<p>Coventry Building Society Arena<br\/>Booth E36<br\/><em>Attended by RAM® UK<\/em><\/p>","event_info":"Event Information","event_link":"https:\/\/www.bapco-show.co.uk\/","mobile_heading_font_size":"text-xl","desktop_heading_font_size":"md:text-xl","mobile_content_font_size":"text-base","desktop_content_font_size":"md:text-base"}},"95806e4a-e30d-4962-b4d3-7d1b971885e1":{"type":"multicolumn-text","settings":{"desktop_col_span":"lg:w-1\/3","column_text_alignment":"text-left","event_title":"<p>Work Truck Week<\/p>","event_date":"<p>3\/8\/2023 - 3\/10\/2023<\/p>","event_location":"<p>Indianapolis, IN<br\/>Booth 205<\/p>","event_info":"Event Information","event_link":"https:\/\/www.worktruckweek.com\/","mobile_heading_font_size":"text-xl","desktop_heading_font_size":"md:text-xl","mobile_content_font_size":"text-base","desktop_content_font_size":"md:text-base"}},"16058d20-e825-4ca5-8478-ca6e3ae7b546":{"type":"multicolumn-text","settings":{"desktop_col_span":"lg:w-1\/3","column_text_alignment":"text-left","event_title":"<p>CONEXPO\/CON-AGG<\/p>","event_date":"<p>3\/14\/2023 - 3\/18\/2023<\/p>","event_location":"<p>Las Vegas, NV<br\/>Booth N11173<\/p>","event_info":"Event Information","event_link":"https:\/\/www.conexpoconagg.com\/","mobile_heading_font_size":"text-xl","desktop_heading_font_size":"md:text-xl","mobile_content_font_size":"text-base","desktop_content_font_size":"md:text-base"}},"05d86ac0-3c8e-40c0-870e-e65a60510c7d":{"type":"multicolumn-text","settings":{"desktop_col_span":"lg:w-1\/3","column_text_alignment":"text-left","event_title":"<p>ProMat<\/p>","event_date":"<p>3\/20\/2023 - 3\/23\/2023<\/p>","event_location":"<p>McCormick Place<br\/>Booth S1161 & S1061<\/p>","event_info":"Event Information","event_link":"https:\/\/www.promatshow.com\/","mobile_heading_font_size":"text-xl","desktop_heading_font_size":"md:text-xl","mobile_content_font_size":"text-base","desktop_content_font_size":"md:text-base"}},"3a2f80d1-712d-4518-9c20-f5f377a024c9":{"type":"multicolumn-text","settings":{"desktop_col_span":"lg:w-1\/3","column_text_alignment":"text-left","event_title":"<p>Commerical Vehicle Show<\/p>","event_date":"<p>4\/18\/2023 - 4\/20\/2023<\/p>","event_location":"<p>NEC Birmingham<\/p><p>Booth 5B44<br\/><em>Attended by RAM® UK<\/em><\/p>","event_info":"Event Information","event_link":"https:\/\/cvshow.com\/","mobile_heading_font_size":"text-xl","desktop_heading_font_size":"md:text-xl","mobile_content_font_size":"text-base","desktop_content_font_size":"md:text-base"}},"b8231aee-3665-4260-83ba-fc19f93f35bb":{"type":"multicolumn-text","settings":{"desktop_col_span":"lg:w-1\/3","column_text_alignment":"text-left","event_title":"<p>AERO Friedrichshafen<\/p>","event_date":"<p>4\/19\/2023 - 4\/22\/2023<\/p>","event_location":"<p>Friedrichshafen, Germany<\/p><p>Booth A6-100<\/p><p><em>Attended by RAM® Germany<\/em><\/p>","event_info":"Event Information","event_link":"https:\/\/www.aero-expo.com\/","mobile_heading_font_size":"text-xl","desktop_heading_font_size":"md:text-xl","mobile_content_font_size":"text-base","desktop_content_font_size":"md:text-base"}},"f5854ec7-3e50-44c8-bb39-493a61967af3":{"type":"multicolumn-text","settings":{"desktop_col_span":"lg:w-1\/3","column_text_alignment":"text-left","event_title":"<p>LogiMAT<\/p>","event_date":"<p>4\/25\/2023 - 4\/27\/2023<\/p>","event_location":"<p>Stuttgart Trade Fair Centre<\/p><p>Booth 4F76<\/p><p><em>Attended by RAM® Germany<\/em><\/p>","event_info":"Event Information","event_link":"https:\/\/www.logimat-messe.de\/en","mobile_heading_font_size":"text-xl","desktop_heading_font_size":"md:text-xl","mobile_content_font_size":"text-base","desktop_content_font_size":"md:text-base"}},"191a1b7f-b7dc-4adc-9c02-2f9673b16dc2":{"type":"multicolumn-text","settings":{"desktop_col_span":"lg:w-1\/3","column_text_alignment":"text-left","event_title":"<p>Waste Expo<\/p>","event_date":"<p>5\/2\/2023 - 5\/5\/2023<\/p>","event_location":"<p>Ernext N. Morial Convention Center<br\/>Booth 1402<\/p>","event_info":"Event Information","event_link":"https:\/\/www.wasteexpo.com\/en\/home.html","mobile_heading_font_size":"text-xl","desktop_heading_font_size":"md:text-xl","mobile_content_font_size":"text-base","desktop_content_font_size":"md:text-base"}},"234bec2a-4c84-4060-b897-457fb8856fde":{"type":"multicolumn-text","settings":{"desktop_col_span":"lg:w-1\/3","column_text_alignment":"text-left","event_title":"<p>Transport Logistic<\/p>","event_date":"<p>5\/9\/2023 - 5\/12\/2023<\/p>","event_location":"<p>Trade Fair Center Messe München<br\/>Booth A3.618<\/p><p><em>Attended by RAM® Germany<\/em><\/p>","event_info":"Event Information","event_link":"https:\/\/transportlogistic.de\/en\/","mobile_heading_font_size":"text-xl","desktop_heading_font_size":"md:text-xl","mobile_content_font_size":"text-base","desktop_content_font_size":"md:text-base"}},"11262ca8-546c-4cbf-90c8-00e4ab808e40":{"type":"multicolumn-text","settings":{"desktop_col_span":"lg:w-1\/3","column_text_alignment":"text-left","event_title":"<p>ITT Hub<\/p>","event_date":"<p>5\/10\/2023 - 5\/11\/2023<\/p>","event_location":"<p>Farnborough International Exhibition & Conference Center<br\/>Booth 1030<br\/><em>Attended by RAM® UK<\/em><\/p>","event_info":"Event Information","event_link":"https:\/\/itthub.co.uk\/","mobile_heading_font_size":"text-xl","desktop_heading_font_size":"md:text-xl","mobile_content_font_size":"text-base","desktop_content_font_size":"md:text-base"}},"95fb1627-5b57-43ee-8065-58d4e12cfc41":{"type":"multicolumn-text","settings":{"desktop_col_span":"lg:w-1\/3","column_text_alignment":"text-left","event_title":"<p>GEO Business<\/p>","event_date":"<p>5\/17\/2023 - 5\/18\/2023<\/p>","event_location":"<p>ExCel London<br\/>Booth G415<br\/><em>Attended by RAM® UK<\/em><\/p>","event_info":"Event Information","event_link":"https:\/\/www.geobusinessshow.com\/","mobile_heading_font_size":"text-xl","desktop_heading_font_size":"md:text-xl","mobile_content_font_size":"text-base","desktop_content_font_size":"md:text-base"}},"56fada72-b406-442e-b0a0-0690e8ebe272":{"type":"multicolumn-text","disabled":true,"settings":{"desktop_col_span":"lg:w-1\/3","column_text_alignment":"text-left","event_title":"<p>Overland Expo PNW<\/p>","event_date":"<p>7\/7\/2023 - 7\/9\/2023<\/p>","event_location":"<p>Dechutes County Expo Center<br\/>Booth TBD<\/p>","event_info":"Event Information","event_link":"https:\/\/www.overlandexpo.com\/pacific-northwest\/","mobile_heading_font_size":"text-xl","desktop_heading_font_size":"md:text-xl","mobile_content_font_size":"text-base","desktop_content_font_size":"md:text-base"}},"94f4736c-15f4-44f3-8596-d4b532623468":{"type":"multicolumn-text","disabled":true,"settings":{"desktop_col_span":"lg:w-1\/3","column_text_alignment":"text-left","event_title":"<p>ICAST<\/p>","event_date":"<p>7\/11\/2023 - 7\/14\/2023<\/p>","event_location":"<p>Orange County Convention Center<br\/>Booth TBD<\/p>","event_info":"Event Information","event_link":"https:\/\/icastfishing.org\/future-show-dates\/","mobile_heading_font_size":"text-xl","desktop_heading_font_size":"md:text-xl","mobile_content_font_size":"text-base","desktop_content_font_size":"md:text-base"}},"bb33e0c2-da5f-47f2-acfa-5bdcc65471ff":{"type":"multicolumn-text","disabled":true,"settings":{"desktop_col_span":"lg:w-1\/3","column_text_alignment":"text-left","event_title":"<p>IFDA Distribution Convention<\/p>","event_date":"<p>9\/10\/2023 - 9\/13\/2023<\/p>","event_location":"<p>Fort Worth Convention Center<\/p><p>Booth TBD<\/p>","event_info":"Event Information","event_link":"https:\/\/www.ifdaonline.org\/events\/distribution-solutions-conference","mobile_heading_font_size":"text-xl","desktop_heading_font_size":"md:text-xl","mobile_content_font_size":"text-base","desktop_content_font_size":"md:text-base"}},"f1ca30a4-f05a-47d7-8002-65c78448b5dc":{"type":"multicolumn-text","disabled":true,"settings":{"desktop_col_span":"lg:w-1\/3","column_text_alignment":"text-left","event_title":"<p>Utility Expo<\/p>","event_date":"<p>9\/26\/2023 - 9\/28\/2023<\/p>","event_location":"<p>Louisville, KY<br\/>Booth TBD<\/p>","event_info":"Event Information","event_link":"https:\/\/www.theutilityexpo.com\/","mobile_heading_font_size":"text-xl","desktop_heading_font_size":"md:text-xl","mobile_content_font_size":"text-base","desktop_content_font_size":"md:text-base"}},"ed6582b5-d6ab-4821-9952-db0e967deee6":{"type":"multicolumn-text","disabled":true,"settings":{"desktop_col_span":"lg:w-1\/3","column_text_alignment":"text-left","event_title":"<p>AUSA<\/p>","event_date":"<p>10\/9\/2023 - 10\/11\/2023<\/p>","event_location":"<p>Washington DC<br\/>Booth TBD<\/p>","event_info":"Event Information","event_link":"https:\/\/www.ausa.org\/future-annual-meeting-dates","mobile_heading_font_size":"text-xl","desktop_heading_font_size":"md:text-xl","mobile_content_font_size":"text-base","desktop_content_font_size":"md:text-base"}},"640abd13-8835-40ff-ac67-148894c3bd8b":{"type":"multicolumn-text","disabled":true,"settings":{"desktop_col_span":"lg:w-1\/3","column_text_alignment":"text-left","event_title":"<p>IACP<\/p>","event_date":"<p>10\/14\/2023 - 10\/17\/2023<\/p>","event_location":"<p>San Diego<br\/>Booth 3150<\/p>","event_info":"Event Information","event_link":"https:\/\/www.theiacpconference.org\/","mobile_heading_font_size":"text-xl","desktop_heading_font_size":"md:text-xl","mobile_content_font_size":"text-base","desktop_content_font_size":"md:text-base"}},"9d3bb3a6-0b54-44dd-a824-99eb8cf3c0e6":{"type":"multicolumn-text","disabled":true,"settings":{"desktop_col_span":"lg:w-1\/3","column_text_alignment":"text-left","event_title":"<p>ATA\/MCE23<\/p>","event_date":"<p>10\/14\/2023 - 10\/17\/2022<\/p>","event_location":"<p>Austin, TX<br\/>Booth 7030<\/p>","event_info":"Event Information","event_link":"https:\/\/mce.trucking.org\/","mobile_heading_font_size":"text-xl","desktop_heading_font_size":"md:text-xl","mobile_content_font_size":"text-base","desktop_content_font_size":"md:text-base"}}},"block_order":["b06aea5f-273b-4bcc-934f-11d13b592b32","d3ec19a9-cb2c-4fd0-afb2-b0a41da291a1","5ef0f73c-408c-4833-b7b3-765ef187fd06","36085fe7-2079-426d-b3a7-70cc14e70466","3c0c453f-8182-4ca6-9e59-cfa647b009d1","7454857a-f4c3-4b8d-8b10-269a0cc512db","d68721c8-f78b-496d-8213-a861af7f6bd7","fd1425e9-1cc1-4185-806a-6b010ab850ac","380a54c4-bc4a-4ada-ace3-13f11b79afac","2a9acd70-13dd-473b-9d03-c476c2cd1260","95806e4a-e30d-4962-b4d3-7d1b971885e1","16058d20-e825-4ca5-8478-ca6e3ae7b546","05d86ac0-3c8e-40c0-870e-e65a60510c7d","3a2f80d1-712d-4518-9c20-f5f377a024c9","b8231aee-3665-4260-83ba-fc19f93f35bb","f5854ec7-3e50-44c8-bb39-493a61967af3","191a1b7f-b7dc-4adc-9c02-2f9673b16dc2","234bec2a-4c84-4060-b897-457fb8856fde","11262ca8-546c-4cbf-90c8-00e4ab808e40","95fb1627-5b57-43ee-8065-58d4e12cfc41","56fada72-b406-442e-b0a0-0690e8ebe272","94f4736c-15f4-44f3-8596-d4b532623468","bb33e0c2-da5f-47f2-acfa-5bdcc65471ff","f1ca30a4-f05a-47d7-8002-65c78448b5dc","ed6582b5-d6ab-4821-9952-db0e967deee6","640abd13-8835-40ff-ac67-148894c3bd8b","9d3bb3a6-0b54-44dd-a824-99eb8cf3c0e6"],"settings":{"section_class":"","full_width":false,"column_padding":"px-2","tile_font_family":"font-heading","mobile_vertical_padding":"py-8","mobile_horizontal_padding":"px-8","desktop_vertical_padding":"md:py-12","desktop_horizontal_padding":"md:px-8","heading_tag":"h2","heading":"","copy":"","heading_font_family":"font-heading","copy_font_family":"font-body","text_alignment":"text-center","desktop_heading_font_size":"md:text-xl","desktop_copy_font_size":"md:text-base","mobile_heading_font_size":"text-xl","mobile_copy_font_size":"text-base"}}},"order":["1658778631fe0eff80","16587779142b6d192e"]}