{"sections":{"164633050094510fa7":{"type":"hero","settings":{"section_id":"","desktop_image":"shopify:\/\/shop_images\/magellan.jpg","desktop_image_height":300,"content_desktop_alignment":"md:justify-start","text_desktop_alignment":"md:text-left","desktop_heading":"","desktop_subheading":"","copy":"","heading_tag":"h1","heading_font_size_desktop":"sm:text-5xl","heading_font_size_mobile":"text-3xl","desktop_button_text":"Click Here","desktop_button_link":"","desktop_button_text2":"","desktop_button_link2":"","desktop_text_color":"#ffffff","desktop_subheading_color":"#ffffff","button_bg":"#ffffff","button_hover_bg":"#000000","button_text":"#000000","button_hover_text":"#ffffff","button2_bg":"#ffffff","button2_border_bg":"#ffffff","button2_hover_bg":"#000000","button2_text":"#000000","button2_hover_text":"#ffffff","mobile_image":"shopify:\/\/shop_images\/magellan_b90cade1-c3fc-4f7e-8cff-9ee8d94a0dd1.jpg","mobile_image_height":425,"text_mobile_alignment":"text-left","text_mobile_vertical_alignment":"justify-center","mobile_text_color":"#ffffff","mobile_button_color":"btn"}},"1656520312e7e850c4":{"type":"ram-title-with-button","settings":{"text_alignment":"md:text-left","text_alignment_mobile":"text-left","heading":"Magellan eXplorist TRX7 Mounts","desktop_heading_font_size":"md:text-3xl","heading_font_size":"text-2xl","copy":"<p>RAM® Mounts provides the most rugged and reliable mounting solutions for your Magellan device. Whether you're cruising down the road, blazing trails, or sailing on the water, keep your Magellan unit exactly where you want it for convenient viewing and accessibility while on the go. See our most popular Magellan kits below, or build your own mounting solution using the Kit Builder & Finder. Most RAM® Mounts are backed by a lifetime warranty.<\/p>","copy_font_size":"text-base","btn_label":"View Catalog","btn_url":"#","btn_type":"btn-ram","section_bg_color":"#f4f4f6"}},"16565207331edf4af4":{"type":"ram-custom-products","blocks":{"16565207335462648e-0":{"type":"products","settings":{"single_product":"ram-b-347u"}},"16565207335462648e-1":{"type":"products","settings":{"single_product":"ram-b-149z-347u"}},"16565207335462648e-2":{"type":"products","settings":{"single_product":"ram-b-166-347u"}},"16565207335462648e-3":{"type":"products","settings":{"single_product":"ram-b-166-a-347-dyn1u"}}},"block_order":["16565207335462648e-0","16565207335462648e-1","16565207335462648e-2","16565207335462648e-3"],"settings":{"full_width":false}},"1648581111639f05ed":{"type":"featured-blogs","disabled":true,"settings":{"heading":"ADVICE & <span>RAM<\/span>SPIRATION","text_desktop_alignment":"md:text-center","heading_font_size_desktop":"sm:text-xl","heading_font_size_mobile":"text-xl","mobile_vertical_padding":"py-0","mobile_horizontal_padding":"px-0","desktop_vertical_padding":"md:py-0","desktop_horizontal_padding":"md:px-0","heading_font_size_desktop_post":"sm:text-lg","article_1":"","article_2":"","article_3":"","full_width":true}}},"order":["164633050094510fa7","1656520312e7e850c4","16565207331edf4af4","1648581111639f05ed"]}