{"sections":{"164633050094510fa7":{"type":"hero","settings":{"section_id":"","desktop_image":"shopify:\/\/shop_images\/material-handling.jpg","desktop_image_height":300,"content_desktop_alignment":"md:justify-start","text_desktop_alignment":"md:text-left","desktop_heading":"","desktop_subheading":"","copy":"","heading_tag":"h1","heading_font_size_desktop":"sm:text-5xl","heading_font_size_mobile":"text-3xl","desktop_button_text":"Click Here","desktop_button_link":"","desktop_button_text2":"","desktop_button_link2":"","desktop_text_color":"#ffffff","desktop_subheading_color":"#ffffff","button_bg":"#ffffff","button_hover_bg":"#000000","button_text":"#000000","button_hover_text":"#ffffff","button2_bg":"#ffffff","button2_border_bg":"#ffffff","button2_hover_bg":"#000000","button2_text":"#000000","button2_hover_text":"#ffffff","mobile_image":"shopify:\/\/shop_images\/material-handling_ffebf701-4f3f-48ce-9181-83254f60d208.jpg","mobile_image_height":425,"text_mobile_alignment":"text-left","text_mobile_vertical_alignment":"justify-center","mobile_text_color":"#ffffff","mobile_button_color":"btn"}},"1655416488804526bd":{"type":"ram-title-with-button","settings":{"text_alignment":"md:text-left","text_alignment_mobile":"text-left","heading":"Material Handling","desktop_heading_font_size":"md:text-3xl","heading_font_size":"text-2xl","copy":"<p>Having quick and secure access to important devices like vehicle mounted computers and tablets is crucial in material handling environments. That’s why RAM® Mounts is the trusted choice for securing whatever device is needed to forklifts, carts, pallet jacks, and other warehouse vehicles through a variety of mounting solutions. Our long track record of success in the material handling industry is evidenced by our work with companies like Crown, Honeywell, Raymond, Zebra, and many more. Depend on RAM® to get the job done in any material handling setting.<\/p>","copy_font_size":"text-base","btn_label":"View Catalog","btn_url":"http:\/\/issuu.com\/rammount\/docs\/material_handling_catalog_5b7551219447a6?e=13067616\/56849126","btn_type":"btn-ram","section_bg_color":"#f4f4f6"}},"16554166145aec01f7":{"type":"ram-images-with-title","blocks":{"1655416613578bb07f-0":{"type":"image_icon","settings":{"image":"shopify:\/\/shop_images\/equipment.jpg","text":"<p>Equipment<\/p>","url":"\/pages\/material-handling-equipment","desktop_text_font_size":"md:text-lg","mobile_text_font_size":"text-lg"}},"1655416613578bb07f-1":{"type":"image_icon","settings":{"image":"shopify:\/\/shop_images\/office.jpg","text":"<p>Office<\/p>","url":"\/pages\/material-handling-office","desktop_text_font_size":"md:text-lg","mobile_text_font_size":"text-lg"}},"1655416613578bb07f-2":{"type":"image_icon","settings":{"image":"shopify:\/\/shop_images\/warehouse_ea2c3c7c-46cb-42a7-bd67-36bf55646bf5.jpg","text":"<p>Warehouse<\/p>","url":"\/pages\/material-handling-warehouse","desktop_text_font_size":"md:text-lg","mobile_text_font_size":"text-lg"}},"1655416613578bb07f-3":{"type":"image_icon","settings":{"image":"shopify:\/\/shop_images\/workstation_56d43120-378e-4d13-b2cd-95e66402b515.jpg","text":"<p>Workstation<\/p>","url":"\/pages\/material-handling-workstation","desktop_text_font_size":"md:text-lg","mobile_text_font_size":"text-lg"}}},"block_order":["1655416613578bb07f-0","1655416613578bb07f-1","1655416613578bb07f-2","1655416613578bb07f-3"],"settings":{"section_bg_color":"#ffffff","section_class":"","full_width":false,"red_line":true,"enable_slider":false,"slider_speed":2,"slider_slides":4,"desktop_per_row":"w-1\/4","mobile_per_row":"w-1\/2","justify_items":"justify-center","icon_space":"0","icon_height":150,"icon_size":200,"icon_font_size":"text-xl","icon_font_family":"font-heading","icon_text_space":20,"mobile_vertical_padding":"py-8","mobile_horizontal_padding":"px-8","desktop_vertical_padding":"md:py-12","desktop_horizontal_padding":"md:px-8","heading":"<p>RAM® Mounts for<\/p>","copy":"","heading_font_family":"font-heading","copy_font_family":"font-body","heading_bottom_spacing":40,"copy_bottom_spacing":16,"text_alignment":"text-center","desktop_heading_font_size":"md:text-2xl","desktop_copy_font_size":"md:text-xl","mobile_heading_font_size":"text-xl","mobile_copy_font_size":"text-base"}},"165541670761b7f135":{"type":"partner-logos","blocks":{"165541670775cccaae-0":{"type":"image_icon","settings":{"image":"shopify:\/\/shop_images\/crown.png","text":"","url":"","desktop_text_font_size":"md:text-lg","mobile_text_font_size":"text-lg"}},"165541670775cccaae-1":{"type":"image_icon","settings":{"image":"shopify:\/\/shop_images\/honeywell_b530e9b3-6741-4665-b550-5c4dc5f9443f.png","text":"","url":"","desktop_text_font_size":"md:text-lg","mobile_text_font_size":"text-lg"}},"165541670775cccaae-2":{"type":"image_icon","settings":{"image":"shopify:\/\/shop_images\/raymond.png","text":"","url":"","desktop_text_font_size":"md:text-lg","mobile_text_font_size":"text-lg"}},"0d9a2547-867f-499c-a355-0ca7a867f046":{"type":"image_icon","settings":{"image":"shopify:\/\/shop_images\/zebra_f5add1a0-8af5-4444-b5b3-7094d17116f6.png","text":"","url":"","desktop_text_font_size":"md:text-lg","mobile_text_font_size":"text-lg"}}},"block_order":["165541670775cccaae-0","165541670775cccaae-1","165541670775cccaae-2","0d9a2547-867f-499c-a355-0ca7a867f046"],"settings":{"section_bg_color":"#000000","section_class":"","full_width":true,"red_line":false,"enable_slider":false,"slider_speed":2,"slider_slides":3,"desktop_per_row":"w-1\/4","mobile_per_row":"w-full","justify_items":"justify-center","icon_height":100,"icon_size":225,"icon_space":0,"icon_font_size":"text-xl","icon_font_family":"font-heading","icon_text_space":4,"mobile_vertical_padding":"py-4","mobile_horizontal_padding":"px-8","desktop_vertical_padding":"md:py-4","desktop_horizontal_padding":"md:px-8","heading":"","copy":"","heading_font_family":"font-heading","copy_font_family":"font-body","heading_bottom_spacing":16,"copy_bottom_spacing":16,"text_alignment":"text-center","desktop_heading_font_size":"md:text-xl","desktop_copy_font_size":"md:text-xl","mobile_heading_font_size":"text-xl","mobile_copy_font_size":"text-base"}},"165540489801ed57c6":{"type":"sales-form","blocks":{"165540489804b345a0-0":{"type":"html","settings":{"red_line":true,"heading":"<p>Contact Sales<\/p>","heading_font_family":"font-heading","heading_bottom_spacing":0,"text_alignment":"text-center","desktop_heading_font_size":"md:text-2xl","mobile_heading_font_size":"text-xl","html_block":"<div style=\"margin:0 auto;\" class=\"pxFormGenerator\" id=\"NRCcEj1xmk2g_uGXmjI2EQ\"><\/div>"}}},"block_order":["165540489804b345a0-0"],"settings":{"section_id":"contact","section_class":"","back_color":"","content_width":false,"full_width":false,"column_padding":"px-2","tile_font_family":"font-heading","mobile_vertical_padding":"py-8","mobile_horizontal_padding":"px-8","desktop_vertical_padding":"md:py-12","desktop_horizontal_padding":"md:px-8","heading_tag":"h2","heading":"","copy":"","heading_color":"#131313","heading_font_family":"font-heading","copy_font_family":"font-body","heading_bottom_spacing":16,"copy_bottom_spacing":16,"text_alignment":"text-left","desktop_heading_font_size":"md:text-xl","desktop_copy_font_size":"md:text-base","mobile_heading_font_size":"text-xl","mobile_copy_font_size":"text-base"}},"1648581111639f05ed":{"type":"featured-blogs","disabled":true,"settings":{"heading":"ADVICE & <span>RAM<\/span>SPIRATION","text_desktop_alignment":"md:text-center","heading_font_size_desktop":"sm:text-xl","heading_font_size_mobile":"text-xl","mobile_vertical_padding":"py-0","mobile_horizontal_padding":"px-0","desktop_vertical_padding":"md:py-0","desktop_horizontal_padding":"md:px-0","heading_font_size_desktop_post":"sm:text-lg","article_1":"","article_2":"","article_3":"","full_width":true}}},"order":["164633050094510fa7","1655416488804526bd","16554166145aec01f7","165541670761b7f135","165540489801ed57c6","1648581111639f05ed"]}