{"sections":{"164633050094510fa7":{"type":"hero","settings":{"section_id":"","desktop_image":"shopify:\/\/shop_images\/Sionyx_Banner.jpg","line_color":"#cd1e27","desktop_image_height":300,"content_desktop_alignment":"md:justify-start","text_desktop_alignment":"md:text-left","desktop_heading":"","desktop_subheading":"","copy":"","heading_tag":"h1","heading_font_size_desktop":"sm:text-5xl","heading_font_size_mobile":"text-3xl","desktop_button_text":"Click Here","desktop_button_link":"","desktop_button_text2":"","desktop_button_link2":"","desktop_text_color":"#ffffff","desktop_subheading_color":"#ffffff","button_bg":"#ffffff","button_hover_bg":"#000000","button_text":"#000000","button_hover_text":"#ffffff","button2_bg":"#ffffff","button2_border_bg":"#ffffff","button2_hover_bg":"#000000","button2_text":"#000000","button2_hover_text":"#ffffff","mobile_image":"shopify:\/\/shop_images\/sionyx_ad198058-69e8-4dd8-ac77-e7889fef8810.jpg","mobile_image_height":425,"text_mobile_alignment":"text-left","text_mobile_vertical_alignment":"justify-center","mobile_text_color":"#ffffff","mobile_button_color":"btn"}},"16486560366c7b7837":{"type":"brand-product","settings":{"text_alignment":"md:text-left","text_alignment_mobile":"text-center","heading":"SiOnyx Camera Mounts","has_underline":false,"desktop_heading_font_size":"md:text-4xl","heading_font_size":"text-2xl","copy":"<p>RAM® Mounts has partnered with SiOnyx to provide rugged mounting solutions for their extensive line of night vision camera systems. The rugged designs of RAM® Mounts pair perfectly with SiOnyx cameras to deliver an optimal boating experience in the dark. Simply sync your camera to your tablet for open water navigation in the dark, with both devices secured by RAM® Mounts.<\/p>","copy_font_size":"text-base","brand_image":"shopify:\/\/shop_images\/sionyx.png","button_text_1":"Shop All SiOnyx Camera Mounts","button_link_1":"shopify:\/\/products\/ram-400-379-252025u","btn_type_1":"btn-ram","button_text_2":"","button_link_2":"","btn_type_2":"btn-dark","button_text_3":"","button_link_3":"","btn_type_3":"btn-ram","section_bg_color":"#f4f4f6"}},"1648577237754fb6a9":{"type":"brand-product","settings":{"text_alignment":"text-left","text_alignment_mobile":"text-left","heading":"Aurora Mount","has_underline":true,"desktop_heading_font_size":"md:text-xl","heading_font_size":"text-xl","copy":"<p>The official RAM® Mount for SiOnyx is the RAM® Tough-Claw™ clamp mount with a 1\/4\"x20 RAM® Tough-Ball™. The RAM® Tough-Ball™screws directly underneath any SiOnyx Aurora night vision camera for an easy installation. Clamp to railings on various boats to help navigate through the darkness.<\/p>","copy_font_size":"text-base","brand_image":"shopify:\/\/shop_images\/sionyx-section1.jpg","button_text_1":"Shop the Aurora Mount","button_link_1":"shopify:\/\/products\/ram-400-379-252025u","btn_type_1":"btn-ram","button_text_2":"Learn More","button_link_2":"https:\/\/www.sionyx.com\/pages\/accessories","btn_type_2":"btn-dark","button_text_3":"","button_link_3":"","btn_type_3":"btn-ram","section_bg_color":"#ffffff"}},"1648579274ae6e3e3d":{"type":"brand-product","settings":{"text_alignment":"text-left","text_alignment_mobile":"text-left","heading":"iPad Mounts for SiOnyx","has_underline":true,"desktop_heading_font_size":"md:text-xl","heading_font_size":"text-xl","copy":"<p>RAM® provides robust mounting solutions to secure your iPad in the most demanding applications. SiOnyx night vision cameras sync to your tablet via the Aurora Sport & Navionics app so you can safely travel on water in complete darkness. With universal and form-fitting tablet holders, RAM® has a solution for your device with or without a case.<\/p>","copy_font_size":"text-base","brand_image":"shopify:\/\/shop_images\/sionyx-section2.jpg","button_text_1":"Shop iPad Mounts","button_link_1":"\/collections\/apple-ipad-mounts","btn_type_1":"btn-ram","button_text_2":"LEARN MORE","button_link_2":"","btn_type_2":"btn-dark","button_text_3":"","button_link_3":"","btn_type_3":"btn-ram","section_bg_color":"#ffffff"}},"1648581111639f05ed":{"type":"featured-blogs","disabled":true,"settings":{"heading":"ADVICE & <span>RAM<\/span>SPIRATION","text_desktop_alignment":"md:text-center","heading_font_size_desktop":"sm:text-xl","heading_font_size_mobile":"text-xl","mobile_vertical_padding":"py-0","mobile_horizontal_padding":"px-0","desktop_vertical_padding":"md:py-0","desktop_horizontal_padding":"md:px-0","heading_font_size_desktop_post":"sm:text-lg","article_1":"ram®-mounts-blog\/introducing-ram®-mounts-for-the-otterbox-universe-case-system","article_2":"","article_3":"","full_width":true}}},"order":["164633050094510fa7","16486560366c7b7837","1648577237754fb6a9","1648579274ae6e3e3d","1648581111639f05ed"]}