{"sections":{"164633050094510fa7":{"type":"hero","settings":{"section_id":"","desktop_image":"shopify:\/\/shop_images\/about.jpg","line_color":"#cd1e27","desktop_image_height":300,"content_desktop_alignment":"md:justify-start","text_desktop_alignment":"md:text-left","desktop_heading":"","desktop_subheading":"","copy":"","heading_tag":"h1","heading_font_size_desktop":"sm:text-5xl","heading_font_size_mobile":"text-3xl","desktop_button_text":"Click Here","desktop_button_link":"","desktop_button_text2":"","desktop_button_link2":"","desktop_text_color":"#ffffff","desktop_subheading_color":"#ffffff","button_bg":"#ffffff","button_hover_bg":"#000000","button_text":"#000000","button_hover_text":"#ffffff","button2_bg":"#ffffff","button2_border_bg":"#ffffff","button2_hover_bg":"#000000","button2_text":"#000000","button2_hover_text":"#ffffff","mobile_image":"shopify:\/\/shop_images\/default-mobile.jpg","mobile_image_height":375,"text_mobile_alignment":"text-left","text_mobile_vertical_alignment":"justify-center","mobile_text_color":"#ffffff","mobile_button_color":"btn"}},"1646331993f8db626f":{"type":"tabs","disabled":true,"blocks":{"934a9a81-531e-463b-8ea4-5e7b938b5cba":{"type":"tab","settings":{"title":"Our Company","content":"","page_content":"our-company"}},"7e17c055-290d-4522-870a-73b87d9e6ee3":{"type":"tab","settings":{"title":"Corporate Capabilities","content":"","page_content":"corporate-capabilities"}},"9e9a8e14-13a1-4ff2-8d2b-85e88e0b30ff":{"type":"tab","settings":{"title":"Our Vision","content":"","page_content":"transcript-ram®-mounts-by-npi-our-mission-vision-and-core-values"}}},"block_order":["934a9a81-531e-463b-8ea4-5e7b938b5cba","7e17c055-290d-4522-870a-73b87d9e6ee3","9e9a8e14-13a1-4ff2-8d2b-85e88e0b30ff"],"settings":{"mobile_vertical_padding":"py-10","mobile_horizontal_padding":"px-3.5","desktop_vertical_padding":"md:py-12","desktop_horizontal_padding":"md:px-2.5","heading":"<p>About Us<\/p>","copy":"","heading_font_family":"font-body","copy_font_family":"font-body","heading_bottom_spacing":0,"copy_bottom_spacing":0,"text_alignment":"text-left","desktop_heading_font_size":"md:text-4xl","desktop_copy_font_size":"md:text-lg","mobile_heading_font_size":"text-2xl","mobile_copy_font_size":"text-base"}},"15024e2c-2bbb-4c96-8dca-3ed1a1bcbd00":{"type":"title-section","settings":{"text_alignment":"md:text-left","text_alignment_mobile":"text-left","heading":"Weather Alerts","desktop_heading_font_size":"md:text-xl","heading_font_size":"text-xl","copy":"<p>This page is here to inform office employees of closures due to inclement weather.<\/p>","copy_font_size":"text-base","mobile_vertical_padding":"py-8","mobile_horizontal_padding":"px-0","desktop_vertical_padding":"md:py-12","desktop_horizontal_padding":"md:px-0","title_color":"#000","copy_color":"#cd1e27","section_bg_color":"#fff"}},"bc92a0ef-27a5-4c2c-a9e8-c72ad2ec949e":{"type":"copy","settings":{"main":false,"hide_title":false,"text_alignment":"text-left","heading":"Open","desktop_heading_font_size":"md:text-3xl","heading_font_size":"text-xl","copy":"<p>At this time there are no notices of office closures.<\/p>","copy_font_size":"text-base","full_width":false}}},"order":["164633050094510fa7","1646331993f8db626f","15024e2c-2bbb-4c96-8dca-3ed1a1bcbd00","bc92a0ef-27a5-4c2c-a9e8-c72ad2ec949e"]}