{"sections":{"164633050094510fa7":{"type":"hero","settings":{"section_id":"","desktop_image":"shopify:\/\/shop_images\/samsung-galaxy-xcover6pro.jpg","desktop_image_height":300,"content_desktop_alignment":"md:justify-start","text_desktop_alignment":"md:text-left","desktop_heading":"","desktop_subheading":"","copy":"","heading_tag":"h1","heading_font_size_desktop":"sm:text-5xl","heading_font_size_mobile":"text-3xl","desktop_button_text":"Click Here","desktop_button_link":"","desktop_button_text2":"","desktop_button_link2":"","desktop_text_color":"#ffffff","desktop_subheading_color":"#ffffff","button_bg":"#ffffff","button_hover_bg":"#000000","button_text":"#000000","button_hover_text":"#ffffff","button2_bg":"#ffffff","button2_border_bg":"#ffffff","button2_hover_bg":"#000000","button2_text":"#000000","button2_hover_text":"#ffffff","mobile_image":"shopify:\/\/shop_images\/mobile-samsung-galaxy-xcover6pro.jpg","mobile_image_height":425,"text_mobile_alignment":"text-left","text_mobile_vertical_alignment":"justify-center","mobile_text_color":"#ffffff","mobile_button_color":"btn"}},"16558563708c622ca6":{"type":"brand-product","settings":{"text_alignment":"md:text-left","text_alignment_mobile":"text-left","heading":"XCover6 Pro","has_underline":true,"desktop_heading_font_size":"md:text-xl","heading_font_size":"text-xl","copy":"<p>The newest rugged smartphone from Samsung is now available with RAM®Mounts powered vehicle docks and charging stations for the Galaxy XCover6 Pro. Whether on the go or in the office, these power accessories are essential for keeping your XCover6 Pro charged and connected. Protect your investment and improve your workflow with these XCover6 Pro accessories.<\/p>","copy_font_size":"text-base","brand_image":"shopify:\/\/shop_images\/samsung_b11da817-ee8d-4160-b756-6ef9c8f86e6c.png","button_text_1":"Shop All XCover6 Pro","button_link_1":"\/collections\/samsung-galaxy-phone-mounts?pf_mlt_device_make_model=XCover6+Pro&pf_mlt_device_make_model=Samsung&pf_mlt_device_make_model_and_condition=true","btn_type_1":"btn-ram","button_text_2":"","button_link_2":"","btn_type_2":"btn-dark","button_text_3":"","button_link_3":"","btn_type_3":"btn-ram","section_bg_color":"#f4f4f6"}},"16557493624751b44c":{"type":"brand-product","settings":{"text_alignment":"md:text-left","text_alignment_mobile":"text-left","heading":"RAM® EZ-Roll'r™ Powered Docks for XCover6 Pro","has_underline":true,"desktop_heading_font_size":"md:text-xl","heading_font_size":"text-xl","copy":"<p>These RAM® EZ-Roll'r™ powered docks designed specifically for the Samsung Galaxy XCover6 Pro offer a fumble-free vehicle docking solution. Available for a caseless XCover6 Pro or an XCover6 Pro with it's original protective case, each of these docks feature integrated pogo pin charging capabilites for an efficient docking experience while protecting the smartphone's ports. Pair with various RAM® Mounts components for a custom mount based on your environment and vehicle type.<\/p>","copy_font_size":"text-base","brand_image":"shopify:\/\/shop_images\/xcover6pro-vehicle-dock.jpg","button_text_1":"Shop Powered Docks","button_link_1":"\/collections\/samsung-galaxy-phone-mounts?pf_mlt_device_make_model=XCover6+Pro&pf_mlt_device_make_model=Samsung&pf_mlt_device_make_model_and_condition=true","btn_type_1":"btn-ram","button_text_2":"","button_link_2":"","btn_type_2":"btn-dark","button_text_3":"","button_link_3":"","btn_type_3":"btn-ram","section_bg_color":"#ffffff"}},"1648581111639f05ed":{"type":"featured-blogs","disabled":true,"settings":{"heading":"ADVICE & <span>RAM<\/span>SPIRATION","text_desktop_alignment":"md:text-center","heading_font_size_desktop":"sm:text-xl","heading_font_size_mobile":"text-xl","mobile_vertical_padding":"py-0","mobile_horizontal_padding":"px-0","desktop_vertical_padding":"md:py-0","desktop_horizontal_padding":"md:px-0","heading_font_size_desktop_post":"sm:text-lg","article_1":"","article_2":"","article_3":"","full_width":true}},"1655856422ae6f4658":{"type":"brand-product","settings":{"text_alignment":"md:text-left","text_alignment_mobile":"text-left","heading":"IntelliSkin® with GDS® Tech™ for XCover6 Pro","has_underline":true,"desktop_heading_font_size":"md:text-xl","heading_font_size":"text-xl","copy":"<p>Fully integrated into the GDS® Ecosystem™, RAM® Mounts has developed enterprise-ready solutions for the Samsung Galaxy XCover6 Pro, utilizing IntelliSkin® and GDS® Technology™. Whether on the road or in the warehouse, RAM® offers plug and play mounting solutions for your fleet.<\/p>","copy_font_size":"text-base","brand_image":"shopify:\/\/shop_images\/xcover6pro-intelliskin.jpg","button_text_1":"Shop IntelliSkin®","button_link_1":"\/products\/ram-gds-skin-sam84","btn_type_1":"btn-ram","button_text_2":"","button_link_2":"","btn_type_2":"btn-dark","button_text_3":"","button_link_3":"","btn_type_3":"btn-ram","section_bg_color":"#ffffff"}},"1655856701e389a57c":{"type":"brand-product","settings":{"text_alignment":"md:text-left","text_alignment_mobile":"text-left","heading":"RAM® 6-Port Charging Docks for XCover6 Pro","has_underline":true,"desktop_heading_font_size":"md:text-xl","heading_font_size":"text-xl","copy":"<p>Whether you are in point of sale, in the warehouse or manufacturing business, RAM® Mounts supplies mass charging solutions for the Samsung Galaxy XCover6 Pro, both in its OEM protective case, no case, and in an IntelliSkin® protective sleeve. Safely dock up to six XCover6 Pros in these multi-port charging stations overnight so they're ready for work the next day.<\/p>","copy_font_size":"text-base","brand_image":"shopify:\/\/shop_images\/xcover6pro-charging-station.jpg","button_text_1":"Shop Charging Docks","button_link_1":"\/collections\/samsung-galaxy-phone-mounts?pf_mlt_device_make_model=XCover6+Pro&pf_mlt_device_make_model=Samsung&pf_mlt_device_make_model_and_condition=true&pf_t_mount_function=Stand%2FPlatform","btn_type_1":"btn-ram","button_text_2":"","button_link_2":"","btn_type_2":"btn-dark","button_text_3":"","button_link_3":"","btn_type_3":"btn-ram","section_bg_color":"#ffffff"}}},"order":["164633050094510fa7","16558563708c622ca6","16557493624751b44c","1648581111639f05ed","1655856422ae6f4658","1655856701e389a57c"]}