{"sections":{"166067985356c60b48":{"type":"multicolumn-text","blocks":{"16606798535c6ccfef-0":{"type":"multicolumn-text","settings":{"heading":"","copy":"","html":"<div class=\"w-full text-center\">  <iframe id=\"nda-iframe\" src=\"https:\/\/na3.docusign.net\/Member\/PowerFormSigning.aspx?PowerFormId=dcfc8b8a-13d8-4326-9194-faa41f3f46b1&env=na3&acct=b1034543-7512-4520-a44a-b0f7394d17f0\"><\/iframe>\n<\/div>","text_color":"#ffffff","button_text_color":"#000000","button_text_color_hover":"#ffffff","mobile_heading_font_size":"text-xl","desktop_heading_font_size":"md:text-xl","mobile_content_font_size":"text-base","desktop_content_font_size":"md:text-base","copy_bottom_spacing":16,"desktop_col_span":"md:w-full","column_text_alignment":"text-center"}}},"block_order":["16606798535c6ccfef-0"],"settings":{"section_class":"","full_width":false,"column_padding":"px-2","tile_font_family":"font-heading","mobile_vertical_padding":"py-8","mobile_horizontal_padding":"px-8","desktop_vertical_padding":"md:py-12","desktop_horizontal_padding":"md:px-8","heading_tag":"h2","heading":"","copy":"","heading_font_family":"font-heading","copy_font_family":"font-body","heading_bottom_spacing":16,"copy_bottom_spacing":16,"text_alignment":"text-center","desktop_heading_font_size":"md:text-xl","desktop_copy_font_size":"md:text-base","mobile_heading_font_size":"text-xl","mobile_copy_font_size":"text-base"}}},"order":["166067985356c60b48"]}