{"sections":{"164633050094510fa7":{"type":"hero","settings":{"section_id":"","desktop_image":"shopify:\/\/shop_images\/inflatable_7cac7930-6773-4750-b3b2-23ea151e7d77.jpg","desktop_image_height":300,"content_desktop_alignment":"md:justify-start","text_desktop_alignment":"md:text-left","desktop_heading":"","desktop_subheading":"","copy":"","heading_tag":"h1","heading_font_size_desktop":"sm:text-5xl","heading_font_size_mobile":"text-3xl","desktop_button_text":"Click Here","desktop_button_link":"","desktop_button_text2":"","desktop_button_link2":"","desktop_text_color":"#ffffff","desktop_subheading_color":"#ffffff","button_bg":"#ffffff","button_hover_bg":"#000000","button_text":"#000000","button_hover_text":"#ffffff","button2_bg":"#ffffff","button2_border_bg":"#ffffff","button2_hover_bg":"#000000","button2_text":"#000000","button2_hover_text":"#ffffff","mobile_image":"shopify:\/\/shop_images\/inflatable_fc5d4e1b-ec18-41da-b9a1-ce744c4d971b.jpg","mobile_image_height":425,"text_mobile_alignment":"text-left","text_mobile_vertical_alignment":"justify-center","mobile_text_color":"#ffffff","mobile_button_color":"btn"}},"1655416488804526bd":{"type":"ram-title-with-button","settings":{"text_alignment":"md:text-left","text_alignment_mobile":"text-left","heading":"Inflatable","desktop_heading_font_size":"md:text-3xl","heading_font_size":"text-2xl","copy":"<p>For inflatable rafts and personal fishing pontoons, keep your devices afloat on your adventures with rugged and creative ball and track mounting solutions. Both the RAM® Bond-A-Base™ and Strap Base are ideal for mounting everything from action cameras to fishing rod holders. Explore the full line of RAM® inflatable watercraft mounts below.<\/p>","copy_font_size":"text-base","btn_label":"Shop All Inflatable","btn_url":"\/collections\/inflatable","btn_type":"btn-ram","section_bg_color":"#f4f4f6"}},"1648581111639f05ed":{"type":"featured-blogs","disabled":true,"settings":{"heading":"ADVICE & <span>RAM<\/span>SPIRATION","text_desktop_alignment":"md:text-center","heading_font_size_desktop":"sm:text-xl","heading_font_size_mobile":"text-xl","mobile_vertical_padding":"py-0","mobile_horizontal_padding":"px-0","desktop_vertical_padding":"md:py-0","desktop_horizontal_padding":"md:px-0","heading_font_size_desktop_post":"sm:text-lg","article_1":"","article_2":"","article_3":"","full_width":true}},"1658950186af3cf536":{"type":"ram-custom-products","blocks":{"1658950186c23c68ef-0":{"type":"products","settings":{"single_product":"rap-398-gry-track-au"}},"1658950186c23c68ef-1":{"type":"products","settings":{"single_product":"rap-398-blk-114bmpu"}},"1658950186c23c68ef-2":{"type":"products","settings":{"single_product":"rap-b-399u"}},"1658950186c23c68ef-3":{"type":"products","settings":{"single_product":"rap-399u"}}},"block_order":["1658950186c23c68ef-0","1658950186c23c68ef-1","1658950186c23c68ef-2","1658950186c23c68ef-3"],"settings":{"full_width":false,"mobile_vertical_padding":"py-8","mobile_horizontal_padding":"px-8","desktop_vertical_padding":"md:py-12","desktop_horizontal_padding":"md:px-8","heading":"<p>Top Suggested Products<\/p>","copy":"","content_vertical_padding":"md:mt-10","heading_font_family":"font-heading","copy_font_family":"font-body","heading_bottom_spacing":16,"copy_bottom_spacing":16,"text_alignment":"text-center","desktop_heading_font_size":"md:text-2xl","desktop_copy_font_size":"md:text-base","mobile_heading_font_size":"text-xl","mobile_copy_font_size":"text-base"}}},"order":["164633050094510fa7","1655416488804526bd","1648581111639f05ed","1658950186af3cf536"]}