{"sections":{"164633050094510fa7":{"type":"hero","settings":{"section_id":"","desktop_image":"shopify:\/\/shop_images\/panasonic-fz-a3-web-banner_fc0a9441-5b36-4d9f-b318-519b6b8c6c63.jpg","line_color":"#141c88","desktop_image_height":300,"content_desktop_alignment":"md:justify-start","text_desktop_alignment":"md:text-left","desktop_heading":"","desktop_subheading":"","copy":"","heading_tag":"h1","heading_font_size_desktop":"sm:text-5xl","heading_font_size_mobile":"text-3xl","desktop_button_text":"Click Here","desktop_button_link":"","desktop_button_text2":"","desktop_button_link2":"","desktop_text_color":"#ffffff","desktop_subheading_color":"#ffffff","button_bg":"#ffffff","button_hover_bg":"#000000","button_text":"#000000","button_hover_text":"#ffffff","button2_bg":"#ffffff","button2_border_bg":"#ffffff","button2_hover_bg":"#000000","button2_text":"#000000","button2_hover_text":"#ffffff","mobile_image":"shopify:\/\/shop_images\/panasonic-fz-a3-mobile-banner.jpg","mobile_image_height":425,"text_mobile_alignment":"text-left","text_mobile_vertical_alignment":"justify-center","mobile_text_color":"#ffffff","mobile_button_color":"btn"}},"16558563708c622ca6":{"type":"brand-product","settings":{"text_alignment":"md:text-left","text_alignment_mobile":"text-left","heading":"FZ-A3 Docks & Mounts","has_underline":true,"desktop_heading_font_size":"md:text-xl","heading_font_size":"text-xl","copy":"<p>The newest Panasonic rugged tablet is now RAM® Mounts Compatible™ with form-fit powered docks—available in locking and non-locking variations. Ideal for markets including warehousing, logistics, transportation, and retail, this TOUGHBOOK® has an outdoor-viewable display and functions in  the rain and even with gloved hands. Pair this tablet with RAM® mounting components for an ultra-rugged solution.<\/p>","copy_font_size":"text-base","brand_image":"shopify:\/\/shop_images\/Panasonic_logo__Blue_.svg_2108dbe4-fa28-4b2d-9485-d9695ff2285a.png","button_text_1":"Shop FZ-A3","button_link_1":"https:\/\/rammount.com\/collections\/panasonic-tablet?pf_t_panasonic_models=FZ-A3","btn_type_1":"btn-ram","button_text_2":"","button_link_2":"","btn_type_2":"btn-dark","button_text_3":"","button_link_3":"","btn_type_3":"btn-ram","section_bg_color":"#f4f4f6"}},"16557493624751b44c":{"type":"brand-product","settings":{"text_alignment":"md:text-left","text_alignment_mobile":"text-left","heading":"Locking & Non-Locking Options","has_underline":true,"desktop_heading_font_size":"md:text-xl","heading_font_size":"text-xl","copy":"<p>Choose between key-locking and non-locking variations of the Panasonic FZ-A3 powered docks. A set of two keys is provided for the integrated tubular key-locking system. In addition to optimal charging and mounting, these docks also offer the option of security and theft deterrence.<\/p>","copy_font_size":"text-base","brand_image":"shopify:\/\/shop_images\/RAM-HOL-PAN16LU_6aee28dd-c751-4206-a6ea-86a706864f54.jpg","button_text_1":"","button_link_1":"","btn_type_1":"btn-ram","button_text_2":"","button_link_2":"","btn_type_2":"btn-dark","button_text_3":"","button_link_3":"","btn_type_3":"btn-ram","section_bg_color":"#ffffff"}},"1655856422ae6f4658":{"type":"brand-product","settings":{"text_alignment":"md:text-left","text_alignment_mobile":"text-left","heading":"Pogo Pin Technology","has_underline":true,"desktop_heading_font_size":"md:text-xl","heading_font_size":"text-xl","copy":"<p>Integrated pogo pin docking contacts align with the FZ-A3 pogo pads for a user-friendly charging experience—no ports necessary. Plug in the 1.2m-long DC barrel connector to your power source, insert the device into the holder, and take advantage of instant charging capabilites.<\/p>","copy_font_size":"text-base","brand_image":"shopify:\/\/shop_images\/RAM-HOL-PAN16PUIU3.jpg","button_text_1":"","button_link_1":"","btn_type_1":"btn-ram","button_text_2":"","button_link_2":"","btn_type_2":"btn-dark","button_text_3":"","button_link_3":"","btn_type_3":"btn-ram","section_bg_color":"#ffffff"}},"16638250039f08b9b7":{"type":"brand-product","settings":{"text_alignment":"md:text-left","text_alignment_mobile":"text-left","heading":"Accessory-Ready","has_underline":true,"desktop_heading_font_size":"md:text-xl","heading_font_size":"text-xl","copy":"<p>Enhance your solution with compatible accessory add-ons like the GDS® Roto-Mag™ Magnetic Hand Strap and Grip Handle, RAM® Mount & Accessory Plate, and GDS® Hand-Stand™ Hand Strap and Kickstand. <\/p>","copy_font_size":"text-base","brand_image":"shopify:\/\/shop_images\/RAM-GDS-ROTO2-PAN16U_1.jpg","button_text_1":"","button_link_1":"","btn_type_1":"btn-ram","button_text_2":"","button_link_2":"","btn_type_2":"btn-dark","button_text_3":"","button_link_3":"","btn_type_3":"btn-ram","section_bg_color":"#ffffff"}},"1655856701e389a57c":{"type":"brand-product","settings":{"text_alignment":"md:text-left","text_alignment_mobile":"text-left","heading":"NFC Repeater Compatible","has_underline":true,"desktop_heading_font_size":"md:text-xl","heading_font_size":"text-xl","copy":"<p>These form-fit docks are equipped with an NFC repeater, which allows the FZ-A3's NFC reader to communicate with NFC tags and devices even when the device is docked and not in direct contact with the NFC tag or device. This feature can be useful for applications where the FZ-A3 needs to be mounted in a fixed location and NFC functionality is required.<\/p>","copy_font_size":"text-base","brand_image":"shopify:\/\/shop_images\/Asset-1.jpg","button_text_1":"","button_link_1":"","btn_type_1":"btn-ram","button_text_2":"","button_link_2":"","btn_type_2":"btn-dark","button_text_3":"","button_link_3":"","btn_type_3":"btn-ram","section_bg_color":"#ffffff"}},"1648581111639f05ed":{"type":"featured-blogs","disabled":true,"settings":{"heading":"ADVICE & <span>RAM<\/span>SPIRATION","text_desktop_alignment":"md:text-center","heading_font_size_desktop":"sm:text-xl","heading_font_size_mobile":"text-xl","mobile_vertical_padding":"py-0","mobile_horizontal_padding":"px-0","desktop_vertical_padding":"md:py-0","desktop_horizontal_padding":"md:px-0","heading_font_size_desktop_post":"sm:text-lg","article_1":"","article_2":"","article_3":"","full_width":true}}},"order":["164633050094510fa7","16558563708c622ca6","16557493624751b44c","1655856422ae6f4658","16638250039f08b9b7","1655856701e389a57c","1648581111639f05ed"]}