{"sections":{"1655416488804526bd":{"type":"ram-title-with-button","settings":{"text_alignment":"md:text-left","text_alignment_mobile":"text-left","heading":"Glossary of Terms","desktop_heading_font_size":"md:text-3xl","heading_font_size":"text-2xl","copy":"<p>The glossary of terms page is intended to provide you with definitions for custom words, directly used and related to the RAM® website.<\/p>","copy_font_size":"text-base","btn_label":"","btn_url":"https:\/\/issuu.com\/rammount\/docs\/agriculture_catalog?e=13067616\/58616511","btn_type":"btn-ram","section_bg_color":"#f4f4f6"}},"16564523214663daa4":{"type":"copy","settings":{"main":false,"hide_title":false,"text_alignment":"text-left","heading":"","desktop_heading_font_size":"md:text-base","heading_font_size":"text-xl","copy":"<p><strong>RAM: <\/strong>Mount or base of aluminum construction<\/p><p><strong>RAP: <\/strong>Mount or base of composite construction<\/p><p><strong>SB: <\/strong>When included in RAP part numbers, this stands for “snap link”<\/p><p><strong>RAP-SB-XXX: <\/strong>Snap link base or system, hard composite ball and socket, not rubber<\/p><p><strong>RAP-B-XXX: <\/strong>Accommodates or has B size ball<\/p><p><strong>RAM-A-XXX:<\/strong> 9\/16” diameter rubber ball<\/p><p><strong>RAM-B-XXX: <\/strong>1” diameter rubber ball<\/p><p><strong>RAM-XXX: <\/strong>1 ½” diameter rubber ball<\/p><p><strong>RAM-D-XXX: <\/strong>2 ¼” diameter rubber ball mount kit or component<\/p><p><strong>RAM-VC-XXX: <\/strong>Vehicle Console, pertaining to RAM Mount Vehicle Console Systems<\/p><p><strong>RAM-VB-XXX: <\/strong>Vehicle Base<\/p><p><strong>RAM-VB-XXX-SW1: <\/strong>Complete Vehicle Mount System<\/p><p><strong>RAM-A-XXX-B: <\/strong>Accommodates A size ball, B length arm or system<\/p><p><strong>RAM-B-XXX-A: <\/strong>Accommodates B size ball, A length arm or system<\/p><p><strong>RAM-B-XXX: <\/strong>Accommodates B size ball, standard length arm or system<\/p><p><strong>RAM-B-XXX-C: <\/strong>Accommodates B size ball, C length arm or system<\/p><p><strong>RAM-XXX-B: <\/strong>Accommodates C size ball, B length arm or system<\/p><p><strong>RAM-XXX-D: <\/strong>Accommodates C size ball, D length arm or system<\/p><p><strong>RAM-D-XXX: <\/strong>Accommodates D size ball, D length arm or system<\/p><p><strong>RAM-D-XXX-C: <\/strong>Accommodates D size ball, C length arm or system<\/p><p><strong>RAM-D-XXX-E: <\/strong>Accommodates D size ball, E length arm or system<\/p><p><strong>RAM-E-XXX: <\/strong>Accommodates E size ball, E length arm<\/p><p><strong>RAM-E-XXX-D: <\/strong>Accommodates E size ball, D length arm<\/p>","copy_font_size":"text-base","full_width":false}},"1656452688dd7335c7":{"type":"title-section","settings":{"text_alignment":"md:text-left","text_alignment_mobile":"text-left","heading":"\"RAM\" Prefix Code","desktop_heading_font_size":"md:text-xl","heading_font_size":"text-xl","copy":"<p>To provide lightweight strength and corrosion resistance, RAM is made of marine grade aluminum with a black powder coated finish, stainless steel hardware and rubber balls. The standard mount bases include a yoke mount, round base, rubber suction cup and U-bolt handlebar for attaching electronic and GPS devices. Other configurations can be considered for laptop systems in vehicles and marine uses. <\/p><p>Recognized and accepted by the U.S. Patent Office, RAM is the only universal ball-and-socket system that holds tremendous amounts of weight in high vibration applications for military, commercial and private use.<\/p>","copy_font_size":"text-base","section_bg_color":"#ffffff"}},"165645284386c79ed0":{"type":"title-section","settings":{"text_alignment":"md:text-left","text_alignment_mobile":"text-left","heading":"\"RAP\" Prefix Code","desktop_heading_font_size":"md:text-xl","heading_font_size":"text-xl","copy":"<p>Many of these parts are available in composite, mount part number has the prefix code RAP. The composite components include both single and double socket arm assemblies with the same patented rubber ball and socket technology. The octagon button system works with the Quick Snap Belt Clip Holder, Quick Snap Surface. The new Snap Flex Link System is a male to female snap together configuration that has screws to tension the joint. The RAM Rail Mounts for handle bars and railings with a 1\" rubber ball and or diamond base for adaptation to any other diamond base system. Then again, the possible mounting solutions are endless, affordable and backed by the NPI Lifetime Warranty.<\/p>","copy_font_size":"text-base","section_bg_color":"#ffffff"}},"165645291562300f52":{"type":"video","settings":{"section_class":"","cover_image":"shopify:\/\/shop_images\/Screenshot_2022-07-19_084645.png","video_url":"https:\/\/www.youtube.com\/watch?v=5fCic4S2Ayk","description":"","full_width":false,"padding_top":28,"padding_bottom":36,"mobile_vertical_padding":"py-8","mobile_horizontal_padding":"px-8","desktop_vertical_padding":"md:py-12","desktop_horizontal_padding":"md:px-8","heading_tag":"h2","heading":"<p>Support Videos<\/p>","copy":"","heading_font_family":"font-heading","copy_font_family":"font-body","heading_bottom_spacing":16,"copy_bottom_spacing":16,"text_alignment":"text-center","desktop_heading_font_size":"md:text-xl","desktop_copy_font_size":"md:text-base","mobile_heading_font_size":"text-xl","mobile_copy_font_size":"text-base"}},"1658246039b85f8554":{"type":"copy","settings":{"main":true,"hide_title":true,"text_alignment":"text-left","heading":"","desktop_heading_font_size":"md:text-base","heading_font_size":"text-xl","copy":"","copy_font_size":"text-base","full_width":false}}},"order":["1655416488804526bd","16564523214663daa4","1656452688dd7335c7","165645284386c79ed0","165645291562300f52","1658246039b85f8554"]}