{"sections":{"164633050094510fa7":{"type":"hero","settings":{"section_id":"","desktop_image":"shopify:\/\/shop_images\/Kyocera_Banner.jpg","line_color":"#cd1e27","desktop_image_height":300,"content_desktop_alignment":"md:justify-start","text_desktop_alignment":"md:text-left","desktop_heading":"","desktop_subheading":"","copy":"","heading_tag":"h1","heading_font_size_desktop":"sm:text-5xl","heading_font_size_mobile":"text-3xl","desktop_button_text":"Click Here","desktop_button_link":"","desktop_button_text2":"","desktop_button_link2":"","desktop_text_color":"#ffffff","desktop_subheading_color":"#ffffff","button_bg":"#ffffff","button_hover_bg":"#000000","button_text":"#000000","button_hover_text":"#ffffff","button2_bg":"#ffffff","button2_border_bg":"#ffffff","button2_hover_bg":"#000000","button2_text":"#000000","button2_hover_text":"#ffffff","mobile_image":"shopify:\/\/shop_images\/mobile-kyocera-mounts-banner.jpg","mobile_image_height":425,"text_mobile_alignment":"text-left","text_mobile_vertical_alignment":"justify-center","mobile_text_color":"#ffffff","mobile_button_color":"btn"}},"16486560366c7b7837":{"type":"brand-product","settings":{"text_alignment":"md:text-left","text_alignment_mobile":"text-center","heading":"Kyocera","has_underline":false,"desktop_heading_font_size":"md:text-4xl","heading_font_size":"text-2xl","copy":"<p>Kyocera makes its way to RAM® Mounts featuring brand new rugged mounting systems for Kyocera devices. The ultra-rugged smartphones pair perfectly with RAM®'s ultra-rugged mounting solutions for a game-changing workflow in the warehouse, or on the road. Browse all of our Kyocera mounts for the Duraforce Ultra 5G E7110 including the 6-port charging dock, power and non-powered vehicle cradles with locking features.<\/p>","copy_font_size":"text-base","brand_image":"shopify:\/\/shop_images\/kyocera.png","button_text_1":"Shop All Kyocera","button_link_1":"\/collections\/kyocera-formfit-docks","btn_type_1":"btn-ram","button_text_2":"","button_link_2":"","btn_type_2":"btn-dark","button_text_3":"","button_link_3":"","btn_type_3":"btn-ram","section_bg_color":"#f4f4f6"}},"1648577237754fb6a9":{"type":"brand-product","settings":{"text_alignment":"text-left","text_alignment_mobile":"text-left","heading":"Form-Fit Docks for Kyocera","has_underline":true,"desktop_heading_font_size":"md:text-xl","heading_font_size":"text-xl","copy":"<p>These Kyocera Duraforce Ultra 5G E7110 vehicle docks utilize the device's charging contacts with integrated ruggedized pogo pins for charging while docked. With power and non-power options available, the RAM® Mounts system matches the ultra-rugged Kyocera DuraForce Ultra 5G's capabilities by offering a rock solid product with the versatility to allow users to efficiently work on the go.<\/p>","copy_font_size":"text-base","brand_image":"shopify:\/\/shop_images\/section-1_25dc0974-6099-47af-b576-486ee8693769.jpg","button_text_1":"Shop Form-Fit","button_link_1":"\/collections\/kyocera-formfit-docks","btn_type_1":"btn-ram","button_text_2":"","button_link_2":"","btn_type_2":"btn-dark","button_text_3":"","button_link_3":"","btn_type_3":"btn-ram","section_bg_color":"#ffffff"}},"1648579274ae6e3e3d":{"type":"brand-product","settings":{"text_alignment":"text-left","text_alignment_mobile":"text-left","heading":"Desktop Docks for Kyocera","has_underline":true,"desktop_heading_font_size":"md:text-xl","heading_font_size":"text-xl","copy":"<p>Charge up to six Kyocera DuraForce Ultra 5G's with this multi-port charging desktop dock, and make use of the Ultra 5G's integrated charging contacts to send power to the device via ruggedized pogo pins in the dock. This desktop dock reduces the amount of charging cords needed to charge each device by consolidating power through one cord and providing each Kyocera device with its own charging bay to reduce clutter.<\/p>","copy_font_size":"text-base","brand_image":"shopify:\/\/shop_images\/section-2_a80ef571-9cd5-41b4-9472-556e560e1a35.jpg","button_text_1":"Shop Desktop Docks","button_link_1":"\/collections\/kyocera-desktop-dock\/products\/ram-dock-6g-kyo1pu","btn_type_1":"btn-ram","button_text_2":"","button_link_2":"","btn_type_2":"btn-dark","button_text_3":"","button_link_3":"","btn_type_3":"btn-ram","section_bg_color":"#ffffff"}},"16485795249e42f7ab":{"type":"brand-product","settings":{"text_alignment":"text-left","text_alignment_mobile":"text-left","heading":"Kyocera Mounting Solutions","has_underline":true,"desktop_heading_font_size":"md:text-xl","heading_font_size":"text-xl","copy":"<p>With the common RAM® 2-hole diamond pattern on the back of each Kyocera holder, attach any B size RAM® diamond ball base to unlock the near-infinite amount of combinations of RAM® components to build a custom mount that suits the needs of your application and environment.<\/p>","copy_font_size":"text-base","brand_image":"shopify:\/\/shop_images\/section-3_30d122b1-33f2-478c-963d-11343fee810f.jpg","button_text_1":"Shop Kyocera Mounts","button_link_1":"\/collections\/kyocera-mounts","btn_type_1":"btn-ram","button_text_2":"","button_link_2":"","btn_type_2":"btn-dark","button_text_3":"","button_link_3":"","btn_type_3":"btn-ram","section_bg_color":"#ffffff"}},"1648581111639f05ed":{"type":"featured-blogs","disabled":true,"settings":{"heading":"ADVICE & <span>RAM<\/span>SPIRATION","text_desktop_alignment":"md:text-center","heading_font_size_desktop":"sm:text-xl","heading_font_size_mobile":"text-xl","mobile_vertical_padding":"py-0","mobile_horizontal_padding":"px-0","desktop_vertical_padding":"md:py-0","desktop_horizontal_padding":"md:px-0","heading_font_size_desktop_post":"sm:text-lg","article_1":"","article_2":"","article_3":"","full_width":true}}},"order":["164633050094510fa7","16486560366c7b7837","1648577237754fb6a9","1648579274ae6e3e3d","16485795249e42f7ab","1648581111639f05ed"]}