{"sections":{"164633050094510fa7":{"type":"hero","settings":{"section_id":"","desktop_image":"shopify:\/\/shop_images\/zebra-tc73-tc78-banner.jpg","line_color":"#f1ba2f","desktop_image_height":300,"content_desktop_alignment":"md:justify-start","text_desktop_alignment":"md:text-left","desktop_heading":"","desktop_subheading":"","copy":"","heading_tag":"h1","heading_font_size_desktop":"sm:text-5xl","heading_font_size_mobile":"text-3xl","desktop_button_text":"Click Here","desktop_button_link":"","desktop_button_text2":"","desktop_button_link2":"","desktop_text_color":"#ffffff","desktop_subheading_color":"#ffffff","button_bg":"#ffffff","button_hover_bg":"#000000","button_text":"#000000","button_hover_text":"#ffffff","button2_bg":"#ffffff","button2_border_bg":"#ffffff","button2_hover_bg":"#000000","button2_text":"#000000","button2_hover_text":"#ffffff","mobile_image":"shopify:\/\/shop_images\/mobile-zebra-tc73-tc78-banner.jpg","mobile_image_height":425,"text_mobile_alignment":"text-left","text_mobile_vertical_alignment":"justify-center","mobile_text_color":"#ffffff","mobile_button_color":"btn"}},"16558563708c622ca6":{"type":"brand-product","settings":{"text_alignment":"md:text-left","text_alignment_mobile":"text-left","heading":"Zebra TC73\/TC78 Docks & Mounts","has_underline":true,"desktop_heading_font_size":"md:text-xl","heading_font_size":"text-xl","copy":"<p>The next generation of mobile computers is supported by the industry leading rugged mounting provider, RAM® Mounts. Loaded with all the latest technologies, the new Zebra TC73\/TC78 paired with RAM® docking solutions creates unmatched performance and reliability. With RAM®'s form-fitting design and multiple configurations, a mounted TC73 or TC78 allows the end-user to maintain the functionality of a workstation, two-way radio, RFID scanning, and a PBX handset. Discover all the features of the RAM® Mounts TC73\/TC78 docks, below.<\/p>","copy_font_size":"text-base","brand_image":"shopify:\/\/shop_images\/zebra_d45ce6b7-796a-4c95-b161-e10b663007ab.png","button_text_1":"Shop All TC73\/TC78","button_link_1":"https:\/\/rammount.com\/collections\/zebra-handheld-pc?pf_t_zebra_models=TC73+%26+TC78","btn_type_1":"btn-ram","button_text_2":"","button_link_2":"","btn_type_2":"btn-dark","button_text_3":"","button_link_3":"","btn_type_3":"btn-ram","section_bg_color":"#f4f4f6"}},"16557493624751b44c":{"type":"brand-product","settings":{"text_alignment":"md:text-left","text_alignment_mobile":"text-left","heading":"Pogo Pin Technology","has_underline":true,"desktop_heading_font_size":"md:text-xl","heading_font_size":"text-xl","copy":"<p>Integrated pogo pin docking contacts align with the TC73\/TC78 pogo pads for a user friendly charging experience—no ports necessary. Plug in the 1.2m-long DC barrel connector to the vehicle's power source and simply dock the device into the holder for instant charging capabilites.<\/p>","copy_font_size":"text-base","brand_image":"shopify:\/\/shop_images\/zebra-tc73tc78-pogo-pins.jpg","button_text_1":"","button_link_1":"","btn_type_1":"btn-ram","button_text_2":"","button_link_2":"","btn_type_2":"btn-dark","button_text_3":"","button_link_3":"","btn_type_3":"btn-ram","section_bg_color":"#ffffff"}},"6af47f2c-b095-45d7-87da-f65ea75fee14":{"type":"brand-product","settings":{"text_alignment":"md:text-left","text_alignment_mobile":"text-left","heading":"Form-fitting Design","has_underline":true,"desktop_heading_font_size":"md:text-xl","heading_font_size":"text-xl","copy":"<p>Keep a small footprint with RAM®'s TC73\/TC78 form-fit design. Form-fit design means keeping the lowest profile possible while mounted in-vehicle. The spring loaded top cup adds ease of use with one-handed docking—simply press upwards with the device in-hand and drop the bottom half into the dock.<\/p>","copy_font_size":"text-base","brand_image":"shopify:\/\/shop_images\/zebra-tc73tc78-form-fitting-design.jpg","button_text_1":"","button_link_1":"","btn_type_1":"btn-ram","button_text_2":"","button_link_2":"","btn_type_2":"btn-dark","button_text_3":"","button_link_3":"","btn_type_3":"btn-ram","section_bg_color":"#ffffff"}},"1655856422ae6f4658":{"type":"brand-product","settings":{"text_alignment":"md:text-left","text_alignment_mobile":"text-left","heading":"Open Functionality","has_underline":true,"desktop_heading_font_size":"md:text-xl","heading_font_size":"text-xl","copy":"<p>Thoughtful design around the TC73\/TC78 allows for access to buttons and the integrated stylus holder. Extra space is also provided for easy docking and undocking of the device, even while wearing thick gloves.<\/p>","copy_font_size":"text-base","brand_image":"shopify:\/\/shop_images\/zebra-tc73tc78-buttons-exposed.jpg","button_text_1":"","button_link_1":"","btn_type_1":"btn-ram","button_text_2":"","button_link_2":"","btn_type_2":"btn-dark","button_text_3":"","button_link_3":"","btn_type_3":"btn-ram","section_bg_color":"#ffffff"}},"1655856701e389a57c":{"type":"brand-product","settings":{"text_alignment":"md:text-left","text_alignment_mobile":"text-left","heading":"RAM® Compatible™","has_underline":true,"desktop_heading_font_size":"md:text-xl","heading_font_size":"text-xl","copy":"<p>The modularity of RAM® Mounts opens up a whole world of mounting options. Start by attaching a B or C size RAM® ball adapter and determine where you will be mounting your new TC73\/TC78. From there you can customize your mount with various socket arm lengths and bases.<\/p>","copy_font_size":"text-base","brand_image":"shopify:\/\/shop_images\/zebra-tc73tc78-rammounts-compatible.jpg","button_text_1":"","button_link_1":"","btn_type_1":"btn-ram","button_text_2":"","button_link_2":"","btn_type_2":"btn-dark","button_text_3":"","button_link_3":"","btn_type_3":"btn-ram","section_bg_color":"#ffffff"}},"1648581111639f05ed":{"type":"featured-blogs","disabled":true,"settings":{"heading":"ADVICE & <span>RAM<\/span>SPIRATION","text_desktop_alignment":"md:text-center","heading_font_size_desktop":"sm:text-xl","heading_font_size_mobile":"text-xl","mobile_vertical_padding":"py-0","mobile_horizontal_padding":"px-0","desktop_vertical_padding":"md:py-0","desktop_horizontal_padding":"md:px-0","heading_font_size_desktop_post":"sm:text-lg","article_1":"","article_2":"","article_3":"","full_width":true}},"5c465164-f73c-4766-a6ea-90685f8f4e2b":{"type":"brand-product","settings":{"text_alignment":"md:text-left","text_alignment_mobile":"text-left","heading":"Accessory Ready","has_underline":true,"desktop_heading_font_size":"md:text-xl","heading_font_size":"text-xl","copy":"<p>Besides the integrated stylus holder, additional space was provided to accommodate Zebra-specific device accessories such as the Zebra hand strap accessory and extended capacity batteries.<\/p>","copy_font_size":"text-base","brand_image":"shopify:\/\/shop_images\/zebra-tc73tc78-accessory-ready.jpg","button_text_1":"","button_link_1":"","btn_type_1":"btn-ram","button_text_2":"","button_link_2":"","btn_type_2":"btn-dark","button_text_3":"","button_link_3":"","btn_type_3":"btn-ram","section_bg_color":"#ffffff"}}},"order":["164633050094510fa7","16558563708c622ca6","16557493624751b44c","6af47f2c-b095-45d7-87da-f65ea75fee14","1655856422ae6f4658","1655856701e389a57c","1648581111639f05ed","5c465164-f73c-4766-a6ea-90685f8f4e2b"]}