{"sections":{"164633050094510fa7":{"type":"hero","settings":{"section_id":"","desktop_image":"shopify:\/\/shop_images\/fishfinder_6fcd66dd-70a4-46c0-87d2-ad0b550c92bc.jpg","line_color":"#cd1e27","desktop_image_height":300,"content_desktop_alignment":"md:justify-start","text_desktop_alignment":"md:text-left","desktop_heading":"","desktop_subheading":"","copy":"","heading_tag":"h1","heading_font_size_desktop":"sm:text-5xl","heading_font_size_mobile":"text-3xl","desktop_button_text":"Click Here","desktop_button_link":"","desktop_button_text2":"","desktop_button_link2":"","desktop_text_color":"#ffffff","desktop_subheading_color":"#ffffff","button_bg":"#ffffff","button_hover_bg":"#000000","button_text":"#000000","button_hover_text":"#ffffff","button2_bg":"#ffffff","button2_border_bg":"#ffffff","button2_hover_bg":"#000000","button2_text":"#000000","button2_hover_text":"#ffffff","mobile_image":"shopify:\/\/shop_images\/camera_4949ef96-fef3-49c1-a17a-08b17c3a4666.jpg","mobile_image_height":425,"text_mobile_alignment":"text-left","text_mobile_vertical_alignment":"justify-center","mobile_text_color":"#ffffff","mobile_button_color":"btn"}},"16612954991c51295a":{"type":"ram-title-with-button","settings":{"text_alignment":"md:text-left","text_alignment_mobile":"text-left","heading":"Fishfinder Mounts","desktop_heading_font_size":"md:text-3xl","heading_font_size":"text-2xl","copy":"<p>RAM® marine electronic mounts are designed with the rubber ball and socket system that provides adjustment points at both ends of the arm. Trusted by anglers around the world, choose from clamping, drill-down, suction cup, and track mounting bases to create your perfect mounting solution. Explore the full line of RAM® fishfinder and chartplotter mounts below.<\/p>","copy_font_size":"text-base","btn_label":"Shop All","btn_url":"\/collections\/powerboat-fishfinder-mounts","btn_type":"btn-ram","section_bg_color":"#f4f4f6"}},"1658863025ed8f3597":{"type":"ram-custom-products","blocks":{"1658863025ca45681e-0":{"type":"products","settings":{"single_product":"ram-101-lo12"}},"1658863025ca45681e-1":{"type":"products","settings":{"single_product":"ram-111b-354-tra1u"}},"1658863025ca45681e-2":{"type":"products","settings":{"single_product":"ram-109hu"}},"1658863025ca45681e-3":{"type":"products","settings":{"single_product":"ram-d-115-c"}}},"block_order":["1658863025ca45681e-0","1658863025ca45681e-1","1658863025ca45681e-2","1658863025ca45681e-3"],"settings":{"full_width":false,"mobile_vertical_padding":"py-8","mobile_horizontal_padding":"px-8","desktop_vertical_padding":"md:py-12","desktop_horizontal_padding":"md:px-8","heading":"<p>Top Suggested Products<\/p>","copy":"","content_vertical_padding":"md:mt-10","heading_font_family":"font-heading","copy_font_family":"font-body","heading_bottom_spacing":16,"copy_bottom_spacing":16,"text_alignment":"text-center","desktop_heading_font_size":"md:text-2xl","desktop_copy_font_size":"md:text-base","mobile_heading_font_size":"text-xl","mobile_copy_font_size":"text-base"}},"1655760169540d09a1":{"type":"brand-product","settings":{"text_alignment":"md:text-left","text_alignment_mobile":"text-left","heading":"Boat Mounts","has_underline":true,"desktop_heading_font_size":"md:text-xl","heading_font_size":"text-xl","copy":"<p>With the most robust mounts in the marine industry, RAM® can handle fishfinders and chartplotters of any size. Drill-down bases utilize the RAM® rubber ball for vibration damping, anti-slip capabilities, near-infinite adjustability, corrosion-resistance, and the ruggedness marine environments demand. Choose from universal mounts as well as mounts engineered specifically for Lowrance, Humminbird, Raymarine, and Garmin devices.<\/p>","copy_font_size":"text-base","brand_image":"shopify:\/\/shop_images\/fishfindermounts-section1.jpg","button_text_1":"Shop Boat Mounts","button_link_1":"\/collections\/powerboat-phone-mounts","btn_type_1":"btn-ram","button_text_2":"","button_link_2":"","btn_type_2":"btn-dark","button_text_3":"","button_link_3":"","btn_type_3":"btn-ram","section_bg_color":"#ffffff"}},"1655760276c26a46f1":{"type":"brand-product","settings":{"text_alignment":"md:text-left","text_alignment_mobile":"text-left","heading":"Kayak Mounts","has_underline":true,"desktop_heading_font_size":"md:text-xl","heading_font_size":"text-xl","copy":"<p>RAM® offers a number of fishfinder and chartplotter mounting solutions for kayaks. With a more compact size, these marine electronics can be mounted using a wide range of RAM® bases, including clamping, drill-down, and track base options.<\/p>","copy_font_size":"text-base","brand_image":"shopify:\/\/shop_images\/fishfindermounts-section2.jpg","button_text_1":"Shop Kayak Mounts","button_link_1":"\/collections\/kayak-fishfinder-mounts","btn_type_1":"btn-ram","button_text_2":"","button_link_2":"","btn_type_2":"btn-dark","button_text_3":"","button_link_3":"","btn_type_3":"btn-ram","section_bg_color":"#ffffff"}},"1655760525f9ea1740":{"type":"brand-product","settings":{"text_alignment":"md:text-left","text_alignment_mobile":"text-left","heading":"Accessories","has_underline":true,"desktop_heading_font_size":"md:text-xl","heading_font_size":"text-xl","copy":"<p>Take your fishfinder or chartplotter mounting solution to the next level with marine electronic accessories. With the RAM® Hi-Torq™ Wrench, get the extra leverage needed to secure D size mounting components. For added security and theft deterrence, take advantage of the RAM® Pin-Lock™ Security Knob for double socket arms, gimbal brackets, and swing arms. And with the RAM® Cable Manager, easily route cables and wires cleanly from your devices.<\/p>","copy_font_size":"text-base","brand_image":"shopify:\/\/shop_images\/fishfindermounts-section3.jpg","button_text_1":"Shop Accessories","button_link_1":"\/collections\/powerboat-accessories","btn_type_1":"btn-ram","button_text_2":"","button_link_2":"","btn_type_2":"btn-dark","button_text_3":"","button_link_3":"","btn_type_3":"btn-ram","section_bg_color":"#ffffff"}},"1648581111639f05ed":{"type":"featured-blogs","disabled":true,"settings":{"heading":"ADVICE & <span>RAM<\/span>SPIRATION","text_desktop_alignment":"md:text-center","heading_font_size_desktop":"sm:text-xl","heading_font_size_mobile":"text-xl","mobile_vertical_padding":"py-0","mobile_horizontal_padding":"px-0","desktop_vertical_padding":"md:py-0","desktop_horizontal_padding":"md:px-0","heading_font_size_desktop_post":"sm:text-lg","article_1":"","article_2":"","article_3":"","full_width":true}}},"order":["164633050094510fa7","16612954991c51295a","1658863025ed8f3597","1655760169540d09a1","1655760276c26a46f1","1655760525f9ea1740","1648581111639f05ed"]}