{"sections":{"16564388103dad76cc":{"type":"hero","settings":{"section_id":"","desktop_image":"shopify:\/\/shop_images\/success-story-built-robotics-ram-mounts-banner.jpg","line_color":"#cd1e27","desktop_image_height":300,"content_desktop_alignment":"md:justify-start","text_desktop_alignment":"md:text-left","desktop_heading":"","desktop_subheading":"","copy":"","heading_tag":"h2","heading_font_size_desktop":"sm:text-5xl","heading_font_size_mobile":"text-3xl","desktop_button_text":"Click Here","desktop_button_link":"","desktop_button_text2":"","desktop_button_link2":"","desktop_text_color":"#ffffff","desktop_subheading_color":"#ffffff","button_bg":"#ffffff","button_hover_bg":"#000000","button_text":"#000000","button_hover_text":"#ffffff","button2_bg":"#ffffff","button2_border_bg":"#ffffff","button2_hover_bg":"#000000","button2_text":"#000000","button2_hover_text":"#ffffff","mobile_image":"shopify:\/\/shop_images\/success-story-built-robotics-ram-mounts-mobile-banner.jpg","mobile_image_height":375,"text_mobile_alignment":"text-left","text_mobile_vertical_alignment":"justify-center","mobile_text_color":"#ffffff","mobile_button_color":"btn"}},"1648581111639f05ed":{"type":"featured-blogs","disabled":true,"settings":{"heading":"ADVICE & <span>RAM<\/span>SPIRATION","text_desktop_alignment":"md:text-center","heading_font_size_desktop":"sm:text-xl","heading_font_size_mobile":"text-xl","mobile_vertical_padding":"py-0","mobile_horizontal_padding":"px-0","desktop_vertical_padding":"md:py-0","desktop_horizontal_padding":"md:px-0","heading_font_size_desktop_post":"sm:text-lg","article_1":"","article_2":"","article_3":"","full_width":true}},"5c5de11f-035a-4e34-8720-9de436d42dc1":{"type":"ram-title-with-button","settings":{"text_alignment":"md:text-left","text_alignment_mobile":"text-left","heading":"{{ page.title }}","desktop_heading_font_size":"md:text-3xl","heading_font_size":"text-2xl","copy":"<p>Built Robotics Inc. is a San Francisco, California, US-based vehicular automation startup that develops software and hardware to automate construction equipment, transforming heavy equipment into autonomous robots for the $1 trillion earthmoving industry.<\/p>","copy_font_size":"text-base","btn_label":"READ FULL STORY","btn_url":"https:\/\/cdn.shopify.com\/s\/files\/1\/0593\/5346\/4982\/files\/Built_Robotics_Success_Story.pdf?v=1671145760","btn_type":"btn-ram","section_bg_color":"#f4f4f6"}},"16564392713056c5ba":{"type":"multicolumn-text","blocks":{"165643927164a91113-0":{"type":"multicolumn-text","settings":{"heading":"<p>Customer<\/p>","copy":"<p>Built Robotics Inc.<\/p><p>San Francisco, California<\/p>","html":"","text_color":"#000000","button_text_color":"#000000","button_text_color_hover":"#ffffff","mobile_heading_font_size":"text-xl","desktop_heading_font_size":"md:text-xl","mobile_content_font_size":"text-base","desktop_content_font_size":"md:text-sm","copy_bottom_spacing":16,"desktop_col_span":"md:w-1\/2","column_text_alignment":"text-left"}},"de25ebff-2f99-48c0-ad53-89bb4a851ceb":{"type":"multicolumn-text","settings":{"heading":"<p>Challenge<\/p>","copy":"<p>As part of the previous setup, Robotic Equipment Operators (REO) would simply carry deployment devices around with them. These REOs didn't have the right tools to hold and safely secure the devices used to run the software. Built wanted to create an official process and safety best practices while also winning the trsut of their customers.<\/p>","html":"","text_color":"#000000","button_text_color":"#000000","button_text_color_hover":"#ffffff","mobile_heading_font_size":"text-xl","desktop_heading_font_size":"md:text-xl","mobile_content_font_size":"text-base","desktop_content_font_size":"md:text-sm","copy_bottom_spacing":16,"desktop_col_span":"md:w-1\/2","column_text_alignment":"text-left"}},"8635440c-c09c-4e14-94e1-be9db94136fa":{"type":"multicolumn-text","settings":{"heading":"<p>Solutions<\/p>","copy":"<p><a href=\"https:\/\/rammount.com\/collections\/laptop-mounts-full-kits\" title=\"Shop All Laptop Mounts and Accessories\">RAM® No-Drill™ Laptop Mounts<\/a><\/p><p><a href=\"https:\/\/rammount.com\/collections\/tablet-mounts-holders\" title=\"Universal Tablet Mounts\">RAM® Tab-Tite™ Tablet Holders<\/a><\/p><p><a href=\"https:\/\/rammount.com\/pages\/components\" title=\"Shop all RAM Components\">RAM® Double Ball Mounts<\/a><\/p>","html":"","text_color":"#000000","button_text_color":"#000000","button_text_color_hover":"#ffffff","mobile_heading_font_size":"text-xl","desktop_heading_font_size":"md:text-xl","mobile_content_font_size":"text-base","desktop_content_font_size":"md:text-sm","copy_bottom_spacing":8,"desktop_col_span":"md:w-1\/2","column_text_alignment":"text-left"}},"4c227b69-f4a6-47eb-918f-3dd1ca41fa9f":{"type":"multicolumn-text","settings":{"heading":"<p>Benefits \/ Outcomes<\/p>","copy":"<p>Built Robotics installed — and continues to install — RAM® No-Drill™ vehicle laptop mounts and tablet mounts into all of their deployment vehicles and excavators. These new mounting kits helped Built create a standard for their deployment process while providing essential tools for REOs perform duties successfully, every time. Additionally, Built Robotics loves the RAM® ecosystem. RAM®’s universal line of tablet holders came in handy to support the 8” tablets that needed to be mounted inside the cabin of each excavator. These tablets acted as the software's onboard user interface that any given technician could operate and read diagnostic information. The trust Built put into RAM®’s products is precisely why the deployment process gets the safety stamp of approval.<\/p>","html":"","text_color":"#000000","button_text_color":"#000000","button_text_color_hover":"#ffffff","mobile_heading_font_size":"text-xl","desktop_heading_font_size":"md:text-xl","mobile_content_font_size":"text-base","desktop_content_font_size":"md:text-sm","copy_bottom_spacing":16,"desktop_col_span":"md:w-1\/2","column_text_alignment":"text-left"}}},"block_order":["165643927164a91113-0","de25ebff-2f99-48c0-ad53-89bb4a851ceb","8635440c-c09c-4e14-94e1-be9db94136fa","4c227b69-f4a6-47eb-918f-3dd1ca41fa9f"],"settings":{"section_id":"","section_class":"","full_width":false,"column_padding":"px-0","tile_font_family":"font-heading","mobile_vertical_padding":"py-8","mobile_horizontal_padding":"px-8","desktop_vertical_padding":"md:py-8","desktop_horizontal_padding":"md:px-8","heading_tag":"h3","heading":"","copy":"","heading_font_family":"font-heading","copy_font_family":"font-body","heading_bottom_spacing":16,"copy_bottom_spacing":40,"text_alignment":"text-left","desktop_heading_font_size":"md:text-2xl","desktop_copy_font_size":"md:text-base","mobile_heading_font_size":"text-xl","mobile_copy_font_size":"text-base"}},"1659129911671a2d4b":{"type":"multicolumn-text","disabled":true,"blocks":{"1659129911ea955ec0-0":{"type":"multicolumn-text","settings":{"heading":"","copy":"<p><strong>De Pere, Wisconsin<\/strong><\/p><p><strong>Transportation Industry<\/strong><\/p><p><strong>Carrier Services<\/strong><\/p><p><strong>900 Employees<\/strong><\/p><p><strong>800 Customers To Date<\/strong><\/p>","html":"","text_color":"#000000","button_text_color":"#000000","button_text_color_hover":"#ffffff","mobile_heading_font_size":"text-xl","desktop_heading_font_size":"md:text-xl","mobile_content_font_size":"text-base","desktop_content_font_size":"md:text-base","copy_bottom_spacing":16,"desktop_col_span":"md:w-1\/2","column_text_alignment":"text-left"}},"0fdf5bae-653c-473e-adab-e118c0ad23fb":{"type":"multicolumn-text","settings":{"heading":"","copy":"<p><strong>Top 3 Reasons: Simple, Reliable, Future-Proof<\/strong><\/p><p><strong>RAM® Products Used: 42,200 Units Deployed<\/strong><\/p><p><strong>RAM® Customer for 2+ Years<\/strong><\/p>","html":"","text_color":"#000000","button_text_color":"#000000","button_text_color_hover":"#ffffff","mobile_heading_font_size":"text-xl","desktop_heading_font_size":"md:text-xl","mobile_content_font_size":"text-base","desktop_content_font_size":"md:text-base","copy_bottom_spacing":16,"desktop_col_span":"md:w-1\/2","column_text_alignment":"text-left"}}},"block_order":["1659129911ea955ec0-0","0fdf5bae-653c-473e-adab-e118c0ad23fb"],"settings":{"section_id":"","section_class":"","full_width":false,"column_padding":"px-2","tile_font_family":"font-heading","mobile_vertical_padding":"py-8","mobile_horizontal_padding":"px-8","desktop_vertical_padding":"md:py-12","desktop_horizontal_padding":"md:px-8","heading_tag":"h2","heading":"","copy":"","heading_font_family":"font-heading","copy_font_family":"font-body","heading_bottom_spacing":16,"copy_bottom_spacing":16,"text_alignment":"text-center","desktop_heading_font_size":"md:text-xl","desktop_copy_font_size":"md:text-base","mobile_heading_font_size":"text-xl","mobile_copy_font_size":"text-base"}},"1659130143fda52554":{"type":"testimonial-slider","blocks":{"16591301436f7eb3fc-0":{"type":"testimonial","settings":{"rating":0,"review":"\"I rely on RAM® Mounts when deploying our robots into the field. The construction industry builds our world, and we make sure the tools we put in the hands of skilled workers are always the safest, most robust ones available. Our partners trust Built’s autonomous solutions, and we in turn trust RAM® Mount as a tool we can rely on.\"","reviewer":"Justin Russell - Head of Field Operations for Built Robotics"}},"16591301436f7eb3fc-1":{"type":"testimonial","disabled":true,"settings":{"rating":5,"review":"Lorem ipsum dolor sit amet, consectetur adipiscing elit. Tortor aliquet risus non, pellentesque tempor, leo, sed sed adipiscing. Sapien elit, feugiat nulla tincidunt","reviewer":"Joe Blow"}},"16591301436f7eb3fc-2":{"type":"testimonial","disabled":true,"settings":{"rating":5,"review":"Lorem ipsum dolor sit amet, consectetur adipiscing elit. Tortor aliquet risus non, pellentesque tempor, leo, sed sed adipiscing. Sapien elit, feugiat nulla tincidunt","reviewer":"Joe Blow"}}},"block_order":["16591301436f7eb3fc-0","16591301436f7eb3fc-1","16591301436f7eb3fc-2"],"settings":{"section_class":"","full_width":false,"heading_position":"top","slider_speed":2,"copy_bg":"#ffffff","copy_text":"#000000","reviews_text":"#000000","review_bg":"#ffffff","star_color":"#e22120","mobile_vertical_padding":"py-8","mobile_horizontal_padding":"px-8","desktop_vertical_padding":"md:py-0","desktop_horizontal_padding":"md:px-8","tile_font_family":"font-heading","tile_font_size":"text-xl","heading_tag":"h4","heading":"","copy":"","heading_font_family":"font-body","copy_font_family":"font-body","heading_bottom_spacing":0,"copy_bottom_spacing":16,"text_alignment":"text-left","desktop_heading_font_size":"md:text-xl","desktop_copy_font_size":"md:text-base","mobile_heading_font_size":"text-xl","mobile_copy_font_size":"text-base"}},"b08a7b90-6f47-4b88-af48-69447849e3c6":{"type":"ram-images","blocks":{"template--15907188375702__b08a7b90-6f47-4b88-af48-69447849e3c6-1671144487b2f56abf-0":{"type":"image_icon","settings":{"image":"shopify:\/\/shop_images\/built-robotics-ram-mounts-mounts_1.png","text":"","url":"","desktop_text_font_size":"md:text-lg","mobile_text_font_size":"text-lg"}},"template--15907188375702__b08a7b90-6f47-4b88-af48-69447849e3c6-1671144487b2f56abf-1":{"type":"image_icon","settings":{"image":"shopify:\/\/shop_images\/built-robotics-ram-mounts-laptop-mount_4.jpg","text":"","url":"","desktop_text_font_size":"md:text-lg","mobile_text_font_size":"text-lg"}},"template--15907188375702__b08a7b90-6f47-4b88-af48-69447849e3c6-1671144487b2f56abf-2":{"type":"image_icon","settings":{"image":"shopify:\/\/shop_images\/built-robotics-ram-mounts-mounts_1.jpg","text":"","url":"","desktop_text_font_size":"md:text-lg","mobile_text_font_size":"text-lg"}},"template--15907188375702__b08a7b90-6f47-4b88-af48-69447849e3c6-1671144487b2f56abf-3":{"type":"image_icon","settings":{"image":"shopify:\/\/shop_images\/built-robotics-ram-mounts-laptop-mount_3.jpg","text":"","url":"","desktop_text_font_size":"md:text-lg","mobile_text_font_size":"text-lg"}}},"block_order":["template--15907188375702__b08a7b90-6f47-4b88-af48-69447849e3c6-1671144487b2f56abf-0","template--15907188375702__b08a7b90-6f47-4b88-af48-69447849e3c6-1671144487b2f56abf-1","template--15907188375702__b08a7b90-6f47-4b88-af48-69447849e3c6-1671144487b2f56abf-2","template--15907188375702__b08a7b90-6f47-4b88-af48-69447849e3c6-1671144487b2f56abf-3"],"settings":{"section_bg_color":"#f4f4f6","section_class":"","full_width":true,"red_line":false,"enable_slider":false,"slider_speed":2,"slider_slides":4,"desktop_per_row":"w-1\/4","mobile_per_row":"w-1\/2","justify_items":"justify-center","icon_height":225,"icon_size":425,"icon_space":0,"icon_font_size":"text-xl","icon_font_family":"font-heading","icon_text_space":8,"mobile_vertical_padding":"py-3","mobile_horizontal_padding":"px-3","desktop_vertical_padding":"md:py-8","desktop_horizontal_padding":"md:px-8","heading":"","copy":"","heading_font_family":"font-heading","copy_font_family":"font-body","heading_bottom_spacing":12,"copy_bottom_spacing":16,"text_alignment":"text-center","desktop_heading_font_size":"md:text-xl","desktop_copy_font_size":"md:text-xl","mobile_heading_font_size":"text-xl","mobile_copy_font_size":"text-base"}},"0c930dc0-468a-46fd-bde8-1b33a7731605":{"type":"sales-form","blocks":{"template--15907188375702__0c930dc0-468a-46fd-bde8-1b33a7731605-1671145805dec2e9f1-0":{"type":"html","settings":{"red_line":true,"heading":"<p>CONTACT SALES<\/p>","heading_font_family":"font-heading","heading_bottom_spacing":0,"text_alignment":"text-center","desktop_heading_font_size":"md:text-2xl","mobile_heading_font_size":"text-xl","html_block":"<div style=\"margin:0 auto;\" class=\"pxFormGenerator\" id=\"NRCcEj1xmk2g_uGXmjI2EQ\"><\/div>"}}},"block_order":["template--15907188375702__0c930dc0-468a-46fd-bde8-1b33a7731605-1671145805dec2e9f1-0"],"settings":{"section_id":"","section_class":"","back_color":"","content_width":false,"full_width":false,"column_padding":"px-2","tile_font_family":"font-heading","mobile_vertical_padding":"py-8","mobile_horizontal_padding":"px-8","desktop_vertical_padding":"md:py-12","desktop_horizontal_padding":"md:px-8","heading_tag":"h2","heading":"","copy":"","heading_color":"#131313","heading_font_family":"font-heading","copy_font_family":"font-body","heading_bottom_spacing":16,"copy_bottom_spacing":16,"text_alignment":"text-left","desktop_heading_font_size":"md:text-xl","desktop_copy_font_size":"md:text-base","mobile_heading_font_size":"text-xl","mobile_copy_font_size":"text-base"}}},"order":["16564388103dad76cc","1648581111639f05ed","5c5de11f-035a-4e34-8720-9de436d42dc1","16564392713056c5ba","1659129911671a2d4b","1659130143fda52554","b08a7b90-6f47-4b88-af48-69447849e3c6","0c930dc0-468a-46fd-bde8-1b33a7731605"]}