{"sections":{"165791847932d0401f":{"type":"ram-images-with-title","blocks":{"165791847934430bbe-0":{"type":"image_icon","settings":{"image":"shopify:\/\/shop_images\/jeff-carnevali_7b53559d-4eae-4929-a10c-9c4d378d8660.jpg","text":"","url":"shopify:\/\/pages\/corporate-bio-jeff-carnevali","desktop_text_font_size":"md:text-lg","mobile_text_font_size":"text-lg"}},"165791847934430bbe-1":{"type":"image_icon","settings":{"image":"shopify:\/\/shop_images\/ChadR_03f9327b-c98e-4cd9-8c19-492329e9646d.jpg","text":"","url":"shopify:\/\/pages\/corporate-bio-chad-remmers","desktop_text_font_size":"md:text-lg","mobile_text_font_size":"text-lg"}},"165791847934430bbe-2":{"type":"image_icon","settings":{"image":"shopify:\/\/shop_images\/MikeT_0793ce4d-113e-4f9b-b563-d1ae3dc07fb5.jpg","text":"","url":"shopify:\/\/pages\/corporate-bio-mike-turner","desktop_text_font_size":"md:text-lg","mobile_text_font_size":"text-lg"}},"39ab52f6-930f-4004-9cc5-7ed31d645756":{"type":"image_icon","settings":{"image":"shopify:\/\/shop_images\/AliciaC.jpg","text":"","url":"shopify:\/\/pages\/corporate-bio-alicia-carnevali","desktop_text_font_size":"md:text-lg","mobile_text_font_size":"text-lg"}},"bae5c538-2773-4712-bb23-822e00826a4c":{"type":"image_icon","settings":{"image":"shopify:\/\/shop_images\/aleks-reavis.jpg","text":"","url":"shopify:\/\/pages\/aleks-reavis-events-manager","desktop_text_font_size":"md:text-lg","mobile_text_font_size":"text-lg"}},"6ae20f8b-f735-4265-9247-3623c9224372":{"type":"image_icon","settings":{"image":"shopify:\/\/shop_images\/AndrewD.jpg","text":"","url":"shopify:\/\/pages\/corporate-bio-andrew-dedonker","desktop_text_font_size":"md:text-lg","mobile_text_font_size":"text-lg"}},"97325928-0a1a-4234-8b59-a832eed3e136":{"type":"image_icon","disabled":true,"settings":{"image":"shopify:\/\/shop_images\/ashley-swearingen.jpg","text":"","url":"shopify:\/\/pages\/corporate-bio-ashley-swearingen","desktop_text_font_size":"md:text-lg","mobile_text_font_size":"text-lg"}},"3e4b23bf-81fa-4b8e-9bbc-4a2a85b9b5bf":{"type":"image_icon","settings":{"image":"shopify:\/\/shop_images\/ChrisL.jpg","text":"","url":"shopify:\/\/pages\/corporate-bio-chris-lasswell","desktop_text_font_size":"md:text-lg","mobile_text_font_size":"text-lg"}},"15b614b9-cf56-4422-8935-13462f15eb11":{"type":"image_icon","settings":{"image":"shopify:\/\/shop_images\/CliffL.jpg","text":"","url":"shopify:\/\/pages\/corporate-bio-cliff-lucas","desktop_text_font_size":"md:text-lg","mobile_text_font_size":"text-lg"}},"4194c050-746d-4752-84f5-6b8a2c832728":{"type":"image_icon","settings":{"image":"shopify:\/\/shop_images\/dan-gettmann_b50c01eb-f423-48be-807e-628a3894c4c0.jpg","text":"","url":"shopify:\/\/pages\/dan-gettmann-b2b-sales-manager","desktop_text_font_size":"md:text-lg","mobile_text_font_size":"text-lg"}},"29abef1e-55db-4c3c-a5ee-50ae8b38252a":{"type":"image_icon","settings":{"image":"shopify:\/\/shop_images\/DaveJ.jpg","text":"","url":"shopify:\/\/pages\/corporate-bio-dave-johnson","desktop_text_font_size":"md:text-lg","mobile_text_font_size":"text-lg"}},"09ec6e10-c6ff-4771-afbe-936c2f29b699":{"type":"image_icon","settings":{"image":"shopify:\/\/shop_images\/DavidB.jpg","text":"","url":"shopify:\/\/pages\/corporate-bio-david-brinn","desktop_text_font_size":"md:text-lg","mobile_text_font_size":"text-lg"}},"54560028-3964-484d-93c3-1a2eb58b5ebc":{"type":"image_icon","settings":{"image":"shopify:\/\/shop_images\/JackK.jpg","text":"","url":"shopify:\/\/pages\/corporate-bio-jack-kropp","desktop_text_font_size":"md:text-lg","mobile_text_font_size":"text-lg"}},"aa0d747b-71e0-464d-b4b0-14b79c286016":{"type":"image_icon","settings":{"image":"shopify:\/\/shop_images\/jake-parker.jpg","text":"","url":"shopify:\/\/pages\/corporate-bio-jake-parker","desktop_text_font_size":"md:text-lg","mobile_text_font_size":"text-lg"}},"950d8f1e-4e0f-4ce9-a883-42289e5b8fbc":{"type":"image_icon","settings":{"image":"shopify:\/\/shop_images\/JanettaK.jpg","text":"","url":"shopify:\/\/pages\/corporate-bio-janetta-knight","desktop_text_font_size":"md:text-lg","mobile_text_font_size":"text-lg"}},"ba08fac1-8181-46b1-b1dd-3eb601b2582b":{"type":"image_icon","settings":{"image":"shopify:\/\/shop_images\/johnathon-fitzpatrick.jpg","text":"","url":"","desktop_text_font_size":"md:text-lg","mobile_text_font_size":"text-lg"}},"d3027b3d-a52e-4ef6-bc81-7d87941da2b4":{"type":"image_icon","settings":{"image":"shopify:\/\/shop_images\/KyleL.jpg","text":"","url":"shopify:\/\/pages\/corporate-bio-kyle-lonzak","desktop_text_font_size":"md:text-lg","mobile_text_font_size":"text-lg"}},"304c7fa2-ce04-49a1-839d-bd99aeefe205":{"type":"image_icon","settings":{"image":"shopify:\/\/shop_images\/LoriL.jpg","text":"","url":"shopify:\/\/pages\/corporate-bio-lori-leadley","desktop_text_font_size":"md:text-lg","mobile_text_font_size":"text-lg"}},"2e0221a7-7188-483c-ab1c-2a022c4afcb0":{"type":"image_icon","settings":{"image":"shopify:\/\/shop_images\/mary-czaja.jpg","text":"","url":"shopify:\/\/pages\/corporate-bio-mary-czaja","desktop_text_font_size":"md:text-lg","mobile_text_font_size":"text-lg"}},"084ef348-56b0-4f1b-b71a-3ed88214e9ec":{"type":"image_icon","settings":{"image":"shopify:\/\/shop_images\/MelissaD_f11f64f7-bea5-42d6-a267-8367b178fc49.jpg","text":"","url":"shopify:\/\/pages\/corporate-bio-melissa-dantzler","desktop_text_font_size":"md:text-lg","mobile_text_font_size":"text-lg"}},"cb9dbd47-96b4-4651-b9f2-21f1d556f4a2":{"type":"image_icon","settings":{"image":"shopify:\/\/shop_images\/MichaelI.jpg","text":"","url":"shopify:\/\/pages\/corporate-bio-michael-inglima","desktop_text_font_size":"md:text-lg","mobile_text_font_size":"text-lg"}},"39d801a0-de23-4ddf-acb4-4e9275b5fb5d":{"type":"image_icon","settings":{"image":"shopify:\/\/shop_images\/Nicholas-Lowe-Hale.jpg","text":"","url":"shopify:\/\/pages\/nicholas-lowe-hale-sales-support-manager","desktop_text_font_size":"md:text-lg","mobile_text_font_size":"text-lg"}},"259511d7-d114-4988-8f26-e384063e36a6":{"type":"image_icon","settings":{"image":"shopify:\/\/shop_images\/PoryC.jpg","text":"","url":"shopify:\/\/pages\/corporate-bio-pory-chhun","desktop_text_font_size":"md:text-lg","mobile_text_font_size":"text-lg"}},"169202c8-afbe-4540-83bb-6f25e3e16686":{"type":"image_icon","settings":{"image":"shopify:\/\/shop_images\/RavindraS.jpg","text":"","url":"shopify:\/\/pages\/corporate-bio-ravindra-singh","desktop_text_font_size":"md:text-lg","mobile_text_font_size":"text-lg"}},"1f035e71-7c22-4bb7-8451-a06be96609a2":{"type":"image_icon","settings":{"image":"shopify:\/\/shop_images\/RickP.jpg","text":"","url":"shopify:\/\/pages\/corporate-bio-rick-phillips","desktop_text_font_size":"md:text-lg","mobile_text_font_size":"text-lg"}},"bdd3afe5-2516-40cf-95d4-d440c6effa92":{"type":"image_icon","settings":{"image":"shopify:\/\/shop_images\/sarah-boutwell_98c70385-569e-476a-aa1d-8621b71e5187.jpg","text":"","url":"shopify:\/\/pages\/corporate-bio-sarah-boutwell","desktop_text_font_size":"md:text-lg","mobile_text_font_size":"text-lg"}},"851454b0-a3f4-4bf8-9545-d3b4ac136631":{"type":"image_icon","settings":{"image":"shopify:\/\/shop_images\/sarah-howard_39b7d98a-ddef-4cea-b0dd-172eb8b657dd.jpg","text":"","url":"shopify:\/\/pages\/sarah-howard","desktop_text_font_size":"md:text-lg","mobile_text_font_size":"text-lg"}},"f8a12031-c456-416c-955a-b3dc199a08de":{"type":"image_icon","settings":{"image":"shopify:\/\/shop_images\/ScottA.jpg","text":"","url":"shopify:\/\/pages\/corporate-bio-scott-anderson","desktop_text_font_size":"md:text-lg","mobile_text_font_size":"text-lg"}},"d554fb0a-9783-4c9f-8cbd-22dc5d523fb4":{"type":"image_icon","settings":{"image":"shopify:\/\/shop_images\/stefan-gottschalk.jpg","text":"","url":"shopify:\/\/pages\/corporate-bio-stefan-gottschalk","desktop_text_font_size":"md:text-lg","mobile_text_font_size":"text-lg"}}},"block_order":["165791847934430bbe-0","165791847934430bbe-1","165791847934430bbe-2","39ab52f6-930f-4004-9cc5-7ed31d645756","bae5c538-2773-4712-bb23-822e00826a4c","6ae20f8b-f735-4265-9247-3623c9224372","97325928-0a1a-4234-8b59-a832eed3e136","3e4b23bf-81fa-4b8e-9bbc-4a2a85b9b5bf","15b614b9-cf56-4422-8935-13462f15eb11","4194c050-746d-4752-84f5-6b8a2c832728","29abef1e-55db-4c3c-a5ee-50ae8b38252a","09ec6e10-c6ff-4771-afbe-936c2f29b699","54560028-3964-484d-93c3-1a2eb58b5ebc","aa0d747b-71e0-464d-b4b0-14b79c286016","950d8f1e-4e0f-4ce9-a883-42289e5b8fbc","ba08fac1-8181-46b1-b1dd-3eb601b2582b","d3027b3d-a52e-4ef6-bc81-7d87941da2b4","304c7fa2-ce04-49a1-839d-bd99aeefe205","2e0221a7-7188-483c-ab1c-2a022c4afcb0","084ef348-56b0-4f1b-b71a-3ed88214e9ec","cb9dbd47-96b4-4651-b9f2-21f1d556f4a2","39d801a0-de23-4ddf-acb4-4e9275b5fb5d","259511d7-d114-4988-8f26-e384063e36a6","169202c8-afbe-4540-83bb-6f25e3e16686","1f035e71-7c22-4bb7-8451-a06be96609a2","bdd3afe5-2516-40cf-95d4-d440c6effa92","851454b0-a3f4-4bf8-9545-d3b4ac136631","f8a12031-c456-416c-955a-b3dc199a08de","d554fb0a-9783-4c9f-8cbd-22dc5d523fb4"],"settings":{"section_bg_color":"#ffffff","section_class":"","full_width":true,"red_line":false,"enable_slider":false,"slider_speed":2,"slider_slides":8,"desktop_per_row":"w-1\/3","mobile_per_row":"w-full","justify_items":"justify-evenly","icon_space":"pb-0","icon_height":300,"icon_size":325,"icon_font_size":"text-xl","icon_font_family":"font-heading","icon_text_space":4,"mobile_vertical_padding":"py-8","mobile_horizontal_padding":"px-8","desktop_vertical_padding":"md:py-12","desktop_horizontal_padding":"md:px-px","heading":"<p>Corporate Directory<\/p>","copy":"","heading_font_family":"font-heading","copy_font_family":"font-body","heading_bottom_spacing":40,"copy_bottom_spacing":16,"text_alignment":"text-left","desktop_heading_font_size":"md:text-4xl","desktop_copy_font_size":"md:text-xl","mobile_heading_font_size":"text-xl","mobile_copy_font_size":"text-base"}}},"order":["165791847932d0401f"]}