{"sections":{"16579212286306f69e":{"type":"brand-product","disabled":true,"settings":{"text_alignment":"md:text-left","text_alignment_mobile":"text-left","heading":"Sarah Boutwell - Business Development Manager","has_underline":true,"desktop_heading_font_size":"md:text-xl","heading_font_size":"text-xl","copy":"","copy_font_size":"text-base","brand_image":"shopify:\/\/shop_images\/sarah-boutwell.jpg","button_text_1":"","button_link_1":"","btn_type_1":"btn-ram","button_text_2":"","button_link_2":"","btn_type_2":"btn-dark","button_text_3":"","button_link_3":"","btn_type_3":"btn-ram","section_bg_color":"#ffffff"}},"1373d4d1-6e3b-43b9-8384-7c24bac0ce85":{"type":"hero","settings":{"section_id":"","desktop_image":"shopify:\/\/shop_images\/sarah-boutwell-wide.jpg","line_color":"#cd1e27","desktop_image_height":300,"content_desktop_alignment":"md:justify-start","text_desktop_alignment":"md:text-left","desktop_heading":"","desktop_subheading":"","copy":"","heading_tag":"h1","heading_font_size_desktop":"sm:text-5xl","heading_font_size_mobile":"text-3xl","desktop_button_text":"Click Here","desktop_button_link":"","desktop_button_text2":"","desktop_button_link2":"","desktop_text_color":"#FFFFFF","desktop_subheading_color":"#FFFFFF","button_bg":"#FFFFFF","button_hover_bg":"#000000","button_text":"#000000","button_hover_text":"#FFFFFF","button2_bg":"#FFFFFF","button2_border_bg":"#FFFFFF","button2_hover_bg":"#000000","button2_text":"#000000","button2_hover_text":"#FFFFFF","mobile_image_height":375,"text_mobile_alignment":"text-left","text_mobile_vertical_alignment":"justify-center","mobile_text_color":"#FFFFFF","mobile_button_color":"btn"}},"16579212908eaf97b5":{"type":"copy","settings":{"main":true,"hide_title":false,"text_alignment":"text-left","heading":"","desktop_heading_font_size":"md:text-xl","heading_font_size":"text-base","copy":"","copy_font_size":"text-base","full_width":false}}},"order":["16579212286306f69e","1373d4d1-6e3b-43b9-8384-7c24bac0ce85","16579212908eaf97b5"]}