{"sections":{"164633050094510fa7":{"type":"hero","settings":{"section_id":"","desktop_image":"shopify:\/\/shop_images\/samsung-dex-banner.jpg","desktop_image_height":300,"content_desktop_alignment":"md:justify-start","text_desktop_alignment":"md:text-left","desktop_heading":"","desktop_subheading":"","copy":"","heading_tag":"h1","heading_font_size_desktop":"sm:text-5xl","heading_font_size_mobile":"text-3xl","desktop_button_text":"Click Here","desktop_button_link":"","desktop_button_text2":"","desktop_button_link2":"","desktop_text_color":"#ffffff","desktop_subheading_color":"#ffffff","button_bg":"#ffffff","button_hover_bg":"#000000","button_text":"#000000","button_hover_text":"#ffffff","button2_bg":"#ffffff","button2_border_bg":"#ffffff","button2_hover_bg":"#000000","button2_text":"#000000","button2_hover_text":"#ffffff","mobile_image":"shopify:\/\/shop_images\/mobile-samsung-dex-banner.jpg","mobile_image_height":425,"text_mobile_alignment":"text-left","text_mobile_vertical_alignment":"justify-center","mobile_text_color":"#ffffff","mobile_button_color":"btn"}},"16486560366c7b7837":{"type":"brand-product","settings":{"text_alignment":"md:text-left","text_alignment_mobile":"text-center","heading":"Samsung DeX","has_underline":false,"desktop_heading_font_size":"md:text-4xl","heading_font_size":"text-2xl","copy":"<p>RAM® Mounts paired with Samsung DeX takes your workflow to the next level by creating a complete desktop experience out of your Galaxy phone or tablet. So, what is Samsung Dex? Samsung DeX is a new software platform used for mobile-powered desktop computing that allows you to turn your phone or tablet into a work-ready PC. With the help of an external monitor, the platform can mirror programs and access files from the device. Now that Samsung has turned your mobile device into a true pocket PC, it's time to think on-the-go. With a new world of possibilities within reach, RAM® Mounts and GDS® Technology™ enable you to secure this cutting edge technology in your vehicle, on your forklift, in the office, or virtually anywhere else.<\/p>","copy_font_size":"text-base","brand_image":"shopify:\/\/shop_images\/samsung-dex.png","button_text_1":"Request a Quote","button_link_1":"#contact","btn_type_1":"btn-ram","button_text_2":"","button_link_2":"","btn_type_2":"btn-dark","button_text_3":"VIEW CATALOG","button_link_3":"","btn_type_3":"btn-ram","section_bg_color":"#f4f4f6"}},"165540466172977f6e":{"type":"ram-images","blocks":{"165540466191d87f9a-0":{"type":"image_icon","settings":{"image":"shopify:\/\/shop_images\/truck-icon.webp","text":"<p>Truck \/ Vehicle<\/p>","url":"","desktop_text_font_size":"md:text-lg","mobile_text_font_size":"text-lg"}},"165540466191d87f9a-1":{"type":"image_icon","settings":{"image":"shopify:\/\/shop_images\/forklift-icon.webp","text":"<p>Forklit<\/p>","url":"","desktop_text_font_size":"md:text-lg","mobile_text_font_size":"text-lg"}},"165540466191d87f9a-2":{"type":"image_icon","settings":{"image":"shopify:\/\/shop_images\/desk-icon.webp","text":"<p>Desktop<\/p>","url":"","desktop_text_font_size":"md:text-lg","mobile_text_font_size":"text-lg"}},"165540466191d87f9a-3":{"type":"image_icon","settings":{"image":"shopify:\/\/shop_images\/wall-icon.webp","text":"<p>Wall \/ Workstation<\/p>","url":"","desktop_text_font_size":"md:text-lg","mobile_text_font_size":"text-lg"}}},"block_order":["165540466191d87f9a-0","165540466191d87f9a-1","165540466191d87f9a-2","165540466191d87f9a-3"],"settings":{"section_bg_color":"#f4f4f6","section_class":"","full_width":true,"red_line":false,"enable_slider":false,"slider_speed":2,"slider_slides":4,"desktop_per_row":"w-1\/4","mobile_per_row":"w-1\/2","justify_items":"justify-center","icon_height":150,"icon_size":200,"icon_space":0,"icon_font_size":"text-xl","icon_font_family":"font-heading","icon_text_space":32,"mobile_vertical_padding":"py-8","mobile_horizontal_padding":"px-8","desktop_vertical_padding":"md:py-12","desktop_horizontal_padding":"md:px-8","heading":"","copy":"","heading_font_family":"font-heading","copy_font_family":"font-body","heading_bottom_spacing":16,"copy_bottom_spacing":16,"text_alignment":"text-center","desktop_heading_font_size":"md:text-xl","desktop_copy_font_size":"md:text-xl","mobile_heading_font_size":"text-xl","mobile_copy_font_size":"text-base"}},"1648577237754fb6a9":{"type":"brand-product","settings":{"text_alignment":"text-left","text_alignment_mobile":"text-left","heading":"Samsung DeX + GDS® Technology™","has_underline":true,"desktop_heading_font_size":"md:text-xl","heading_font_size":"text-xl","copy":"<p>GDS® Technology™ takes your Samsung DeX connection one step further using reliable docking stations with pogo pin technology—no cords needed. With multiple desktop and vehicle solutions to choose from, GDS® Docks™ will support any device wrapped in an IntelliSkin®. IntelliSkin® is a protective sleeve for your devices with military-grade drop protection and converts the device's internal charging port to the rugged pogo pads for any GDS® Dock™. This technology keeps your device protected in the most rugged environments, as well as a secure connection to the platform at all times.<\/p>","copy_font_size":"text-base","brand_image":"shopify:\/\/shop_images\/section-1_92ea98c8-b2f8-4df1-a850-1e887a98cecb.jpg","button_text_1":"Learn More","button_link_1":"\/pages\/gds-tech","btn_type_1":"btn-dark","button_text_2":"","button_link_2":"","btn_type_2":"btn-dark","button_text_3":"","button_link_3":"","btn_type_3":"btn-ram","section_bg_color":"#ffffff"}},"1648579274ae6e3e3d":{"type":"brand-product","settings":{"text_alignment":"text-left","text_alignment_mobile":"text-left","heading":"Samsung DeX + RAM® Mounts","has_underline":true,"desktop_heading_font_size":"md:text-xl","heading_font_size":"text-xl","copy":"<p>RAM® Mounts are best known for offering the most rugged and reliable mounting solutions for any industrial environment. With a full line of modular and adjustable components, RAM® lets you build out a customized system that suits your specific needs. With a range of ball & socket sizes to accommodate specific devices and environments, RAM® Mounts unlock the full potential of Samsung's platform. Secure your monitor, keyboard, phone, or tablet exactly where you want them, with peace of mind that they will remain secure under the most demanding environments.<\/p>","copy_font_size":"text-base","brand_image":"shopify:\/\/shop_images\/section-2_6d219cc7-cbf8-4af4-8d22-0b878f118dab.jpg","button_text_1":"","button_link_1":"","btn_type_1":"btn-ram","button_text_2":"","button_link_2":"","btn_type_2":"btn-dark","button_text_3":"","button_link_3":"","btn_type_3":"btn-ram","section_bg_color":"#ffffff"}},"16485795249e42f7ab":{"type":"brand-product","settings":{"text_alignment":"text-left","text_alignment_mobile":"text-left","heading":"Samsung DeX + GDS® View™","has_underline":true,"desktop_heading_font_size":"md:text-xl","heading_font_size":"text-xl","copy":"<p>The GDS® View™ 13.3\" touchscreen monitor lets you take the PC experience on the road. Create a Samsung DeX in-vehicle mobile workstation that takes advantage of the GDS® Ecosystem™ for connecting peripherals and charging capabilities. The GDS® View™ monitor has undergone MIL-STD-810G 514.5 vibration testing, ensuring performance in the most demanding environments. This two-point capacitive touchscreen monitor allows you to pinch, zoom, and select – and includes an anti-glare and anti-fingerprint treatment.<\/p>","copy_font_size":"text-base","brand_image":"shopify:\/\/shop_images\/section-3_a4513233-35a1-4c7d-83f1-ac8212122df7.jpg","button_text_1":"Learn More","button_link_1":"\/collections\/gds-view-monitor","btn_type_1":"btn-dark","button_text_2":"","button_link_2":"","btn_type_2":"btn-dark","button_text_3":"","button_link_3":"","btn_type_3":"btn-ram","section_bg_color":"#ffffff"}},"16485796764a4ab8f8":{"type":"brand-product","settings":{"text_alignment":"text-left","text_alignment_mobile":"text-left","heading":"Universal Vehicle Bundle","has_underline":true,"desktop_heading_font_size":"md:text-xl","heading_font_size":"text-xl","copy":"<p>RAM® Mounts offers a turnkey solution to Samsung DeX in-vehicle with the GDS® Ecosystem™ Bundle. Comprised of a full 13.3\" touchscreen monitor, keyboard, phone mount, vehicle base and proper cables the GDS® Ecosystem™ Bundle is an instant mobile workstation—all you need is your compatible Samsung phone. The RAM® No-Drill™ vehicle base is a universal base for a wide variety of vehicles as opposed to our vehicle-specific custom bases. For those looking for a get-it-and-go mobile workstation, the GDS® Ecosystem™ bundle makes it easy to start using the platform in your vehicle instantly with no hassle and an easy install.<\/p>","copy_font_size":"text-base","brand_image":"shopify:\/\/shop_images\/section-4_75af2692-d090-405e-b062-ed29fb6b14e2.jpg","button_text_1":"Learn More","button_link_1":"shopify:\/\/products\/ram-vb-196-gds-eco1","btn_type_1":"btn-dark","button_text_2":"","button_link_2":"","btn_type_2":"btn-dark","button_text_3":"","button_link_3":"","btn_type_3":"btn-ram","section_bg_color":"#ffffff"}},"1648581111639f05ed":{"type":"featured-blogs","disabled":true,"settings":{"heading":"ADVICE & <span>RAM<\/span>SPIRATION","text_desktop_alignment":"md:text-center","heading_font_size_desktop":"sm:text-xl","heading_font_size_mobile":"text-xl","mobile_vertical_padding":"py-0","mobile_horizontal_padding":"px-0","desktop_vertical_padding":"md:py-0","desktop_horizontal_padding":"md:px-0","heading_font_size_desktop_post":"sm:text-lg","article_1":"","article_2":"","article_3":"","full_width":true}},"165540489801ed57c6":{"type":"sales-form","blocks":{"165540489804b345a0-0":{"type":"html","settings":{"red_line":true,"heading":"<p>Contact Sales<\/p>","heading_font_family":"font-heading","heading_bottom_spacing":0,"text_alignment":"text-center","desktop_heading_font_size":"md:text-2xl","mobile_heading_font_size":"text-xl","html_block":"<div style=\"margin:0 auto;\" class=\"pxFormGenerator\" id=\"NRCcEj1xmk2g_uGXmjI2EQ\"><\/div>"}}},"block_order":["165540489804b345a0-0"],"settings":{"section_id":"contact","section_class":"","back_color":"","content_width":false,"full_width":false,"column_padding":"px-2","tile_font_family":"font-heading","mobile_vertical_padding":"py-8","mobile_horizontal_padding":"px-8","desktop_vertical_padding":"md:py-12","desktop_horizontal_padding":"md:px-8","heading_tag":"h2","heading":"","copy":"","heading_color":"#131313","heading_font_family":"font-heading","copy_font_family":"font-body","heading_bottom_spacing":16,"copy_bottom_spacing":16,"text_alignment":"text-left","desktop_heading_font_size":"md:text-xl","desktop_copy_font_size":"md:text-base","mobile_heading_font_size":"text-xl","mobile_copy_font_size":"text-base"}}},"order":["164633050094510fa7","16486560366c7b7837","165540466172977f6e","1648577237754fb6a9","1648579274ae6e3e3d","16485795249e42f7ab","16485796764a4ab8f8","1648581111639f05ed","165540489801ed57c6"]}