{"sections":{"164633050094510fa7":{"type":"hero","settings":{"section_id":"","desktop_image":"shopify:\/\/shop_images\/otterbox-tabactive3-banner.jpg","desktop_image_height":300,"content_desktop_alignment":"md:justify-start","text_desktop_alignment":"md:text-left","desktop_heading":"","desktop_subheading":"","copy":"","heading_tag":"h1","heading_font_size_desktop":"sm:text-5xl","heading_font_size_mobile":"text-3xl","desktop_button_text":"Click Here","desktop_button_link":"","desktop_button_text2":"","desktop_button_link2":"","desktop_text_color":"#ffffff","desktop_subheading_color":"#ffffff","button_bg":"#ffffff","button_hover_bg":"#000000","button_text":"#000000","button_hover_text":"#ffffff","button2_bg":"#ffffff","button2_border_bg":"#ffffff","button2_hover_bg":"#000000","button2_text":"#000000","button2_hover_text":"#ffffff","mobile_image":"shopify:\/\/shop_images\/mobile-otterbox-tabactive3-banner.jpg","mobile_image_height":425,"text_mobile_alignment":"text-left","text_mobile_vertical_alignment":"justify-center","mobile_text_color":"#ffffff","mobile_button_color":"btn"}},"16486560366c7b7837":{"type":"brand-product","settings":{"text_alignment":"md:text-left","text_alignment_mobile":"text-center","heading":"OtterBox + Tab Active3","has_underline":false,"desktop_heading_font_size":"md:text-4xl","heading_font_size":"text-2xl","copy":"<p>RAM® Mounts has designed new tablet docks in collaboration with Samsung and OtterBox featuring uniVERSE compatibility for the Samsung Galaxy Tab Active3. These docks include a power only option as well as single and dual peripheral, enabled via USB connectors. Take advantage of integrated pogo pin contacts that line up perfectly with the tablet's pogo pads to initiate charging capabilities whiled docked. Learn more about all dock features below.<\/p>","copy_font_size":"text-base","brand_image":"shopify:\/\/shop_images\/otterbox-tabactive3.png","button_text_1":"Shop OtterBox Docks for Tab Active3","button_link_1":"\/collections\/otterbox-universe-tablet?pf_mlt_device_make_model=Tab+Active3&pf_mlt_device_make_model=Samsung&pf_mlt_device_make_model_and_condition=true","btn_type_1":"btn-ram","button_text_2":"","button_link_2":"","btn_type_2":"btn-dark","button_text_3":"","button_link_3":"","btn_type_3":"btn-ram","section_bg_color":"#f4f4f6"}},"1648577237754fb6a9":{"type":"brand-product","settings":{"text_alignment":"text-left","text_alignment_mobile":"text-left","heading":"Form-Fit Docks for OtterBox uniVERSE Case","has_underline":true,"desktop_heading_font_size":"md:text-xl","heading_font_size":"text-xl","copy":"<p>These docks feature a form-fitting design for your Tab Active3 in an OtterBox uniVERSE case, leaving all ports and buttons exposed with access to the S-Pen as well. Form-fit docks not only keep the mounting solution as slim and lightweight as possible, but also provides an easy docking experience.<\/p>","copy_font_size":"text-base","brand_image":"shopify:\/\/shop_images\/section1.jpg","button_text_1":"","button_link_1":"","btn_type_1":"btn-ram","button_text_2":"","button_link_2":"","btn_type_2":"btn-dark","button_text_3":"","button_link_3":"","btn_type_3":"btn-ram","section_bg_color":"#ffffff"}},"1648579274ae6e3e3d":{"type":"brand-product","settings":{"text_alignment":"text-left","text_alignment_mobile":"text-left","heading":"uniVERSE Accessory Holder","has_underline":true,"desktop_heading_font_size":"md:text-xl","heading_font_size":"text-xl","copy":"<p>Each of these docks come equipped with an OtterBox uniVERSE accessory holder on the back for a convenient place to store your uniVERSE accessories. Connect uniVERSE modules like the GPS Spike, Square Chip Reader Adapter, and more for an efficient workflow.<\/p>","copy_font_size":"text-base","brand_image":"shopify:\/\/shop_images\/section2.jpg","button_text_1":"","button_link_1":"","btn_type_1":"btn-ram","button_text_2":"","button_link_2":"","btn_type_2":"btn-dark","button_text_3":"","button_link_3":"","btn_type_3":"btn-ram","section_bg_color":"#ffffff"}},"16485795249e42f7ab":{"type":"brand-product","settings":{"text_alignment":"text-left","text_alignment_mobile":"text-left","heading":"Peripheral Enablement","has_underline":true,"desktop_heading_font_size":"md:text-xl","heading_font_size":"text-xl","copy":"<p>These RAM® Mounts docks come in both single and dual USB peripheral support. Turn your Tab Active3 into a mobile workstation by adding a GDS® Keyboard™, printer, scanner gun and more, utilizing the USB Type A connectors. These docks are an all-in-one mobile solution for your OtterBox uniVERSE-wrapped Tab Active3.<\/p>","copy_font_size":"text-base","brand_image":"shopify:\/\/shop_images\/section3.jpg","button_text_1":"","button_link_1":"","btn_type_1":"btn-ram","button_text_2":"","button_link_2":"","btn_type_2":"btn-dark","button_text_3":"","button_link_3":"","btn_type_3":"btn-ram","section_bg_color":"#ffffff"}},"1648581111639f05ed":{"type":"featured-blogs","disabled":true,"settings":{"heading":"ADVICE & <span>RAM<\/span>SPIRATION","text_desktop_alignment":"md:text-center","heading_font_size_desktop":"sm:text-xl","heading_font_size_mobile":"text-xl","mobile_vertical_padding":"py-0","mobile_horizontal_padding":"px-0","desktop_vertical_padding":"md:py-0","desktop_horizontal_padding":"md:px-0","heading_font_size_desktop_post":"sm:text-lg","article_1":"","article_2":"","article_3":"","full_width":true}}},"order":["164633050094510fa7","16486560366c7b7837","1648577237754fb6a9","1648579274ae6e3e3d","16485795249e42f7ab","1648581111639f05ed"]}