{"sections":{"164633050094510fa7":{"type":"hero","settings":{"section_id":"","desktop_image":"shopify:\/\/shop_images\/accessibility_7b3435bb-3708-40a1-af24-58caa2525ed0.jpg","line_color":"#cd1e27","desktop_image_height":300,"content_desktop_alignment":"md:justify-start","text_desktop_alignment":"md:text-left","desktop_heading":"","desktop_subheading":"","copy":"","heading_tag":"h1","heading_font_size_desktop":"sm:text-5xl","heading_font_size_mobile":"text-3xl","desktop_button_text":"Click Here","desktop_button_link":"","desktop_button_text2":"","desktop_button_link2":"","desktop_text_color":"#ffffff","desktop_subheading_color":"#ffffff","button_bg":"#ffffff","button_hover_bg":"#000000","button_text":"#000000","button_hover_text":"#ffffff","button2_bg":"#ffffff","button2_border_bg":"#ffffff","button2_hover_bg":"#000000","button2_text":"#000000","button2_hover_text":"#ffffff","mobile_image":"shopify:\/\/shop_images\/accessibility_11bd6ef6-820a-4248-bfe4-a924b7bf8464.jpg","mobile_image_height":425,"text_mobile_alignment":"text-left","text_mobile_vertical_alignment":"justify-center","mobile_text_color":"#ffffff","mobile_button_color":"btn"}},"1655416488804526bd":{"type":"ram-title-with-button","settings":{"text_alignment":"md:text-left","text_alignment_mobile":"text-left","heading":"Accessibility","desktop_heading_font_size":"md:text-3xl","heading_font_size":"text-2xl","copy":"<p>With a full suite of mounting solutions for wheelchairs and devices, RAM® Mounts offers a wide range of accessibility mounts. Utilizing the innovative RAM® ball and socket design, these mounts provide your devices with a secure fit and are compatible with numerous bases such as clamping and track options. Explore the full line of RAM® accessibility mounts below.<\/p>","copy_font_size":"text-base","btn_label":"View Catalog","btn_url":"https:\/\/issuu.com\/rammount\/docs\/accessibility_catalog?fr=sMmNhMDM5ODIz","btn_type":"btn-ram","section_bg_color":"#f4f4f6"}},"165541670761b7f135":{"type":"partner-logos","disabled":true,"blocks":{"165541670775cccaae-1":{"type":"image_icon","settings":{"image":"shopify:\/\/shop_images\/platform-science.png","text":"","url":"","desktop_text_font_size":"md:text-lg","mobile_text_font_size":"text-lg"}},"165541670775cccaae-0":{"type":"image_icon","settings":{"image":"shopify:\/\/shop_images\/omnitracs.png","text":"","url":"","desktop_text_font_size":"md:text-lg","mobile_text_font_size":"text-lg"}},"165541670775cccaae-2":{"type":"image_icon","settings":{"image":"shopify:\/\/shop_images\/peoplenet_1f191611-006c-4349-8fad-a723a0c49357.png","text":"","url":"","desktop_text_font_size":"md:text-lg","mobile_text_font_size":"text-lg"}},"961b8dce-fb5d-46e5-8ba9-46de6feb6a4d":{"type":"image_icon","settings":{"image":"shopify:\/\/shop_images\/samsung_d37c3cb0-c61c-4e8c-8d56-0863a30ce01e.png","text":"","url":"","desktop_text_font_size":"md:text-lg","mobile_text_font_size":"text-lg"}}},"block_order":["165541670775cccaae-1","165541670775cccaae-0","165541670775cccaae-2","961b8dce-fb5d-46e5-8ba9-46de6feb6a4d"],"settings":{"section_bg_color":"#000000","section_class":"","full_width":true,"red_line":false,"enable_slider":false,"slider_speed":2,"slider_slides":3,"desktop_per_row":"w-1\/4","mobile_per_row":"w-full","justify_items":"justify-center","icon_height":100,"icon_size":225,"icon_space":0,"icon_font_size":"text-xl","icon_font_family":"font-heading","icon_text_space":4,"mobile_vertical_padding":"py-4","mobile_horizontal_padding":"px-8","desktop_vertical_padding":"md:py-4","desktop_horizontal_padding":"md:px-8","heading":"","copy":"","heading_font_family":"font-heading","copy_font_family":"font-body","heading_bottom_spacing":16,"copy_bottom_spacing":16,"text_alignment":"text-center","desktop_heading_font_size":"md:text-xl","desktop_copy_font_size":"md:text-xl","mobile_heading_font_size":"text-xl","mobile_copy_font_size":"text-base"}},"165540489801ed57c6":{"type":"sales-form","disabled":true,"blocks":{"165540489804b345a0-0":{"type":"html","settings":{"red_line":true,"heading":"<p>Contact Sales<\/p>","heading_font_family":"font-heading","heading_bottom_spacing":0,"text_alignment":"text-center","desktop_heading_font_size":"md:text-2xl","mobile_heading_font_size":"text-xl","html_block":"<div style=\"margin:0 auto;\" class=\"pxFormGenerator\" id=\"NRCcEj1xmk2g_uGXmjI2EQ\"><\/div>"}}},"block_order":["165540489804b345a0-0"],"settings":{"section_id":"contact","section_class":"","back_color":"","content_width":false,"full_width":false,"column_padding":"px-2","tile_font_family":"font-heading","mobile_vertical_padding":"py-8","mobile_horizontal_padding":"px-8","desktop_vertical_padding":"md:py-12","desktop_horizontal_padding":"md:px-8","heading_tag":"h2","heading":"","copy":"","heading_color":"#131313","heading_font_family":"font-heading","copy_font_family":"font-body","heading_bottom_spacing":16,"copy_bottom_spacing":16,"text_alignment":"text-left","desktop_heading_font_size":"md:text-xl","desktop_copy_font_size":"md:text-base","mobile_heading_font_size":"text-xl","mobile_copy_font_size":"text-base"}},"1655753973d6f21029":{"type":"ram-tabs-products","blocks":{"16557539731b1767c4-0":{"type":"tab","settings":{"title":"Wheelchair Mounts","content":"","btn_label":"Shop All Accessibility","btn_url":"\/collections\/accessibility-wheelchair-mounts","btn_type":"btn-ram","btn_label_2":"RAM® Mount Builder","btn_url_2":"shopify:\/\/pages\/mount-builder","btn_type_2":"btn-dark","product_1":"rap-aapr-wct-419-un7u","product_2":"rap-aapr-wct-114p-18-un9u","product_3":"rap-400-18-b-un8","product_4":"ram-b-238-wct-2-un7"}},"16557539731b1767c4-1":{"type":"tab","settings":{"title":"Xbox Adaptive Controller","content":"","btn_label":"Shop All Accessibility","btn_url":"\/collections\/accessibility-xbox-adaptive-controller","btn_type":"btn-ram","btn_label_2":"RAM® Mount Builder","btn_url_2":"shopify:\/\/pages\/mount-builder","btn_type_2":"btn-dark","product_1":"ram-238-wct-9-ms2","product_2":"rap-400-2-238-ms2","product_3":"ram-238-wct-2-ms2","product_4":"ram-bm-l1-293-ms2"}},"16557539731b1767c4-2":{"type":"tab","settings":{"title":"Bedside Mounts","content":"","btn_label":"Shop All Accessibility","btn_url":"\/collections\/accessibility-bedside-mounts","btn_type":"btn-ram","btn_label_2":"RAM® Mount Builder","btn_url_2":"shopify:\/\/pages\/mount-builder","btn_type_2":"btn-dark","product_1":"ram-b-316-400-202u","product_2":"ram-hol-un9u","product_3":"ram-hol-un8bu","product_4":"ram-hol-ap22u"}},"16557539731b1767c4-3":{"type":"tab","settings":{"title":"Desk & Table Mounts","content":"","btn_label":"Shop All Accessibility","btn_url":"\/collections\/accessibility-desk-table-mounts","btn_type":"btn-ram","btn_label_2":"RAM® Mount Builder","btn_url_2":"shopify:\/\/pages\/mount-builder","btn_type_2":"btn-dark","product_1":"rap-b-291-a-202u","product_2":"rap-b-121u","product_3":"ram-hol-un9u","product_4":"rap-b-417bu"}}},"block_order":["16557539731b1767c4-0","16557539731b1767c4-1","16557539731b1767c4-2","16557539731b1767c4-3"],"settings":{"mobile_vertical_padding":"py-8","mobile_horizontal_padding":"px-8","desktop_vertical_padding":"md:py-12","desktop_horizontal_padding":"md:px-8","heading":"<p>Top Suggested Products<\/p>","copy":"","content_vertical_padding":"md:mt-10","heading_font_family":"font-heading","copy_font_family":"font-body","heading_bottom_spacing":16,"copy_bottom_spacing":16,"text_alignment":"text-left","desktop_heading_font_size":"md:text-xl","desktop_copy_font_size":"md:text-base","mobile_heading_font_size":"text-xl","mobile_copy_font_size":"text-base"}},"16557539787551fa8a":{"type":"brand-product","settings":{"text_alignment":"md:text-left","text_alignment_mobile":"text-left","heading":"Armrest Mounts","has_underline":true,"desktop_heading_font_size":"md:text-xl","heading_font_size":"text-xl","copy":"<p>Mount almost any phone by pairing the RAM® wheelchair track base with the armrest track system on your wheelchair. With the RAM® double ball and socket system, attach an easily adjustable double socket arm and compatible phone holder. Popular universal holders like the RAM® X-Grip® allow you to securely mount nearly any phone, no matter the device’s size or if it’s in a case.<\/p>","copy_font_size":"text-base","brand_image":"shopify:\/\/shop_images\/wheelchair-section1.jpg","button_text_1":"Shop Armrest Tracks","button_link_1":"shopify:\/\/collections\/accessibility-wheelchair-mounts","btn_type_1":"btn-ram","button_text_2":"","button_link_2":"","btn_type_2":"btn-dark","button_text_3":"","button_link_3":"","btn_type_3":"btn-ram","section_bg_color":"#ffffff"}},"16557540750e0e1bd3":{"type":"brand-product","settings":{"text_alignment":"md:text-left","text_alignment_mobile":"text-left","heading":"Seat Track Mounts","has_underline":true,"desktop_heading_font_size":"md:text-xl","heading_font_size":"text-xl","copy":"<p>Most seat track systems are compatible with the RAM® wheelchair track base, allowing you to attach a variety of compatible RAM® double socket arms and device holders. Select a ready-made kit or choose from a wide variety of components to create a custom mounting solution for your phone or tablet.<\/p>","copy_font_size":"text-base","brand_image":"shopify:\/\/shop_images\/wheelchair-section2.jpg","button_text_1":"Shop Seat Track Mounts","button_link_1":"shopify:\/\/collections\/accessibility-wheelchair-mounts","btn_type_1":"btn-ram","button_text_2":"","button_link_2":"","btn_type_2":"btn-dark","button_text_3":"","button_link_3":"","btn_type_3":"btn-ram","section_bg_color":"#ffffff"}},"1655754182625749a7":{"type":"brand-product","settings":{"text_alignment":"md:text-left","text_alignment_mobile":"text-left","heading":"Leg Rail Mounts","has_underline":true,"desktop_heading_font_size":"md:text-xl","heading_font_size":"text-xl","copy":"<p>Utilize rail bases like the RAM® Tough-Claw™ – along with flex rod extensions – to create a customizable mounting solution for nearly any wheelchair. By attaching the RAM® Tough-Claw™ to one of the leg rails on your wheelchair, you can take advantage of easily adjustable RAM® double socket arms and popular tablet holders like the universal RAM® X-Grip®.<\/p>","copy_font_size":"text-base","brand_image":"shopify:\/\/shop_images\/wheelchair-section3.jpg","button_text_1":"Shop Leg Rail Mounts","button_link_1":"shopify:\/\/collections\/accessibility-wheelchair-mounts","btn_type_1":"btn-ram","button_text_2":"","button_link_2":"","btn_type_2":"btn-dark","button_text_3":"","button_link_3":"","btn_type_3":"btn-ram","section_bg_color":"#ffffff"}},"1648581111639f05ed":{"type":"featured-blogs","disabled":true,"settings":{"heading":"ADVICE & <span>RAM<\/span>SPIRATION","text_desktop_alignment":"md:text-center","heading_font_size_desktop":"sm:text-xl","heading_font_size_mobile":"text-xl","mobile_vertical_padding":"py-0","mobile_horizontal_padding":"px-0","desktop_vertical_padding":"md:py-0","desktop_horizontal_padding":"md:px-0","heading_font_size_desktop_post":"sm:text-lg","article_1":"","article_2":"","article_3":"","full_width":true}},"5b7a7d75-b336-4065-9488-d05ae78e60e8":{"type":"brand-product","settings":{"text_alignment":"md:text-left","text_alignment_mobile":"text-left","heading":"Adaptive Strider Program","has_underline":true,"desktop_heading_font_size":"md:text-xl","heading_font_size":"text-xl","copy":"<p>Aimed at making biking more accessible for children at any age and with any height and limb differences, Strider created the Adaptive Strider Program in partnership with RAM® Mounts. Their mission to build bikes for all children comes to life with these bikes custom-built for each child.<\/p>","copy_font_size":"text-base","brand_image":"shopify:\/\/shop_images\/3T5A2110.jpg","button_text_1":"Read the Blog Post","button_link_1":"shopify:\/\/blogs\/news\/ram-strider-adaptive-program","btn_type_1":"btn-ram","button_text_2":"Learn More","button_link_2":"https:\/\/striderbikes.com\/adaptive\/","btn_type_2":"btn-dark","button_text_3":"","button_link_3":"","btn_type_3":"btn-ram","section_bg_color":"#fff"}}},"order":["164633050094510fa7","1655416488804526bd","165541670761b7f135","165540489801ed57c6","1655753973d6f21029","16557539787551fa8a","16557540750e0e1bd3","1655754182625749a7","1648581111639f05ed","5b7a7d75-b336-4065-9488-d05ae78e60e8"]}