{"sections":{"164633050094510fa7":{"type":"hero","settings":{"section_id":"","desktop_image":"shopify:\/\/shop_images\/ipad-mini6-banner.jpg","desktop_image_height":300,"content_desktop_alignment":"md:justify-start","text_desktop_alignment":"md:text-left","desktop_heading":"","desktop_subheading":"","copy":"","heading_tag":"h1","heading_font_size_desktop":"sm:text-5xl","heading_font_size_mobile":"text-3xl","desktop_button_text":"Click Here","desktop_button_link":"","desktop_button_text2":"","desktop_button_link2":"","desktop_text_color":"#ffffff","desktop_subheading_color":"#ffffff","button_bg":"#ffffff","button_hover_bg":"#000000","button_text":"#000000","button_hover_text":"#ffffff","button2_bg":"#ffffff","button2_border_bg":"#ffffff","button2_hover_bg":"#000000","button2_text":"#000000","button2_hover_text":"#ffffff","mobile_image":"shopify:\/\/shop_images\/mobile-ipad-mini6-banner.jpg","mobile_image_height":425,"text_mobile_alignment":"text-left","text_mobile_vertical_alignment":"justify-center","mobile_text_color":"#ffffff","mobile_button_color":"btn"}},"16558563708c622ca6":{"type":"brand-product","settings":{"text_alignment":"md:text-left","text_alignment_mobile":"text-left","heading":"iPad mini 6 Holders & Mounts","has_underline":true,"desktop_heading_font_size":"md:text-xl","heading_font_size":"text-xl","copy":"<p>With the release of the new iPad mini 6 there has been insane hype around it's small size with big power. Airplane and helicopter pilots alike have been itching to get their hands on the new iPad mini 6, and by default, the RAM® Mounts mounting solutions to go along with the tablet. Between the form-fitting RAM® EZ-Roll'r™ Cradle and the universal options available, the countless mounting configurations you can use to customize your iPad mini 6 mount will certainly scratch the itch.<\/p>","copy_font_size":"text-base","brand_image":"shopify:\/\/shop_images\/ipad-mini6.png","button_text_1":"Shop All iPad mini 6","button_link_1":"\/collections\/apple-ipad-mounts?pf_mlt_device_make_model=iPad+mini+6&pf_mlt_device_make_model=Apple&pf_mlt_device_make_model_and_condition=true&sort=extra-sort1-descending","btn_type_1":"btn-ram","button_text_2":"","button_link_2":"","btn_type_2":"btn-dark","button_text_3":"","button_link_3":"","btn_type_3":"btn-ram","section_bg_color":"#f4f4f6"}},"16557493624751b44c":{"type":"brand-product","settings":{"text_alignment":"md:text-left","text_alignment_mobile":"text-left","heading":"RAM® EZ-Roll'r™ Cradle for iPad mini 6","has_underline":true,"desktop_heading_font_size":"md:text-xl","heading_font_size":"text-xl","copy":"<p>With the iPad mini 6 solidifying itself as the most popular, and powerful, lightweight tablet on the market, airplane and helicopter pilots alike have long awaited its release. The form-fitting RAM® EZ-Roll'r™ cradles lay the foundation for a lightweight, low-profile mounting solution—ideal for yoke mounting. Attach a B or C size RAM® ball on the back and you're ready to customize a mounting solution to your specifications for just about any vehicle. For airplane mounting, take advantage of the RAM® Yoke Clamp Base or the RAM® Tough-Claw™.<\/p>","copy_font_size":"text-base","brand_image":"shopify:\/\/shop_images\/section-1_a22b5fcc-095b-46d6-a1a6-ccf7a0811c97.jpg","button_text_1":"Shop EZ-Roll'r for iPad mini 6","button_link_1":"\/collections\/apple-ipad-mounts?pf_mlt_device_make_model=iPad+mini+6&pf_mlt_device_make_model=Apple&pf_mlt_device_make_model_and_condition=true&pf_t_product_line=EZ-Roll%27r","btn_type_1":"btn-ram","button_text_2":"","button_link_2":"","btn_type_2":"btn-dark","button_text_3":"","button_link_3":"","btn_type_3":"btn-ram","section_bg_color":"#ffffff"}},"1648581111639f05ed":{"type":"featured-blogs","disabled":true,"settings":{"heading":"ADVICE & <span>RAM<\/span>SPIRATION","text_desktop_alignment":"md:text-center","heading_font_size_desktop":"sm:text-xl","heading_font_size_mobile":"text-xl","mobile_vertical_padding":"py-0","mobile_horizontal_padding":"px-0","desktop_vertical_padding":"md:py-0","desktop_horizontal_padding":"md:px-0","heading_font_size_desktop_post":"sm:text-lg","article_1":"","article_2":"","article_3":"","full_width":true}},"1655856422ae6f4658":{"type":"brand-product","settings":{"text_alignment":"md:text-left","text_alignment_mobile":"text-left","heading":"Universal Mobile Printer Mounts","has_underline":true,"desktop_heading_font_size":"md:text-xl","heading_font_size":"text-xl","copy":"<p>RAM® Mounts universal holders for are designed for multiple sizes of iPads, including the new iPad mini 6. These universal mounts cover all iPad models with or without a case, as well as various mounting locations and vehicles. With expandable arms on all sides of universal holders like the RAM® X-Grip® tablet holder, you can ensure a secure and firm hold. Three different attachment points are located on the back of each tablet holder to attach a B or C size ball adapter in order to further customize the mounting solution to work for you.<\/p>","copy_font_size":"text-base","brand_image":"shopify:\/\/shop_images\/section-2_d34d66c7-f717-4729-ba94-ba09ef71e1f7.jpg","button_text_1":"Shop Universal for iPad mini 6","button_link_1":"\/collections\/apple-ipad-mounts?pf_mlt_device_make_model=iPad+mini+6&pf_mlt_device_make_model=Apple&pf_mlt_device_make_model_and_condition=true&pf_t_product_line=RAM+X-Grip","btn_type_1":"btn-ram","button_text_2":"","button_link_2":"","btn_type_2":"btn-dark","button_text_3":"","button_link_3":"","btn_type_3":"btn-ram","section_bg_color":"#ffffff"}},"1655856701e389a57c":{"type":"brand-product","settings":{"text_alignment":"md:text-left","text_alignment_mobile":"text-left","heading":"IntelliSkin® Next Gen for iPad mini 6","has_underline":true,"desktop_heading_font_size":"md:text-xl","heading_font_size":"text-xl","copy":"<p>For enterpise solutions or for indivudals looking for a fully integrated workflow, look no further than GDS® Tech™ + IntelliSkin® Next Gen. Wrap your iPad mini 6 with an IntelliSkin® Next Gen protective sleeve to unlock the GDS® Ecosystem™. This protective sleeve enables universal docking via integrated pogo pin contacts that match with GDS® Docks™ allowing you to keep your device charged as well as add on peripheral support such as a keyboard or printer.<\/p>","copy_font_size":"text-base","brand_image":"shopify:\/\/shop_images\/section-3_c5a7296f-0d0a-4054-9b2f-ea05bf100402.jpg","button_text_1":"Shop IntelliSkin® for iPad mini 6","button_link_1":"\/collections\/apple-ipad-mounts?pf_mlt_device_make_model=iPad+mini+6&pf_mlt_device_make_model=Apple&pf_mlt_device_make_model_and_condition=true&pf_t_product_line=IntelliSkin+Next+Gen","btn_type_1":"btn-ram","button_text_2":"","button_link_2":"","btn_type_2":"btn-dark","button_text_3":"","button_link_3":"","btn_type_3":"btn-ram","section_bg_color":"#ffffff"}}},"order":["164633050094510fa7","16558563708c622ca6","16557493624751b44c","1648581111639f05ed","1655856422ae6f4658","1655856701e389a57c"]}