{"sections":{"164633050094510fa7":{"type":"hero","settings":{"section_id":"","desktop_image":"shopify:\/\/shop_images\/Holiday-Gift-Guide_d8259c0d-4b24-40b8-be03-ecf037e63b06.jpg","line_color":"#cd1e27","desktop_image_height":300,"content_desktop_alignment":"md:justify-start","text_desktop_alignment":"md:text-left","desktop_heading":"","desktop_subheading":"","copy":"","heading_tag":"h1","heading_font_size_desktop":"sm:text-5xl","heading_font_size_mobile":"text-3xl","desktop_button_text":"Click Here","desktop_button_link":"","desktop_button_text2":"","desktop_button_link2":"","desktop_text_color":"#ffffff","desktop_subheading_color":"#ffffff","button_bg":"#ffffff","button_hover_bg":"#000000","button_text":"#000000","button_hover_text":"#ffffff","button2_bg":"#ffffff","button2_border_bg":"#ffffff","button2_hover_bg":"#000000","button2_text":"#000000","button2_hover_text":"#ffffff","mobile_image":"shopify:\/\/shop_images\/Holiday-Gift-Guide-mobile.jpg","mobile_image_height":425,"text_mobile_alignment":"text-left","text_mobile_vertical_alignment":"justify-center","mobile_text_color":"#ffffff","mobile_button_color":"btn"}},"1655416488804526bd":{"type":"ram-title-with-button","settings":{"text_alignment":"md:text-left","text_alignment_mobile":"text-left","heading":"Holiday Gift Guide","desktop_heading_font_size":"md:text-3xl","heading_font_size":"text-2xl","copy":"<p>If you're looking for the perfect gift for your favorite adventurer, we've got you covered. Whether they're a die-hard overlander or just starting out on their first adventure, we have ideas for every kind of explorer on your list. Shop four curated gift guides full of best sellers that encourage exploration off the beaten path.<\/p>","copy_font_size":"text-base","btn_label":"","btn_url":"","btn_type":"btn-ram","section_bg_color":"#f4f4f6"}},"1655767365ce22efab":{"type":"ram-tabs-products","blocks":{"1655767365b03b7c24-1":{"type":"tab","settings":{"title":"Off-Road Enthusiasts","content":"","btn_label":"","btn_url":"","btn_type":"btn-ram","btn_label_2":"","btn_url_2":"","btn_type_2":"btn-dark","product_1":"ram-dt-204-track-a12u","product_2":"ram-b-189-piv1-un11u","product_3":"ram-379-372437-354-tra1u","product_4":"ram-vb-195-tab20"}},"fd3cc98d-b065-4934-a5cc-b5c7f6c0aca7":{"type":"tab","settings":{"title":"Bicycles & Motorcycles","content":"","btn_label":"","btn_url":"","btn_type":"btn-ram","btn_label_2":"","btn_url_2":"","btn_type_2":"btn-dark","product_1":"ram-hol-un7-400u","product_2":"ram-b-400-a-gop1u","product_3":"rap-b-202u-gop1","product_4":"rap-b-231-2-a-379-252025u"}},"a8556f0e-52f6-473e-96c2-73dccd69390f":{"type":"tab","settings":{"title":"On-Water Enthusiasts","content":"","btn_label":"","btn_url":"","btn_type":"btn-ram","btn_label_2":"","btn_url_2":"","btn_type_2":"btn-dark","product_1":"rap-b-354u-tra1","product_2":"rap-433-421","product_3":"ram-d-115-c","product_4":"rap-398-blk-track-au"}},"c8521a00-ed7f-406c-9dc9-a65812b23f41":{"type":"tab","settings":{"title":"RAM®  Fans","content":"","btn_label":"","btn_url":"","btn_type":"btn-ram","btn_label_2":"","btn_url_2":"","btn_type_2":"btn-dark","product_1":"ram-b-230u","product_2":"ram-b-273u","product_3":"rap-b-200-12u","product_4":"ram-hat-tr-grey-le-1"}}},"block_order":["1655767365b03b7c24-1","fd3cc98d-b065-4934-a5cc-b5c7f6c0aca7","a8556f0e-52f6-473e-96c2-73dccd69390f","c8521a00-ed7f-406c-9dc9-a65812b23f41"],"settings":{"mobile_vertical_padding":"py-8","mobile_horizontal_padding":"px-8","desktop_vertical_padding":"md:py-12","desktop_horizontal_padding":"md:px-8","heading":"","copy":"","content_vertical_padding":"md:mt-10","heading_font_family":"font-heading","copy_font_family":"font-body","heading_bottom_spacing":16,"copy_bottom_spacing":16,"text_alignment":"text-center","desktop_heading_font_size":"md:text-xl","desktop_copy_font_size":"md:text-base","mobile_heading_font_size":"text-xl","mobile_copy_font_size":"text-base"}},"16557673694fb1ad58":{"type":"brand-product","settings":{"text_alignment":"md:text-left","text_alignment_mobile":"text-left","heading":"Gifts for Off-Roaders & Overlanders","has_underline":true,"desktop_heading_font_size":"md:text-xl","heading_font_size":"text-xl","copy":"<p>Overlanders are always on the lookout for new ways to enjoy the great outdoors and new gear that will help them do it better and safer. Shop best-selling gifts perfect for the overlanders and off-roaders in your life, including dash tracks, weBoost kits, and more!<\/p>","copy_font_size":"text-base","brand_image":"shopify:\/\/shop_images\/off-road-overland.jpg","button_text_1":"Shop All","button_link_1":"shopify:\/\/collections\/holiday-off-road","btn_type_1":"btn-ram","button_text_2":"Learn More","button_link_2":"","btn_type_2":"btn-dark","button_text_3":"","button_link_3":"","btn_type_3":"btn-ram","section_bg_color":"#ffffff"}},"165576754445ef1c63":{"type":"brand-product","settings":{"text_alignment":"md:text-left","text_alignment_mobile":"text-left","heading":"Gifts for Two-Wheeled Thrill-Seekers","has_underline":true,"desktop_heading_font_size":"md:text-xl","heading_font_size":"text-xl","copy":"<p>Whether the two-wheeled thrill-seeker in your life rides a motorcycle around town, takes their mountain bike cross-country racing, or finds new trails on their dirt bike, find the perfect gift to pair with bikes off all kinds. <\/p>","copy_font_size":"text-base","brand_image":"shopify:\/\/shop_images\/bikes-motorcycles.jpg","button_text_1":"Shop All","button_link_1":"shopify:\/\/collections\/holiday-two-wheel","btn_type_1":"btn-ram","button_text_2":"Learn More","button_link_2":"","btn_type_2":"btn-dark","button_text_3":"","button_link_3":"","btn_type_3":"btn-ram","section_bg_color":"#ffffff"}},"0fb8d97f-7181-4969-be2f-fdedbd35a1c9":{"type":"brand-product","settings":{"text_alignment":"md:text-left","text_alignment_mobile":"text-left","heading":"Gifts for On-Water Enthusiasts","has_underline":true,"desktop_heading_font_size":"md:text-xl","heading_font_size":"text-xl","copy":"<p>Fishing, kayaking, and paddleboarding are great ways to get away from it all and enjoy the beauty of nature. But if you're headed out for a day on the water, you'll want to be prepared for anything. Shop gifts that will make any fisherman or kayaker's day on the water a little more enjoyable.<\/p>","copy_font_size":"text-base","brand_image":"shopify:\/\/shop_images\/on-water_baa81287-cf56-458b-88e6-3bbf7442b98d.jpg","button_text_1":"Shop All","button_link_1":"shopify:\/\/collections\/holiday-on-water","btn_type_1":"btn-ram","button_text_2":"Learn More","button_link_2":"","btn_type_2":"btn-dark","button_text_3":"","button_link_3":"","btn_type_3":"btn-ram","section_bg_color":"#ffffff"}},"9f951a25-d23d-45e9-8606-03317eaea6e6":{"type":"brand-product","settings":{"text_alignment":"md:text-left","text_alignment_mobile":"text-left","heading":"Gifts for RAM® Fans","has_underline":true,"desktop_heading_font_size":"md:text-xl","heading_font_size":"text-xl","copy":"<p>For the tried and true RAM® fan, we've gathered a handful of components that enhance mounting kits, from unique swivel socket arms to double ball adapters that enable mounting two devices from one base. Shop popular components and RAM®-branded gear in this gift guide dedicated to our biggest fans.<\/p>","copy_font_size":"text-base","brand_image":"shopify:\/\/shop_images\/ram-fans_9e071f80-1b05-4d40-af97-540f1245eda1.jpg","button_text_1":"Shop All","button_link_1":"shopify:\/\/collections\/holiday-ram-fans","btn_type_1":"btn-ram","button_text_2":"Learn More","button_link_2":"","btn_type_2":"btn-dark","button_text_3":"","button_link_3":"","btn_type_3":"btn-ram","section_bg_color":"#ffffff"}}},"order":["164633050094510fa7","1655416488804526bd","1655767365ce22efab","16557673694fb1ad58","165576754445ef1c63","0fb8d97f-7181-4969-be2f-fdedbd35a1c9","9f951a25-d23d-45e9-8606-03317eaea6e6"]}