{"sections":{"164633050094510fa7":{"type":"hero","settings":{"section_id":"","desktop_image":"shopify:\/\/shop_images\/zebra-et80-et85banner_84f2a70f-039e-4071-a1c4-3826c9a5072c.jpg","line_color":"#2fa3f1","desktop_image_height":300,"content_desktop_alignment":"md:justify-start","text_desktop_alignment":"md:text-left","desktop_heading":"","desktop_subheading":"","copy":"","heading_tag":"h1","heading_font_size_desktop":"sm:text-5xl","heading_font_size_mobile":"text-3xl","desktop_button_text":"Click Here","desktop_button_link":"","desktop_button_text2":"","desktop_button_link2":"","desktop_text_color":"#ffffff","desktop_subheading_color":"#ffffff","button_bg":"#ffffff","button_hover_bg":"#000000","button_text":"#000000","button_hover_text":"#ffffff","button2_bg":"#ffffff","button2_border_bg":"#ffffff","button2_hover_bg":"#000000","button2_text":"#000000","button2_hover_text":"#ffffff","mobile_image":"shopify:\/\/shop_images\/mobile-zebra-et80-et85-banner.jpg","mobile_image_height":425,"text_mobile_alignment":"text-left","text_mobile_vertical_alignment":"justify-center","mobile_text_color":"#ffffff","mobile_button_color":"btn"}},"16558563708c622ca6":{"type":"brand-product","settings":{"text_alignment":"md:text-left","text_alignment_mobile":"text-left","heading":"Zebra ET8x Docks & Mounts","has_underline":true,"desktop_heading_font_size":"md:text-xl","heading_font_size":"text-xl","copy":"<p>Whether you're a First Responder, manufacturing line worker, or Field Service technician, your customer’s work is fundamental to their community. Keep the Zebra ET80 and ET85 2-in-1 Tablets ruggedized with RAM® docking stations. These docks support the device with or without the Rugged Frame, with or without the Friction Hinge Rugged Keyboard, AND accommodates tablet add-ons.<\/p>","copy_font_size":"text-base","brand_image":"shopify:\/\/shop_images\/zebra_d45ce6b7-796a-4c95-b161-e10b663007ab.png","button_text_1":"Shop All ET8x","button_link_1":"https:\/\/rammount.com\/collections\/zebra-rugged-pc?pf_t_zebra_models=ET8x+2-in-1","btn_type_1":"btn-ram","button_text_2":"","button_link_2":"","btn_type_2":"btn-dark","button_text_3":"","button_link_3":"","btn_type_3":"btn-ram","section_bg_color":"#f4f4f6"}},"16557493624751b44c":{"type":"brand-product","settings":{"text_alignment":"md:text-left","text_alignment_mobile":"text-left","heading":"Keyboard Compatible","has_underline":true,"desktop_heading_font_size":"md:text-xl","heading_font_size":"text-xl","copy":"<p>To accommodate for the Friction Hinge Rugged Keyboard add-on, open space on the bottom of the dock allows for the hinge to connect. A thoughtfully designed docking latch maintains the ET8x's position even while opening and closing the rugged keyboard. <\/p>","copy_font_size":"text-base","brand_image":"shopify:\/\/shop_images\/zebra-et8-keyboard-large.gif","button_text_1":"","button_link_1":"","btn_type_1":"btn-ram","button_text_2":"","button_link_2":"","btn_type_2":"btn-dark","button_text_3":"","button_link_3":"","btn_type_3":"btn-ram","section_bg_color":"#ffffff"}},"39dda17f-ff61-41d5-ad5e-8e041061ccde":{"type":"brand-product","settings":{"text_alignment":"md:text-left","text_alignment_mobile":"text-left","heading":"Add-On Temperature Modules","has_underline":true,"desktop_heading_font_size":"md:text-xl","heading_font_size":"text-xl","copy":"<p>Located at the back of the dock is an empty housing for upgrading your mounting solution. This housing can accommodate various temperature modules provided by RAM® Mounts. Easily install either the RAM® Vent-Temp™, which connects to your vehicle's A\/C vents, or the RAM® Temp-Right™, which provides regulated heat in extremely cold environments.<\/p>","copy_font_size":"text-base","brand_image":"shopify:\/\/shop_images\/zebra-et8x-temperature-modules.jpg","button_text_1":"","button_link_1":"","btn_type_1":"btn-ram","button_text_2":"","button_link_2":"","btn_type_2":"btn-dark","button_text_3":"","button_link_3":"","btn_type_3":"btn-ram","section_bg_color":"#fff"}},"1648581111639f05ed":{"type":"featured-blogs","disabled":true,"settings":{"heading":"ADVICE & <span>RAM<\/span>SPIRATION","text_desktop_alignment":"md:text-center","heading_font_size_desktop":"sm:text-xl","heading_font_size_mobile":"text-xl","mobile_vertical_padding":"py-0","mobile_horizontal_padding":"px-0","desktop_vertical_padding":"md:py-0","desktop_horizontal_padding":"md:px-0","heading_font_size_desktop_post":"sm:text-lg","article_1":"","article_2":"","article_3":"","full_width":true}},"6af47f2c-b095-45d7-87da-f65ea75fee14":{"type":"brand-product","settings":{"text_alignment":"md:text-left","text_alignment_mobile":"text-left","heading":"Peripheral Support","has_underline":true,"desktop_heading_font_size":"md:text-xl","heading_font_size":"text-xl","copy":"<p>Connect up to two desired peripherals while keeping the device charged through the pogo pin contacts when the device is docked. Power is provided by connecting to the dock's 5.5mm DC power jack, while peripheral support is provided by the built-in USB Type A single, or dual connector. This makes adding peripherals such as a keyboard, scanner, or printer eaier than ever.<\/p>","copy_font_size":"text-base","brand_image":"shopify:\/\/shop_images\/zebra-et8x-peripheral-support.jpg","button_text_1":"","button_link_1":"","btn_type_1":"btn-ram","button_text_2":"","button_link_2":"","btn_type_2":"btn-dark","button_text_3":"","button_link_3":"","btn_type_3":"btn-ram","section_bg_color":"#ffffff"}},"b2108467-73e2-48ee-9f8c-30262aab7323":{"type":"brand-product","settings":{"text_alignment":"md:text-left","text_alignment_mobile":"text-left","heading":"NFC Compatible","has_underline":true,"desktop_heading_font_size":"md:text-xl","heading_font_size":"text-xl","copy":"<p>Each of these ET8x docks have a built-in housing that allows for an add-on NFC repeater to be installed. This NFC repeater extends the ET8x's native NFC reader to communicate with NFC tags and devices even when the device is docked and not in direct contact with the NFC tag or device. This feature can be useful for applications where the ET8x needs to be mounted in a fixed location and NFC functionality is required.<\/p>","copy_font_size":"text-base","brand_image":"shopify:\/\/shop_images\/zebra-et8-nfc.jpg","button_text_1":"","button_link_1":"","btn_type_1":"btn-ram","button_text_2":"","button_link_2":"","btn_type_2":"btn-dark","button_text_3":"","button_link_3":"","btn_type_3":"btn-ram","section_bg_color":"#ffffff"}},"1655856422ae6f4658":{"type":"brand-product","settings":{"text_alignment":"md:text-left","text_alignment_mobile":"text-left","heading":"Add-On Accessory Bracket","has_underline":true,"desktop_heading_font_size":"md:text-xl","heading_font_size":"text-xl","copy":"<p>Available mounting surface on both sides of the dock provide a designated area for included mounting brackets to be installed. This add-on acessory bracket allows for additional device mounting such as a phone, or scanner, as well as slots for cable management. <\/p>","copy_font_size":"text-base","brand_image":"shopify:\/\/shop_images\/zebra-et8x-addon-brackets.jpg","button_text_1":"","button_link_1":"","btn_type_1":"btn-ram","button_text_2":"","button_link_2":"","btn_type_2":"btn-dark","button_text_3":"","button_link_3":"","btn_type_3":"btn-ram","section_bg_color":"#ffffff"}},"1655856701e389a57c":{"type":"brand-product","settings":{"text_alignment":"md:text-left","text_alignment_mobile":"text-left","heading":"RAM® Compatible™","has_underline":true,"desktop_heading_font_size":"md:text-xl","heading_font_size":"text-xl","copy":"<p>Building a mobile workstation on a forklift? Turnkey work truck mount? Opt for a either a C or D size RAM® 75mm x 75mm VESA bases, or 4-hole AMPS round bases to open up a world of mounting components built for any vehicle, in any environment.<\/p>","copy_font_size":"text-base","brand_image":"shopify:\/\/shop_images\/zebra-et8x-vesa-hole-pattern_1d4a0c95-dbac-448e-870c-dcd82418765e.jpg","button_text_1":"","button_link_1":"","btn_type_1":"btn-ram","button_text_2":"","button_link_2":"","btn_type_2":"btn-dark","button_text_3":"","button_link_3":"","btn_type_3":"btn-ram","section_bg_color":"#ffffff"}}},"order":["164633050094510fa7","16558563708c622ca6","16557493624751b44c","39dda17f-ff61-41d5-ad5e-8e041061ccde","1648581111639f05ed","6af47f2c-b095-45d7-87da-f65ea75fee14","b2108467-73e2-48ee-9f8c-30262aab7323","1655856422ae6f4658","1655856701e389a57c"]}