{"sections":{"53c7df74-06dc-4029-9ed1-71c03b249296":{"type":"ram-images-with-title","blocks":{"template--15863214768278__53c7df74-06dc-4029-9ed1-71c03b249296-1673287634077c3943-0":{"type":"image_icon","settings":{"image":"shopify:\/\/shop_images\/PD4-in-vehicle.jpg","text":"<p>Phone Mounts<\/p>","url":"https:\/\/rammount.com\/collections\/phone-mounts-complete-kits","desktop_text_font_size":"md:text-lg","mobile_text_font_size":"text-lg"}},"template--15863214768278__53c7df74-06dc-4029-9ed1-71c03b249296-1673287634077c3943-2":{"type":"image_icon","settings":{"image":"shopify:\/\/shop_images\/tablet-in-vehicle.jpg","text":"<p>Tablet Mounts<\/p>","url":"https:\/\/rammount.com\/collections\/phone-and-tablet-tablet?pf_t_device=Tablet","desktop_text_font_size":"md:text-lg","mobile_text_font_size":"text-lg"}},"e70ba6c2-102a-4a44-a87e-05157cb3db25":{"type":"image_icon","settings":{"image":"shopify:\/\/shop_images\/UN15-Quick-Grip-MagSafe-RAMMOUNTS-InUse-03469.jpg","text":"<p>Wireless Chargers<\/p>","url":"https:\/\/rammount.com\/pages\/wireless-charging","desktop_text_font_size":"md:text-lg","mobile_text_font_size":"text-lg"}},"4f13eb3e-bd1e-406b-bb3c-5590274722a1":{"type":"image_icon","settings":{"image":"shopify:\/\/shop_images\/inReach-mini-on-dash.jpg","text":"<p>Build Your Own Mount<\/p>","url":"https:\/\/rammount.com\/pages\/mount-builder","desktop_text_font_size":"md:text-lg","mobile_text_font_size":"text-lg"}},"template--15863214768278__53c7df74-06dc-4029-9ed1-71c03b249296-1673287634077c3943-3":{"type":"image_icon","settings":{"image":"shopify:\/\/shop_images\/OverlandExpoWest.jpg","text":"<p>Shop All RAM®<\/p>","url":"https:\/\/rammount.com\/","desktop_text_font_size":"md:text-lg","mobile_text_font_size":"text-lg"}},"template--15863214768278__53c7df74-06dc-4029-9ed1-71c03b249296-1673287634077c3943-1":{"type":"image_icon","settings":{"image":"shopify:\/\/shop_images\/blog-herojpg.jpg","text":"<p>Visit the Blog<\/p>","url":"https:\/\/rammount.com\/pages\/blogs","desktop_text_font_size":"md:text-lg","mobile_text_font_size":"text-lg"}}},"block_order":["template--15863214768278__53c7df74-06dc-4029-9ed1-71c03b249296-1673287634077c3943-0","template--15863214768278__53c7df74-06dc-4029-9ed1-71c03b249296-1673287634077c3943-2","e70ba6c2-102a-4a44-a87e-05157cb3db25","4f13eb3e-bd1e-406b-bb3c-5590274722a1","template--15863214768278__53c7df74-06dc-4029-9ed1-71c03b249296-1673287634077c3943-3","template--15863214768278__53c7df74-06dc-4029-9ed1-71c03b249296-1673287634077c3943-1"],"settings":{"section_bg_color":"#ffffff","section_class":"","full_width":false,"red_line":true,"enable_slider":false,"slider_speed":2,"slider_slides":4,"desktop_per_row":"w-1\/2","mobile_per_row":"w-1\/2","justify_items":"justify-center","icon_space":"pb-8","icon_height":150,"icon_size":200,"icon_font_size":"text-xl","icon_font_family":"font-heading","icon_text_space":20,"mobile_vertical_padding":"py-8","mobile_horizontal_padding":"px-8","desktop_vertical_padding":"md:py-8","desktop_horizontal_padding":"md:px-20","heading":"<p>Discover RAM® Mounts<\/p>","copy":"","heading_font_family":"font-heading","copy_font_family":"font-body","heading_bottom_spacing":48,"copy_bottom_spacing":16,"text_alignment":"text-center","desktop_heading_font_size":"md:text-2xl","desktop_copy_font_size":"md:text-xl","mobile_heading_font_size":"text-xl","mobile_copy_font_size":"text-base"}}},"order":["53c7df74-06dc-4029-9ed1-71c03b249296"]}