{"sections":{"164633050094510fa7":{"type":"hero","settings":{"section_id":"","desktop_image":"shopify:\/\/shop_images\/toughclaw.jpg","desktop_image_height":300,"content_desktop_alignment":"md:justify-start","text_desktop_alignment":"md:text-left","desktop_heading":"","desktop_subheading":"","copy":"","heading_tag":"h1","heading_font_size_desktop":"sm:text-5xl","heading_font_size_mobile":"text-3xl","desktop_button_text":"Click Here","desktop_button_link":"","desktop_button_text2":"","desktop_button_link2":"","desktop_text_color":"#ffffff","desktop_subheading_color":"#ffffff","button_bg":"#ffffff","button_hover_bg":"#000000","button_text":"#000000","button_hover_text":"#ffffff","button2_bg":"#ffffff","button2_border_bg":"#ffffff","button2_hover_bg":"#000000","button2_text":"#000000","button2_hover_text":"#ffffff","mobile_image":"shopify:\/\/shop_images\/toughclaw_441b3d6b-7355-4d58-acec-90e1ebc63bdb.jpg","mobile_image_height":425,"text_mobile_alignment":"text-left","text_mobile_vertical_alignment":"justify-center","mobile_text_color":"#ffffff","mobile_button_color":"btn"}},"16486560366c7b7837":{"type":"brand-product","settings":{"text_alignment":"md:text-left","text_alignment_mobile":"text-center","heading":"RAM® Tough-Claw™","has_underline":false,"desktop_heading_font_size":"md:text-4xl","heading_font_size":"text-2xl","copy":"<p>The RAM® Tough-Claw™ is the perfect mounting base for quick installation and removal on round, square, and odd-shaped rails and bars – such as handlebars or roll cages. This ideal mounting solution for tablets, action cameras, phones, and much more can be clamped on rails from .625” to 2.25” in diameter.<\/p>","copy_font_size":"text-base","brand_image":"shopify:\/\/shop_images\/RAP-401UIU2.jpg","button_text_1":"Shop All RAM® Tough-Claw™","button_link_1":"\/collections\/ram-tough-claw-bases","btn_type_1":"btn-ram","button_text_2":"","button_link_2":"","btn_type_2":"btn-dark","button_text_3":"","button_link_3":"","btn_type_3":"btn-ram","section_bg_color":"#f4f4f6"}},"1648577237754fb6a9":{"type":"brand-product","settings":{"text_alignment":"text-left","text_alignment_mobile":"text-left","heading":"Features","has_underline":true,"desktop_heading_font_size":"md:text-xl","heading_font_size":"text-xl","copy":"<p>Available with either a B size 1” or  C size 1.5” rubber ball, the RAM® Tough-Claw™ is constructed with high-strength, glass-filled nylon and corrosion-resistant stainless steel hardware. Rubber pads provide a stable, protective, and even grip to the mounting surface, and the unique clamp jaw is configured to attach to round, flat, and odd-shaped rails and bars.<\/p>","copy_font_size":"text-base","brand_image":"shopify:\/\/shop_images\/toughclaw-section1.gif","button_text_1":"Shop Now","button_link_1":"","btn_type_1":"btn-ram","button_text_2":"","button_link_2":"","btn_type_2":"btn-dark","button_text_3":"","button_link_3":"","btn_type_3":"btn-ram","section_bg_color":"#ffffff"}},"1648579274ae6e3e3d":{"type":"brand-product","settings":{"text_alignment":"text-left","text_alignment_mobile":"text-left","heading":"Bases","has_underline":true,"desktop_heading_font_size":"md:text-xl","heading_font_size":"text-xl","copy":"<p>The RAM® Tough-Claw™ is available in three sizes – all of which feature your choice of a B Size and C Size rubber ball. The smallest size supports a clamping range of .625” to 1.5” on rail and tube surfaces, and a clamping range up to 1.14” on flat surfaces. The medium-sized version supports a clamping range of 1” to 1.875” on rail and tube surfaces, and a clamping range up to 1.6” on flat surfaces. Lastly, the large RAM® Tough-Claw™  supports a clamping range of 1” to 2.25” on rail and tube surfaces, and a clamping range up to 2.2” on flat surfaces.<\/p>","copy_font_size":"text-base","brand_image":"shopify:\/\/shop_images\/toughclaw-section2.jpg","button_text_1":"Shop Bases","button_link_1":"\/collections\/ram-tough-claw-bases","btn_type_1":"btn-ram","button_text_2":"","button_link_2":"","btn_type_2":"btn-dark","button_text_3":"","button_link_3":"","btn_type_3":"btn-ram","section_bg_color":"#ffffff"}},"1648581111639f05ed":{"type":"featured-blogs","disabled":true,"settings":{"heading":"ADVICE & <span>RAM<\/span>SPIRATION","text_desktop_alignment":"md:text-center","heading_font_size_desktop":"sm:text-xl","heading_font_size_mobile":"text-xl","mobile_vertical_padding":"py-0","mobile_horizontal_padding":"px-0","desktop_vertical_padding":"md:py-0","desktop_horizontal_padding":"md:px-0","heading_font_size_desktop_post":"sm:text-lg","article_1":"","article_2":"","article_3":"","full_width":true}},"1652905403c8371fdb":{"type":"brand-product","settings":{"text_alignment":"md:text-left","text_alignment_mobile":"text-left","heading":"Low-Profile Mounts","has_underline":true,"desktop_heading_font_size":"md:text-xl","heading_font_size":"text-xl","copy":"<p>For a clean look, the RAM® Tough-Claw™ is available as a low-profile mounting solution supporting cup holders and phones. This design is perfect for bikes and motorcycles when you want to keep your drink or device close to the handlebar.<\/p>","copy_font_size":"text-base","brand_image":"shopify:\/\/shop_images\/toughclaw-section3.jpg","button_text_1":"Shop Low-Profile Mounts","button_link_1":"\/collections\/ram-tough-claw-low-profile-mounts","btn_type_1":"btn-ram","button_text_2":"","button_link_2":"","btn_type_2":"btn-dark","button_text_3":"","button_link_3":"","btn_type_3":"btn-ram","section_bg_color":"#ffffff"}},"1652906804781625f9":{"type":"brand-product","settings":{"text_alignment":"md:text-left","text_alignment_mobile":"text-left","heading":"Double Ball Mounts","has_underline":true,"desktop_heading_font_size":"md:text-xl","heading_font_size":"text-xl","copy":"<p>The interchangeable RAM® ball and socket design offers the ability to swap components, as well as the ability to easily adjust the position of your mount for ideal viewing. Combined with the RAM® Tough-Claw™, this mounting system is suited for any rugged environment.<\/p>","copy_font_size":"text-base","brand_image":"shopify:\/\/shop_images\/toughclaw-section4.jpg","button_text_1":"Shop Double Ball Mounts","button_link_1":"\/collections\/ram-tough-claw-double-ball-mounts","btn_type_1":"btn-ram","button_text_2":"","button_link_2":"","btn_type_2":"btn-dark","button_text_3":"","button_link_3":"","btn_type_3":"btn-ram","section_bg_color":"#ffffff"}}},"order":["164633050094510fa7","16486560366c7b7837","1648577237754fb6a9","1648579274ae6e3e3d","1648581111639f05ed","1652905403c8371fdb","1652906804781625f9"]}