{"sections":{"164633050094510fa7":{"type":"hero","settings":{"section_id":"","desktop_image":"shopify:\/\/shop_images\/brother-brand-banner.jpg","line_color":"#cd1e27","desktop_image_height":300,"content_desktop_alignment":"md:justify-start","text_desktop_alignment":"md:text-left","desktop_heading":"","desktop_subheading":"","copy":"","heading_tag":"h1","heading_font_size_desktop":"sm:text-5xl","heading_font_size_mobile":"text-3xl","desktop_button_text":"Click Here","desktop_button_link":"","desktop_button_text2":"","desktop_button_link2":"","desktop_text_color":"#ffffff","desktop_subheading_color":"#ffffff","button_bg":"#ffffff","button_hover_bg":"#000000","button_text":"#000000","button_hover_text":"#ffffff","button2_bg":"#ffffff","button2_border_bg":"#ffffff","button2_hover_bg":"#000000","button2_text":"#000000","button2_hover_text":"#ffffff","mobile_image":"shopify:\/\/shop_images\/pos.jpg","mobile_image_height":425,"text_mobile_alignment":"text-left","text_mobile_vertical_alignment":"justify-center","mobile_text_color":"#ffffff","mobile_button_color":"btn"}},"16558563708c622ca6":{"type":"brand-product","settings":{"text_alignment":"md:text-left","text_alignment_mobile":"text-left","heading":"Brother Printer Mounts","has_underline":true,"desktop_heading_font_size":"md:text-xl","heading_font_size":"text-xl","copy":"<p>RAM® Mounts offers a wide range of mounting solutions for your Brother Printer. Whether it's the popular PocketJet line of printers, or the MW series, RAM® has a solution for you. With everything from form-fitting holders that also hold the printer paper to popular universal solutions like the RAM® Quick-Draw™, securing your device wherever you need it has never been easier. The versatility of RAM® system allow you to efficiently move your printer between your desk, truck, forklift and much more. Explore the full line of Brother printer mounts below.<\/p>","copy_font_size":"text-base","brand_image":"shopify:\/\/shop_images\/brother_812a273a-e786-404a-947a-9ffdd81805c5.png","button_text_1":"Shop All Brother Printer Mounts","button_link_1":"\/collections\/device-mounts-printer-mounts?pf_mlt_device_make_model=Brother&pf_mlt_device_make_model_and_condition=true","btn_type_1":"btn-ram","button_text_2":"","button_link_2":"","btn_type_2":"btn-dark","button_text_3":"","button_link_3":"","btn_type_3":"btn-ram","section_bg_color":"#f4f4f6"}},"16557493624751b44c":{"type":"brand-product","settings":{"text_alignment":"md:text-left","text_alignment_mobile":"text-left","heading":"Brother PocketJet Mounts","has_underline":true,"desktop_heading_font_size":"md:text-xl","heading_font_size":"text-xl","copy":"<p>For the most popular printers, RAM® has designed form-fitting printer holders designed to hold not only the printer itself, but the paper used. These form-fitting printer holders maintain the printer's functionality and are RAM® Compatible so you can mount just about anywhere, in any vehicle.<\/p>","copy_font_size":"text-base","brand_image":"shopify:\/\/shop_images\/brother-section1.jpg","button_text_1":"Shop PocketJet Mounts","button_link_1":"\/collections\/device-mounts-printer-mounts?pf_mlt_device_make_model=Brother&pf_mlt_device_make_model_and_condition=true","btn_type_1":"btn-ram","button_text_2":"","button_link_2":"","btn_type_2":"btn-dark","button_text_3":"","button_link_3":"","btn_type_3":"btn-ram","section_bg_color":"#ffffff"}},"1648581111639f05ed":{"type":"featured-blogs","disabled":true,"settings":{"heading":"ADVICE & <span>RAM<\/span>SPIRATION","text_desktop_alignment":"md:text-center","heading_font_size_desktop":"sm:text-xl","heading_font_size_mobile":"text-xl","mobile_vertical_padding":"py-0","mobile_horizontal_padding":"px-0","desktop_vertical_padding":"md:py-0","desktop_horizontal_padding":"md:px-0","heading_font_size_desktop_post":"sm:text-lg","article_1":"","article_2":"","article_3":"","full_width":true}},"1655856422ae6f4658":{"type":"brand-product","settings":{"text_alignment":"md:text-left","text_alignment_mobile":"text-left","heading":"Universal Mobile Printer Mounts","has_underline":true,"desktop_heading_font_size":"md:text-xl","heading_font_size":"text-xl","copy":"<p>RAM® is the one company that truly aims to provide the most universal solutions possible. For printer mounting, look no further than the RAM® Quick-Draw™ printer holders. Designed with spring-loaded grips, these holders leave a firm grip on the printer while maintaning the functionality of the printer itself. With RAM® Compatibility, each printer holder can be customized to mount to almost any location in any application.<\/p>","copy_font_size":"text-base","brand_image":"shopify:\/\/shop_images\/brother-section2.jpg","button_text_1":"Shop Printer Mounts","button_link_1":"\/collections\/device-mounts-printer-mounts?pf_mlt_device_make_model=Brother&pf_mlt_device_make_model_and_condition=true","btn_type_1":"btn-ram","button_text_2":"","button_link_2":"","btn_type_2":"btn-dark","button_text_3":"","button_link_3":"","btn_type_3":"btn-ram","section_bg_color":"#ffffff"}},"1655856701e389a57c":{"type":"brand-product","settings":{"text_alignment":"md:text-left","text_alignment_mobile":"text-left","heading":"PocketJet Fanfold Case","has_underline":true,"desktop_heading_font_size":"md:text-xl","heading_font_size":"text-xl","copy":"<p>Developed exclusively for Brother PocketJet 7 series mobile printers, this custom fanfold case features a form-fitting compartment for the printer and its full-size paper for on-the-go printing. Utilize the fanfold's top surface for flat surface writing, or mount a tablet using RAM® Mounts universal holders. The Brother Fanfold is the perfect all-in-one carrying case for field service workers, printing invoices, work orders and much more.<\/p>","copy_font_size":"text-base","brand_image":"shopify:\/\/shop_images\/brother-section3.jpg","button_text_1":"Learn More","button_link_1":"https:\/\/youtu.be\/kYxEt2urb6A","btn_type_1":"btn-dark","button_text_2":"","button_link_2":"","btn_type_2":"btn-dark","button_text_3":"","button_link_3":"","btn_type_3":"btn-ram","section_bg_color":"#ffffff"}}},"order":["164633050094510fa7","16558563708c622ca6","16557493624751b44c","1648581111639f05ed","1655856422ae6f4658","1655856701e389a57c"]}