{"sections":{"164633050094510fa7":{"type":"hero","settings":{"section_id":"","desktop_image":"shopify:\/\/shop_images\/atv-utv_e5901082-b358-4bf6-abd6-c35dc855893c.jpg","desktop_image_height":300,"content_desktop_alignment":"md:justify-start","text_desktop_alignment":"md:text-left","desktop_heading":"","desktop_subheading":"","copy":"","heading_tag":"h1","heading_font_size_desktop":"sm:text-5xl","heading_font_size_mobile":"text-3xl","desktop_button_text":"Click Here","desktop_button_link":"","desktop_button_text2":"","desktop_button_link2":"","desktop_text_color":"#ffffff","desktop_subheading_color":"#ffffff","button_bg":"#ffffff","button_hover_bg":"#000000","button_text":"#000000","button_hover_text":"#ffffff","button2_bg":"#ffffff","button2_border_bg":"#ffffff","button2_hover_bg":"#000000","button2_text":"#000000","button2_hover_text":"#ffffff","mobile_image":"shopify:\/\/shop_images\/atv-utv_91b98cea-48f2-4617-84eb-6e509a61af4a.jpg","mobile_image_height":425,"text_mobile_alignment":"text-left","text_mobile_vertical_alignment":"justify-center","mobile_text_color":"#ffffff","mobile_button_color":"btn"}},"1655416488804526bd":{"type":"ram-title-with-button","settings":{"text_alignment":"md:text-left","text_alignment_mobile":"text-left","heading":"ATV \/ UTV","desktop_heading_font_size":"md:text-3xl","heading_font_size":"text-2xl","copy":"<p>With RAM® Mounts off road solutions for ATVs and UTVs, devices are kept secure and accessible no matter how rough the terrain is. A variety of innovative rail and track bases mean the user is in control of creating an ideal mounting solution. With the modularity of the RAM® ball and socket system, users can easily swap out components to fit several device types and sizes. Explore the top RAM® business solutions for ATVs and UTVs below.<\/p>","copy_font_size":"text-base","btn_label":"View Catalog","btn_url":"https:\/\/issuu.com\/rammount\/docs\/powersports_catalog?e=13067616\/62124333","btn_type":"btn-ram","section_bg_color":"#f4f4f6"}},"165573514410bf9331":{"type":"ram-tabs-products","blocks":{"1655735144e52cd6a0-0":{"type":"tab","settings":{"title":"Phone Mounts","content":"","btn_label":"Shop All ATV \/ UTV","btn_url":"\/collections\/atv-utv-phone-mounts","btn_type":"btn-ram","btn_label_2":"","btn_url_2":"#","btn_type_2":"btn-dark","product_1":"ram-b-231-2-un7u","product_2":"ram-b-231-2-un10","product_3":"ram-b-400-c-un7u","product_4":"ram-b-408-112-15-a-un10"}},"1655735144e52cd6a0-1":{"type":"tab","settings":{"title":"Camera Mounts","content":"","btn_label":"Shop All ATV \/ UTV","btn_url":"\/collections\/atv-utv-camera-mounts","btn_type":"btn-ram","btn_label_2":"","btn_url_2":"","btn_type_2":"btn-dark","product_1":"ram-b-149z-gop1u","product_2":"ram-b-149z-2-gop1u","product_3":"rap-b-400-gop1u","product_4":"rap-b-gop2-a-gop1u"}},"1655735144e52cd6a0-2":{"type":"tab","settings":{"title":"Drink Cup Holders","content":"","btn_label":"Shop All ATV \/ UTV","btn_url":"\/collections\/atv-utv-drink-cup-holders","btn_type":"btn-ram","btn_label_2":"","btn_url_2":"","btn_type_2":"btn-dark","product_1":"ram-b-132r-2u","product_2":"rap-b-417-200-1-231z-2nubu","product_3":"ram-b-132-400u","product_4":"rap-b-417-400u"}},"1655735144e52cd6a0-3":{"type":"tab","settings":{"title":"GPS Mounts","content":"","btn_label":"Shop All ATV \/ UTV","btn_url":"\/collections\/atv-utv-gps-mounts","btn_type":"btn-ram","btn_label_2":"","btn_url_2":"","btn_type_2":"btn-dark","product_1":"ram-b-202u-225","product_2":"ram-b-238u","product_3":"ram-b-201u-wd1","product_4":"ram-b-230u"}}},"block_order":["1655735144e52cd6a0-0","1655735144e52cd6a0-1","1655735144e52cd6a0-2","1655735144e52cd6a0-3"],"settings":{"mobile_vertical_padding":"py-8","mobile_horizontal_padding":"px-8","desktop_vertical_padding":"md:py-12","desktop_horizontal_padding":"md:px-8","heading":"<p>Top Suggested Products<\/p>","copy":"","content_vertical_padding":"md:mt-10","heading_font_family":"font-heading","copy_font_family":"font-body","heading_bottom_spacing":16,"copy_bottom_spacing":16,"text_alignment":"text-left","desktop_heading_font_size":"md:text-xl","desktop_copy_font_size":"md:text-base","mobile_heading_font_size":"text-xl","mobile_copy_font_size":"text-base"}},"1655735148fac6eb1a":{"type":"brand-product","settings":{"text_alignment":"md:text-left","text_alignment_mobile":"text-left","heading":"GDS® Technology™ for Powersports","has_underline":true,"desktop_heading_font_size":"md:text-xl","heading_font_size":"text-xl","copy":"<p>IntelliSkin® is a protective device sleeve featuring an integrated power connector that’s compatible with any GDS® charging dock, allowing for seamless integration from your car to your ATV\/UTV to your home. This innovative solution prevents damage to the charging ports of phones and tablets, creating a universal docking platform compatible with any device wrapped in an IntelliSkin®. With IntelliSkin® and GDS® Technology™ for powersports, keep devices charged and at the ready out on the open road.<\/p>","copy_font_size":"text-base","brand_image":"shopify:\/\/shop_images\/atvutv-section1_4402ff19-ffea-4be9-93b6-5af517bbb4bd.jpg","button_text_1":"Learn More","button_link_1":"\/pages\/gds-tech","btn_type_1":"btn-dark","button_text_2":"","button_link_2":"","btn_type_2":"btn-dark","button_text_3":"","button_link_3":"","btn_type_3":"btn-ram","section_bg_color":"#ffffff"}},"165541670761b7f135":{"type":"partner-logos","blocks":{"165541670775cccaae-1":{"type":"image_icon","settings":{"image":"shopify:\/\/shop_images\/brp.png","text":"","url":"","desktop_text_font_size":"md:text-lg","mobile_text_font_size":"text-lg"}},"165541670775cccaae-0":{"type":"image_icon","settings":{"image":"shopify:\/\/shop_images\/doubletake.png","text":"","url":"","desktop_text_font_size":"md:text-lg","mobile_text_font_size":"text-lg"}},"165541670775cccaae-2":{"type":"image_icon","settings":{"image":"shopify:\/\/shop_images\/polaris_b82aea8b-0171-497f-b370-8d3867a77bdd.png","text":"","url":"","desktop_text_font_size":"md:text-lg","mobile_text_font_size":"text-lg"}},"961b8dce-fb5d-46e5-8ba9-46de6feb6a4d":{"type":"image_icon","settings":{"image":"shopify:\/\/shop_images\/yamaha.png","text":"","url":"","desktop_text_font_size":"md:text-lg","mobile_text_font_size":"text-lg"}}},"block_order":["165541670775cccaae-1","165541670775cccaae-0","165541670775cccaae-2","961b8dce-fb5d-46e5-8ba9-46de6feb6a4d"],"settings":{"section_bg_color":"#000000","section_class":"","full_width":true,"red_line":false,"enable_slider":false,"slider_speed":2,"slider_slides":3,"desktop_per_row":"w-1\/4","mobile_per_row":"w-full","justify_items":"justify-center","icon_height":100,"icon_size":225,"icon_space":0,"icon_font_size":"text-xl","icon_font_family":"font-heading","icon_text_space":4,"mobile_vertical_padding":"py-4","mobile_horizontal_padding":"px-8","desktop_vertical_padding":"md:py-4","desktop_horizontal_padding":"md:px-8","heading":"","copy":"","heading_font_family":"font-heading","copy_font_family":"font-body","heading_bottom_spacing":16,"copy_bottom_spacing":16,"text_alignment":"text-center","desktop_heading_font_size":"md:text-xl","desktop_copy_font_size":"md:text-xl","mobile_heading_font_size":"text-xl","mobile_copy_font_size":"text-base"}},"165540489801ed57c6":{"type":"sales-form","blocks":{"165540489804b345a0-0":{"type":"html","settings":{"red_line":true,"heading":"<p>Contact Sales<\/p>","heading_font_family":"font-heading","heading_bottom_spacing":0,"text_alignment":"text-center","desktop_heading_font_size":"md:text-2xl","mobile_heading_font_size":"text-xl","html_block":"<div style=\"margin:0 auto;\" class=\"pxFormGenerator\" id=\"NRCcEj1xmk2g_uGXmjI2EQ\"><\/div>"}}},"block_order":["165540489804b345a0-0"],"settings":{"section_id":"contact","section_class":"","back_color":"","content_width":false,"full_width":false,"column_padding":"px-2","tile_font_family":"font-heading","mobile_vertical_padding":"py-8","mobile_horizontal_padding":"px-8","desktop_vertical_padding":"md:py-12","desktop_horizontal_padding":"md:px-8","heading_tag":"h2","heading":"","copy":"","heading_color":"#131313","heading_font_family":"font-heading","copy_font_family":"font-body","heading_bottom_spacing":16,"copy_bottom_spacing":16,"text_alignment":"text-left","desktop_heading_font_size":"md:text-xl","desktop_copy_font_size":"md:text-base","mobile_heading_font_size":"text-xl","mobile_copy_font_size":"text-base"}},"1648581111639f05ed":{"type":"featured-blogs","disabled":true,"settings":{"heading":"ADVICE & <span>RAM<\/span>SPIRATION","text_desktop_alignment":"md:text-center","heading_font_size_desktop":"sm:text-xl","heading_font_size_mobile":"text-xl","mobile_vertical_padding":"py-0","mobile_horizontal_padding":"px-0","desktop_vertical_padding":"md:py-0","desktop_horizontal_padding":"md:px-0","heading_font_size_desktop_post":"sm:text-lg","article_1":"","article_2":"","article_3":"","full_width":true}}},"order":["164633050094510fa7","1655416488804526bd","165573514410bf9331","1655735148fac6eb1a","165541670761b7f135","165540489801ed57c6","1648581111639f05ed"]}