{"sections":{"16564388103dad76cc":{"type":"hero","settings":{"section_id":"","desktop_image":"shopify:\/\/shop_images\/waxie_1bdc4bb7-0a24-444c-b2b9-86838375aa5e.jpg","desktop_image_height":300,"content_desktop_alignment":"md:justify-start","text_desktop_alignment":"md:text-left","desktop_heading":"","desktop_subheading":"","copy":"","heading_tag":"h1","heading_font_size_desktop":"sm:text-5xl","heading_font_size_mobile":"text-3xl","desktop_button_text":"Click Here","desktop_button_link":"","desktop_button_text2":"","desktop_button_link2":"","desktop_text_color":"#ffffff","desktop_subheading_color":"#ffffff","button_bg":"#ffffff","button_hover_bg":"#000000","button_text":"#000000","button_hover_text":"#ffffff","button2_bg":"#ffffff","button2_border_bg":"#ffffff","button2_hover_bg":"#000000","button2_text":"#000000","button2_hover_text":"#ffffff","mobile_image_height":375,"text_mobile_alignment":"text-left","text_mobile_vertical_alignment":"justify-center","mobile_text_color":"#ffffff","mobile_button_color":"btn"}},"1648581111639f05ed":{"type":"featured-blogs","disabled":true,"settings":{"heading":"ADVICE & <span>RAM<\/span>SPIRATION","text_desktop_alignment":"md:text-center","heading_font_size_desktop":"sm:text-xl","heading_font_size_mobile":"text-xl","mobile_vertical_padding":"py-0","mobile_horizontal_padding":"px-0","desktop_vertical_padding":"md:py-0","desktop_horizontal_padding":"md:px-0","heading_font_size_desktop_post":"sm:text-lg","article_1":"","article_2":"","article_3":"","full_width":true}},"16564392713056c5ba":{"type":"multicolumn-text","blocks":{"165643927164a91113-0":{"type":"multicolumn-text","settings":{"heading":"<p>About WAXIE Enterprises Inc.<\/p>","copy":"<p>As the industry leader in the sales and distribution of sanitary and related supplies and equipment, WAXIE has 20 Inventory Centers strategically located throughout nine states. Serving commercial, industrial, contractor, and institutional markets, WAXIE has long had a reputation for delivering exceptional results to their customers.<\/p>","text_color":"#000000","button_text_color":"#000000","button_text_color_hover":"#ffffff","mobile_heading_font_size":"text-xl","desktop_heading_font_size":"md:text-xl","mobile_content_font_size":"text-base","desktop_content_font_size":"md:text-base","copy_bottom_spacing":16,"desktop_col_span":"md:w-1\/2","column_text_alignment":"text-left"}},"de25ebff-2f99-48c0-ad53-89bb4a851ceb":{"type":"multicolumn-text","settings":{"heading":"<p>Business Situation<\/p>","copy":"<p>With the costs of using older technology in the warehouse adding up, WAXIE needed to move “into the future.” Specifically, the tablets used by warehouse employees were having trouble maintaining a charge – leading to the purchase of numerous batteries and workers needing to swap out batteries throughout their shifts. Moreover, any charging solution would need to be mounted securely to warehouse vehicles such as forklifts and pickers.<\/p>","text_color":"#000000","button_text_color":"#000000","button_text_color_hover":"#ffffff","mobile_heading_font_size":"text-xl","desktop_heading_font_size":"md:text-xl","mobile_content_font_size":"text-base","desktop_content_font_size":"md:text-base","copy_bottom_spacing":16,"desktop_col_span":"md:w-1\/2","column_text_alignment":"text-left"}},"8635440c-c09c-4e14-94e1-be9db94136fa":{"type":"multicolumn-text","settings":{"heading":"<p>Our Solution<\/p>","copy":"<p>WAXIE came straight to RAM® Mounts based on previous personal experiences, even though there were a few options from major OEM device manufacturers. In total, 85 warehouse vehicles were outfitted with IntelliSkin® for Samsung Galaxy tablets, GDS® Locking Docks, step down converter chargers, and the hand strap\/kickstand combo RAM® Hand-Stand™. These scalable and secure solutions are designed for rugged use, and keep costs low with standardized charging connectors and interchangeable end caps when it inevitably comes time to upgrade devices.<\/p>","text_color":"#000000","button_text_color":"#000000","button_text_color_hover":"#ffffff","mobile_heading_font_size":"text-xl","desktop_heading_font_size":"md:text-xl","mobile_content_font_size":"text-base","desktop_content_font_size":"md:text-base","copy_bottom_spacing":8,"desktop_col_span":"md:w-1\/2","column_text_alignment":"text-left"}},"4c227b69-f4a6-47eb-918f-3dd1ca41fa9f":{"type":"multicolumn-text","settings":{"heading":"<p>The Benefits<\/p>","copy":"<p>As an early adopter of GDS® Technology™, RAM® Mounts supported WAXIE in solving any charging issues. With both IntelliSkin® and the GDS® docks fully functional, wear and tear of expensive tablets has been minimized while workers no longer have to worry about battery swaps. Overall, WAXIE cited the close partnership and first-class support as two of the many different reasons they’ve been so pleased in doing business with RAM® Mounts.<\/p>","text_color":"#000000","button_text_color":"#000000","button_text_color_hover":"#ffffff","mobile_heading_font_size":"text-xl","desktop_heading_font_size":"md:text-xl","mobile_content_font_size":"text-base","desktop_content_font_size":"md:text-base","copy_bottom_spacing":0,"desktop_col_span":"md:w-1\/2","column_text_alignment":"text-left"}}},"block_order":["165643927164a91113-0","de25ebff-2f99-48c0-ad53-89bb4a851ceb","8635440c-c09c-4e14-94e1-be9db94136fa","4c227b69-f4a6-47eb-918f-3dd1ca41fa9f"],"settings":{"section_class":"","full_width":false,"column_padding":"px-0","tile_font_family":"font-body","mobile_vertical_padding":"py-8","mobile_horizontal_padding":"px-8","desktop_vertical_padding":"md:py-12","desktop_horizontal_padding":"md:px-8","heading_tag":"h2","heading":"<p>Case Study: WAXIE<\/p>","copy":"","heading_font_family":"font-body","copy_font_family":"font-body","heading_bottom_spacing":48,"copy_bottom_spacing":16,"text_alignment":"text-left","desktop_heading_font_size":"md:text-3xl","desktop_copy_font_size":"md:text-base","mobile_heading_font_size":"text-xl","mobile_copy_font_size":"text-base"}},"1659124246be198967":{"type":"multicolumn-text","blocks":{"1659124246a1c29a9e-0":{"type":"multicolumn-text","settings":{"heading":"","copy":"<p><strong>San Diego, California<\/strong><\/p><p><strong>Sales and Distribution<\/strong><\/p><p><strong>Janitorial Supplies<\/strong><\/p><p><strong>900 Employees<\/strong><\/p><p><strong>125k+ Customers To Date<\/strong><\/p>","text_color":"#000000","button_text_color":"#000000","button_text_color_hover":"#ffffff","mobile_heading_font_size":"text-xl","desktop_heading_font_size":"md:text-xl","mobile_content_font_size":"text-base","desktop_content_font_size":"md:text-base","copy_bottom_spacing":16,"desktop_col_span":"md:w-1\/2","column_text_alignment":"text-left"}},"2f56f0e1-340b-4738-889d-2b7ea0d728ac":{"type":"multicolumn-text","settings":{"heading":"","copy":"<p><strong>Top 3 Reasons: Partnership, Support, Made in the USA<\/strong><\/p><p><strong>RAM® Products Use: 5+<\/strong><\/p><p><strong>85 Vehicles Equipped<\/strong><\/p><p><strong>RAM® Customer for 1+ Years<\/strong><\/p>","text_color":"#000000","button_text_color":"#000000","button_text_color_hover":"#ffffff","mobile_heading_font_size":"text-xl","desktop_heading_font_size":"md:text-xl","mobile_content_font_size":"text-base","desktop_content_font_size":"md:text-base","copy_bottom_spacing":16,"desktop_col_span":"md:w-1\/2","column_text_alignment":"text-left"}}},"block_order":["1659124246a1c29a9e-0","2f56f0e1-340b-4738-889d-2b7ea0d728ac"],"settings":{"section_class":"","full_width":false,"column_padding":"px-2","tile_font_family":"font-heading","mobile_vertical_padding":"py-8","mobile_horizontal_padding":"px-8","desktop_vertical_padding":"md:py-12","desktop_horizontal_padding":"md:px-8","heading_tag":"h2","heading":"","copy":"","heading_font_family":"font-heading","copy_font_family":"font-body","heading_bottom_spacing":16,"copy_bottom_spacing":16,"text_alignment":"text-center","desktop_heading_font_size":"md:text-xl","desktop_copy_font_size":"md:text-base","mobile_heading_font_size":"text-xl","mobile_copy_font_size":"text-base"}},"165912465704847256":{"type":"testimonial-slider","blocks":{"1659124657d9a0481c-0":{"type":"testimonial","settings":{"rating":5,"review":"RAM® has been an awesome partner in getting us what we need. Nothing short of amazing.","reviewer":"Gary Evangelista - Corporate Operation Logistics Planner"}},"1659124657d9a0481c-1":{"type":"testimonial","disabled":true,"settings":{"rating":5,"review":"Lorem ipsum dolor sit amet, consectetur adipiscing elit. Tortor aliquet risus non, pellentesque tempor, leo, sed sed adipiscing. Sapien elit, feugiat nulla tincidunt","reviewer":"Joe Blow"}},"1659124657d9a0481c-2":{"type":"testimonial","disabled":true,"settings":{"rating":5,"review":"Lorem ipsum dolor sit amet, consectetur adipiscing elit. Tortor aliquet risus non, pellentesque tempor, leo, sed sed adipiscing. Sapien elit, feugiat nulla tincidunt","reviewer":"Joe Blow"}}},"block_order":["1659124657d9a0481c-0","1659124657d9a0481c-1","1659124657d9a0481c-2"],"settings":{"section_class":"","full_width":false,"heading_position":"top","slider_speed":1,"copy_bg":"#ffffff","copy_text":"#131313","reviews_text":"#000000","review_bg":"#ffffff","star_color":"#e22120","mobile_vertical_padding":"py-8","mobile_horizontal_padding":"px-8","desktop_vertical_padding":"md:py-4","desktop_horizontal_padding":"md:px-8","tile_font_family":"font-body","tile_font_size":"text-xl","heading_tag":"h2","heading":"<p><strong>Testimonial<\/strong><\/p>","copy":"","heading_font_family":"font-body","copy_font_family":"font-body","heading_bottom_spacing":0,"copy_bottom_spacing":4,"text_alignment":"text-left","desktop_heading_font_size":"md:text-xl","desktop_copy_font_size":"md:text-base","mobile_heading_font_size":"text-xl","mobile_copy_font_size":"text-lg"}}},"order":["16564388103dad76cc","1648581111639f05ed","16564392713056c5ba","1659124246be198967","165912465704847256"]}