{"sections":{"1656459967a4885bd6":{"type":"hero","settings":{"section_id":"","desktop_image":"shopify:\/\/shop_images\/seattle-washington-manufacturing.jpg","desktop_image_height":300,"content_desktop_alignment":"md:justify-start","text_desktop_alignment":"md:text-left","desktop_heading":"","desktop_subheading":"","copy":"","heading_tag":"h1","heading_font_size_desktop":"sm:text-5xl","heading_font_size_mobile":"text-3xl","desktop_button_text":"Click Here","desktop_button_link":"","desktop_button_text2":"","desktop_button_link2":"","desktop_text_color":"#FFFFFF","desktop_subheading_color":"#FFFFFF","button_bg":"#FFFFFF","button_hover_bg":"#000000","button_text":"#000000","button_hover_text":"#FFFFFF","button2_bg":"#FFFFFF","button2_border_bg":"#FFFFFF","button2_hover_bg":"#000000","button2_text":"#000000","button2_hover_text":"#FFFFFF","mobile_image":"shopify:\/\/shop_images\/seattle-washington-manufacturing_b35e3cf4-4005-4033-b9ab-578f200c985f.jpg","mobile_image_height":200,"text_mobile_alignment":"text-left","text_mobile_vertical_alignment":"justify-center","mobile_text_color":"#FFFFFF","mobile_button_color":"btn"}},"165558650311dcca9b":{"type":"title-section-with-button","settings":{"text_alignment":"md:text-left","text_alignment_mobile":"text-left","heading":"Assembled in America","desktop_heading_font_size":"md:text-3xl","heading_font_size":"text-xl","copy":"<p>When you choose RAM® Mounts, you're not only getting a durable and innovative solution – you're investing in the livelihood of someone like you, their families and the American economy. Behind everything we produce is the work of more than 400 dedicated Americans who design, engineer and hand-assemble each RAM® Mounts product.<\/p>","copy_font_size":"text-base","btn_label":"","btn_url":"","btn_type":"btn-ram","section_bg_color":"#ffffff"}},"16564605513c32ca38":{"type":"ram-images","blocks":{"1656460551b9249410-0":{"type":"image_icon","settings":{"image":"shopify:\/\/shop_images\/assembled-in-america-logo.png","text":"","url":"","desktop_text_font_size":"md:text-lg","mobile_text_font_size":"text-lg"}}},"block_order":["1656460551b9249410-0"],"settings":{"section_bg_color":"#ffffff","section_class":"","full_width":false,"red_line":false,"enable_slider":false,"slider_speed":2,"slider_slides":4,"desktop_per_row":"w-full","mobile_per_row":"w-full","justify_items":"justify-center","icon_height":75,"icon_size":200,"icon_space":0,"icon_font_size":"text-xl","icon_font_family":"font-heading","icon_text_space":4,"mobile_vertical_padding":"py-0","mobile_horizontal_padding":"px-8","desktop_vertical_padding":"md:py-0","desktop_horizontal_padding":"md:px-0","heading":"","copy":"","heading_font_family":"font-heading","copy_font_family":"font-body","heading_bottom_spacing":16,"copy_bottom_spacing":16,"text_alignment":"text-center","desktop_heading_font_size":"md:text-xl","desktop_copy_font_size":"md:text-xl","mobile_heading_font_size":"text-xl","mobile_copy_font_size":"text-base"}},"165646052542672e9f":{"type":"copy","settings":{"main":false,"text_alignment":"text-left","heading":"","desktop_heading_font_size":"md:text-xs","heading_font_size":"text-xs","copy":"<p>Manufacturing many of our parts in Seattle allows us to deliver the highest uncompromising standards of quality and distribution. When a RAM®Mounts product arrives for your airplane, boat, car, forklift, kayak, motorcycle, tractor or truck, use it with the confidence that comes from knowing it was truly assembled in America.<\/p>","copy_font_size":"text-base","full_width":false}}},"order":["1656459967a4885bd6","165558650311dcca9b","16564605513c32ca38","165646052542672e9f"]}