{"sections":{"164633050094510fa7":{"type":"hero","settings":{"section_id":"","desktop_image":"shopify:\/\/shop_images\/phone_1f72d858-7a08-47dd-b698-6d550cfffa35.jpg","line_color":"#cd1e27","desktop_image_height":300,"content_desktop_alignment":"md:justify-start","text_desktop_alignment":"md:text-left","desktop_heading":"","desktop_subheading":"","copy":"","heading_tag":"h1","heading_font_size_desktop":"sm:text-5xl","heading_font_size_mobile":"text-3xl","desktop_button_text":"Click Here","desktop_button_link":"","desktop_button_text2":"","desktop_button_link2":"","desktop_text_color":"#ffffff","desktop_subheading_color":"#ffffff","button_bg":"#ffffff","button_hover_bg":"#000000","button_text":"#000000","button_hover_text":"#ffffff","button2_bg":"#ffffff","button2_border_bg":"#ffffff","button2_hover_bg":"#000000","button2_text":"#000000","button2_hover_text":"#ffffff","mobile_image":"shopify:\/\/shop_images\/phone_e30ab478-f3da-490e-8ca0-afb332ae9555.jpg","mobile_image_height":425,"text_mobile_alignment":"text-left","text_mobile_vertical_alignment":"justify-center","mobile_text_color":"#ffffff","mobile_button_color":"btn"}},"1661294456d6c54d2c":{"type":"ram-title-with-button","settings":{"text_alignment":"md:text-left","text_alignment_mobile":"text-left","heading":"Phone Mounts","desktop_heading_font_size":"md:text-3xl","heading_font_size":"text-2xl","copy":"<p>RAM® Mounts offers the widest selection of rugged mounts featuring the best cellphone holders for cars as well as the best motorcycle phone mounts for a variety of bikes. Whether you’re in a car, on a kayak, or in an airplane, RAM® phone mounts and phone holders are built to the highest standards for use in the most rugged environments. From form-fitting cellphone holders to the popular spring-loaded RAM® X-Grip® phone holder, depend on RAM® Mounts to keep your device secure and accessible. Explore the full line of RAM® phone mounts below.<\/p>","copy_font_size":"text-base","btn_label":"Shop All","btn_url":"\/collections\/phone-mounts-mounts","btn_type":"btn-ram","section_bg_color":"#f4f4f6"}},"1658857886ad10547b":{"type":"ram-custom-products","blocks":{"165885788682f2b85e-0":{"type":"products","settings":{"single_product":"ram-hol-un7-400u"}},"165885788682f2b85e-1":{"type":"products","settings":{"single_product":"ram-b-166-un7u"}},"165885788682f2b85e-2":{"type":"products","settings":{"single_product":"ram-b-149z-un10u"}},"165885788682f2b85e-3":{"type":"products","settings":{"single_product":"rap-b-299-4-un10u"}}},"block_order":["165885788682f2b85e-0","165885788682f2b85e-1","165885788682f2b85e-2","165885788682f2b85e-3"],"settings":{"full_width":false,"mobile_vertical_padding":"py-8","mobile_horizontal_padding":"px-8","desktop_vertical_padding":"md:py-12","desktop_horizontal_padding":"md:px-8","heading":"<p>Top Suggested Products<\/p>","copy":"","content_vertical_padding":"md:mt-10","heading_font_family":"font-heading","copy_font_family":"font-body","heading_bottom_spacing":16,"copy_bottom_spacing":16,"text_alignment":"text-center","desktop_heading_font_size":"md:text-2xl","desktop_copy_font_size":"md:text-base","mobile_heading_font_size":"text-xl","mobile_copy_font_size":"text-base"}},"16557601622896290c":{"type":"ram-tabs-products","disabled":true,"blocks":{"1655760162215e9fdb-0":{"type":"tab","settings":{"title":"RAM® X-Grip®","content":"","btn_label":"Shop All RAM® X-Grip®","btn_url":"#","btn_type":"btn-ram","btn_label_2":"","btn_url_2":"#","btn_type_2":"btn-dark","product_1":"ram-b-202u-225","product_2":"ram-b-238u","product_3":"ram-b-201u-wd1","product_4":"ram-b-230u"}},"1655760162215e9fdb-1":{"type":"tab","settings":{"title":"RAM® Quick-Grip™","content":"","btn_label":"Shop All RAM® Quick-Grip™","btn_url":"","btn_type":"btn-ram","btn_label_2":"","btn_url_2":"","btn_type_2":"btn-dark","product_1":"ram-b-202u-225","product_2":"ram-b-238u","product_3":"ram-b-201u-wd1","product_4":"ram-b-230u"}},"1655760162215e9fdb-2":{"type":"tab","settings":{"title":"Wireless Chargers","content":"","btn_label":"Shop All Wireless Chargers","btn_url":"","btn_type":"btn-ram","btn_label_2":"","btn_url_2":"","btn_type_2":"btn-dark","product_1":"ram-b-202u-225","product_2":"ram-b-238u","product_3":"ram-b-201u-wd1","product_4":"ram-b-230u"}},"1655760162215e9fdb-3":{"type":"tab","disabled":true,"settings":{"title":"TBD 4","content":"","btn_label":"Shop All Phone Mounts","btn_url":"","btn_type":"btn-ram","btn_label_2":"RAM® Mount Builder","btn_url_2":"","btn_type_2":"btn-dark","product_1":"ram-b-202u-225","product_2":"ram-b-238u","product_3":"ram-b-201u-wd1","product_4":"ram-b-230u"}}},"block_order":["1655760162215e9fdb-0","1655760162215e9fdb-1","1655760162215e9fdb-2","1655760162215e9fdb-3"],"settings":{"mobile_vertical_padding":"py-8","mobile_horizontal_padding":"px-8","desktop_vertical_padding":"md:py-12","desktop_horizontal_padding":"md:px-8","heading":"<p>Top Suggested Products<\/p>","copy":"","content_vertical_padding":"md:mt-10","heading_font_family":"font-heading","copy_font_family":"font-body","heading_bottom_spacing":16,"copy_bottom_spacing":16,"text_alignment":"text-center","desktop_heading_font_size":"md:text-xl","desktop_copy_font_size":"md:text-base","mobile_heading_font_size":"text-xl","mobile_copy_font_size":"text-base"}},"1655760169540d09a1":{"type":"brand-product","settings":{"text_alignment":"md:text-left","text_alignment_mobile":"text-left","heading":"RAM® X-Grip® Phone Holder","has_underline":true,"desktop_heading_font_size":"md:text-xl","heading_font_size":"text-xl","copy":"<p>Available for phones of all sizes, the spring-loaded RAM® X-Grip® cell phone holder expands and contracts to provide a perfect fit. Compatible with a wide variety of RAM® mounting bases, the RAM® X-Grip® is made of high-strength composite and stainless steel and keeps your cell phone completely functional and accessible.<\/p>","copy_font_size":"text-base","brand_image":"shopify:\/\/shop_images\/phonemounts-section1.jpg","button_text_1":"Shop RAM® X-Grip®","button_link_1":"\/collections\/ram-x-grip-phone-mounts","btn_type_1":"btn-ram","button_text_2":"Learn More","button_link_2":"\/pages\/ram-x-grip","btn_type_2":"btn-dark","button_text_3":"","button_link_3":"","btn_type_3":"btn-ram","section_bg_color":"#ffffff"}},"1655760276c26a46f1":{"type":"brand-product","settings":{"text_alignment":"md:text-left","text_alignment_mobile":"text-left","heading":"RAM® Quick-Grip™ Phone Holder","has_underline":true,"desktop_heading_font_size":"md:text-xl","heading_font_size":"text-xl","copy":"<p>This phone holder is the ideal motorcycle phone mount including adjustable side arms and spring-loaded hooks that expand and contract tightly around your phone to provide the ultimate security whether it's in portrait mode or landscape. Made using high-strength composites, the RAM® Quick-Grip™ cellphone holder will keep your phone secure in the most rugged environments.<\/p>","copy_font_size":"text-base","brand_image":"shopify:\/\/shop_images\/phonemounts-section2.jpg","button_text_1":"Shop RAM® Quick-Grip™","button_link_1":"https:\/\/rammount.com\/search?q=quick-grip","btn_type_1":"btn-ram","button_text_2":"","button_link_2":"","btn_type_2":"btn-dark","button_text_3":"","button_link_3":"","btn_type_3":"btn-ram","section_bg_color":"#ffffff"}},"1655760525f9ea1740":{"type":"brand-product","settings":{"text_alignment":"md:text-left","text_alignment_mobile":"text-left","heading":"Wireless Charging Phone Holders","has_underline":true,"desktop_heading_font_size":"md:text-xl","heading_font_size":"text-xl","copy":"<p>The portable RAM® Seat-Mate™ transforms any passenger seat into a temporary workstation. Simply unfold the legs and buckle it in place. For a more permanent solution, drill-down laptop mounts provide a heavy-duty steel mounting base.<\/p>","copy_font_size":"text-base","brand_image":"shopify:\/\/shop_images\/phonemounts-wireless-chargers.jpg","button_text_1":"Shop Wireless Chargers","button_link_1":"\/collections\/wireless-charging-mounts-tough-charge","btn_type_1":"btn-ram","button_text_2":"","button_link_2":"","btn_type_2":"btn-dark","button_text_3":"","button_link_3":"","btn_type_3":"btn-ram","section_bg_color":"#ffffff"}},"16557627894a77e408":{"type":"brand-product","settings":{"text_alignment":"md:text-left","text_alignment_mobile":"text-left","heading":"Form-Fit Phone Holders","has_underline":true,"desktop_heading_font_size":"md:text-xl","heading_font_size":"text-xl","copy":"<p>RAM® form-fit cradles are the perfect mounting accessory, allowing you to take full advantage of what your phone has to offer. Engineered for specific devices, you can be sure that your phone is secure when inserted. Simply connect to a compatible RAM® arm and base to create your ideal phone mount.<\/p>","copy_font_size":"text-base","brand_image":"shopify:\/\/shop_images\/phonemounts-section3.jpg","button_text_1":"Shop Form-Fit Holders","button_link_1":"https:\/\/rammount.com\/collections\/phone-mounts-phone-holders?pf_t_features=Custom+Form-Fit","btn_type_1":"btn-ram","button_text_2":"","button_link_2":"","btn_type_2":"btn-dark","button_text_3":"","button_link_3":"","btn_type_3":"btn-ram","section_bg_color":"#ffffff"}},"1655763263e316bc31":{"type":"brand-product","settings":{"text_alignment":"md:text-left","text_alignment_mobile":"text-left","heading":"IntelliSkin® Phone Case","has_underline":true,"desktop_heading_font_size":"md:text-xl","heading_font_size":"text-xl","copy":"<p>Protect your phone from drops and rugged use with IntelliSkin® phone cases. Featuring GDS® charging pins and an integrated charging port built into the sleeve, popular consumer phones are transformed for rugged use. Simply place your IntelliSkin®-protected phone in a compatible GDS® Dock to enable charging capabilities and data syncing.<\/p>","copy_font_size":"text-base","brand_image":"shopify:\/\/shop_images\/phonemounts-section4.jpg","button_text_1":"Shop IntelliSkin® Products","button_link_1":"https:\/\/rammount.com\/collections\/gds-technology-intelliskin?pf_t_device=Phone","btn_type_1":"btn-ram","button_text_2":"Learn More","button_link_2":"https:\/\/rammount.com\/pages\/gds-tech","btn_type_2":"btn-dark","button_text_3":"","button_link_3":"","btn_type_3":"btn-ram","section_bg_color":"#ffffff"}},"1648581111639f05ed":{"type":"featured-blogs","disabled":true,"settings":{"heading":"ADVICE & <span>RAM<\/span>SPIRATION","text_desktop_alignment":"md:text-center","heading_font_size_desktop":"sm:text-xl","heading_font_size_mobile":"text-xl","mobile_vertical_padding":"py-0","mobile_horizontal_padding":"px-0","desktop_vertical_padding":"md:py-0","desktop_horizontal_padding":"md:px-0","heading_font_size_desktop_post":"sm:text-lg","article_1":"","article_2":"","article_3":"","full_width":true}}},"order":["164633050094510fa7","1661294456d6c54d2c","1658857886ad10547b","16557601622896290c","1655760169540d09a1","1655760276c26a46f1","1655760525f9ea1740","16557627894a77e408","1655763263e316bc31","1648581111639f05ed"]}