{"sections":{"16579212286306f69e":{"type":"brand-product","settings":{"text_alignment":"md:text-left","text_alignment_mobile":"text-left","heading":"‍Alicia Carnevali - Vice President of Asset Management","has_underline":true,"desktop_heading_font_size":"md:text-xl","heading_font_size":"text-xl","copy":"","copy_font_size":"text-base","brand_image":"shopify:\/\/shop_images\/Alicia.jpg","button_text_1":"","button_link_1":"","btn_type_1":"btn-ram","button_text_2":"","button_link_2":"","btn_type_2":"btn-dark","button_text_3":"","button_link_3":"","btn_type_3":"btn-ram","section_bg_color":"#ffffff"}},"16579212908eaf97b5":{"type":"copy","settings":{"main":true,"hide_title":true,"text_alignment":"text-left","heading":"","desktop_heading_font_size":"md:text-base","heading_font_size":"text-xl","copy":"","copy_font_size":"text-base","full_width":false}}},"order":["16579212286306f69e","16579212908eaf97b5"]}