{"sections":{"164633050094510fa7":{"type":"hero","settings":{"section_id":"","desktop_image":"shopify:\/\/shop_images\/keyboard.jpg","desktop_image_height":300,"content_desktop_alignment":"md:justify-start","text_desktop_alignment":"md:text-left","desktop_heading":"","desktop_subheading":"","copy":"","heading_tag":"h1","heading_font_size_desktop":"sm:text-5xl","heading_font_size_mobile":"text-3xl","desktop_button_text":"Click Here","desktop_button_link":"","desktop_button_text2":"","desktop_button_link2":"","desktop_text_color":"#ffffff","desktop_subheading_color":"#ffffff","button_bg":"#ffffff","button_hover_bg":"#000000","button_text":"#000000","button_hover_text":"#ffffff","button2_bg":"#ffffff","button2_border_bg":"#ffffff","button2_hover_bg":"#000000","button2_text":"#000000","button2_hover_text":"#ffffff","mobile_image":"shopify:\/\/shop_images\/keyboard_162c1643-98e7-474a-96d8-c7b3dc5a792d.jpg","mobile_image_height":425,"text_mobile_alignment":"text-left","text_mobile_vertical_alignment":"justify-center","mobile_text_color":"#ffffff","mobile_button_color":"btn"}},"1655502920ceb1a078":{"type":"ram-title-with-button","settings":{"text_alignment":"md:text-left","text_alignment_mobile":"text-left","heading":"GDS® Keyboard™","desktop_heading_font_size":"md:text-3xl","heading_font_size":"text-2xl","copy":"<p>GDS® Keyboard™ solutions are ideal for completing any mobile workstation. Available in two different versions – featuring a built-in trackpad or 10-key numeric pad – these rugged USB 1.1\/2.0 keyboards are IP65 rated to provide resistance to spills and environmental factors.<\/p>","copy_font_size":"text-base","btn_label":"Shop All GDS® Keyboard™","btn_url":"\/collections\/gds-keyboard-keyboards","btn_type":"btn-ram","section_bg_color":"#f4f4f6"}},"16486560366c7b7837":{"type":"brand-product","disabled":true,"settings":{"text_alignment":"md:text-left","text_alignment_mobile":"text-center","heading":"RAM® Stubby™","has_underline":false,"desktop_heading_font_size":"md:text-4xl","heading_font_size":"text-2xl","copy":"<p>With a durable composite shell and flexible support fins, the RAM® Stubby™ is a portable and versatile mounting solution for your vehicle’s cup holders. The B Size RAM® rubber ball allows for maximum adjustability so you can achieve the perfect viewing angle of your phone or tablet.<\/p>","copy_font_size":"text-base","button_text_1":"Shop All RAM® Stubby™","button_link_1":"https:\/\/www.rammount.com\/images\/consumer\/product-lines\/lil-buddy\/sections\/lilbuddy-section1.jpg","btn_type_1":"btn-ram","button_text_2":"","button_link_2":"","btn_type_2":"btn-dark","button_text_3":"","button_link_3":"","btn_type_3":"btn-ram","section_bg_color":"#f4f4f6"}},"1648577237754fb6a9":{"type":"brand-product","settings":{"text_alignment":"md:text-left","text_alignment_mobile":"text-left","heading":"Overview","has_underline":true,"desktop_heading_font_size":"md:text-xl","heading_font_size":"text-xl","copy":"<p>With integrated VESA and AMPS hole patterns, easily secure the GDS® Keyboard™ using your choice of RAM® mounting components, including compatible RAM® Tab-Lock™ and RAM® Tab-Tite™ holders. The 33” coiled USB cable makes each GDS® Keyboard™ compatible with a range of operating systems, and the red LED backlit keypad is perfect for nighttime use.<\/p>","copy_font_size":"text-base","brand_image":"shopify:\/\/shop_images\/keyboard-section1.jpg","button_text_1":"","button_link_1":"","btn_type_1":"btn-ram","button_text_2":"","button_link_2":"","btn_type_2":"btn-dark","button_text_3":"","button_link_3":"","btn_type_3":"btn-ram","section_bg_color":"#ffffff"}},"1648579274ae6e3e3d":{"type":"brand-product","settings":{"text_alignment":"text-left","text_alignment_mobile":"text-left","heading":"GDS® Keyboard™ with Track Pad","has_underline":true,"desktop_heading_font_size":"md:text-xl","heading_font_size":"text-xl","copy":"<p>This version of the GDS® Keyboard™ features a built-in, multi-touch capable trackpad, removing the need for an external mouse. Twelve function keys line the top row, while VESA and AMPS hole patterns make the keyboard RAM® Mounts Compatible™.<\/p>","copy_font_size":"text-base","brand_image":"shopify:\/\/shop_images\/keyboard-section2.jpg","button_text_1":"Learn More","button_link_1":"shopify:\/\/products\/ram-kb2-usb","btn_type_1":"btn-dark","button_text_2":"","button_link_2":"","btn_type_2":"btn-dark","button_text_3":"","button_link_3":"","btn_type_3":"btn-ram","section_bg_color":"#ffffff"}},"1648581111639f05ed":{"type":"featured-blogs","disabled":true,"settings":{"heading":"ADVICE & <span>RAM<\/span>SPIRATION","text_desktop_alignment":"md:text-center","heading_font_size_desktop":"sm:text-xl","heading_font_size_mobile":"text-xl","mobile_vertical_padding":"py-0","mobile_horizontal_padding":"px-0","desktop_vertical_padding":"md:py-0","desktop_horizontal_padding":"md:px-0","heading_font_size_desktop_post":"sm:text-lg","article_1":"","article_2":"","article_3":"","full_width":true}},"1652905403c8371fdb":{"type":"brand-product","settings":{"text_alignment":"md:text-left","text_alignment_mobile":"text-left","heading":"GDS® Keyboard™ with 10-Key Numeric Pad","has_underline":true,"desktop_heading_font_size":"md:text-xl","heading_font_size":"text-xl","copy":"<p>An integrated 10-key numeric pad on the right side makes this GDS® Keyboard™ an ideal solution for data entry on the go. Combine this keyboard with a range of RAM® mounting components to complete your mobile office.<\/p>","copy_font_size":"text-base","brand_image":"shopify:\/\/shop_images\/keyboard-section3.jpg","button_text_1":"Learn More","button_link_1":"shopify:\/\/products\/ram-kb4-usb","btn_type_1":"btn-dark","button_text_2":"","button_link_2":"","btn_type_2":"btn-dark","button_text_3":"","button_link_3":"","btn_type_3":"btn-ram","section_bg_color":"#ffffff"}},"165550292446bfa97d":{"type":"brand-product","settings":{"text_alignment":"md:text-left","text_alignment_mobile":"text-left","heading":"RAM® Mounts Compatible™","has_underline":true,"desktop_heading_font_size":"md:text-xl","heading_font_size":"text-xl","copy":"<p>Each GDS® Keyboard™ is RAM® Mounts Compatible™ with the spring-loaded RAM® Tab-Lock™ and RAM® Tab-Tite™ holders. These rugged keyboard holders allow you to securely mount the GDS® Keyboard™ for virtually any use case – with a locking version available for added security. In addition, AMPS and VESA hole patterns on both GDS® Keyboard™ solutions allow for the attachment of a wide variety of RAM® components and ball bases.<\/p>","copy_font_size":"text-base","brand_image":"shopify:\/\/shop_images\/keyboard-section4.jpg","button_text_1":"Shop All Mounts","button_link_1":"\/collections\/gds-keyboard-mounts","btn_type_1":"btn-ram","button_text_2":"","button_link_2":"","btn_type_2":"btn-dark","button_text_3":"","button_link_3":"","btn_type_3":"btn-ram","section_bg_color":"#ffffff"}}},"order":["164633050094510fa7","1655502920ceb1a078","16486560366c7b7837","1648577237754fb6a9","1648579274ae6e3e3d","1648581111639f05ed","1652905403c8371fdb","165550292446bfa97d"]}