{"sections":{"164633050094510fa7":{"type":"hero","settings":{"section_id":"","desktop_image":"shopify:\/\/shop_images\/mountain-bike_9f172eda-d6fa-43d4-aa58-ef2d1992bc87.jpg","line_color":"#cd1e27","desktop_image_height":300,"content_desktop_alignment":"md:justify-start","text_desktop_alignment":"md:text-left","desktop_heading":"","desktop_subheading":"","copy":"","heading_tag":"h1","heading_font_size_desktop":"sm:text-5xl","heading_font_size_mobile":"text-3xl","desktop_button_text":"Click Here","desktop_button_link":"","desktop_button_text2":"","desktop_button_link2":"","desktop_text_color":"#ffffff","desktop_subheading_color":"#ffffff","button_bg":"#ffffff","button_hover_bg":"#000000","button_text":"#000000","button_hover_text":"#ffffff","button2_bg":"#ffffff","button2_border_bg":"#ffffff","button2_hover_bg":"#000000","button2_text":"#000000","button2_hover_text":"#ffffff","mobile_image":"shopify:\/\/shop_images\/mountain-bike_934df371-9728-4e86-9169-af31f6640a4c.jpg","mobile_image_height":425,"text_mobile_alignment":"text-left","text_mobile_vertical_alignment":"justify-center","mobile_text_color":"#ffffff","mobile_button_color":"btn"}},"1655416488804526bd":{"type":"ram-title-with-button","settings":{"text_alignment":"md:text-left","text_alignment_mobile":"text-left","heading":"Off Road Vehicle Mounts","desktop_heading_font_size":"md:text-3xl","heading_font_size":"text-2xl","copy":"<p>RAM® Mounts has everything your off road vehicle needs to keep your devices secure and accessible. Whether your next off road adventure involves overlanding, rock crawling, mudding, or hitting the sand dunes, RAM® offers a wide range of bases for securing action cameras, phones, tablets, lights, and more. Options include adhesive, clamping, drill-down, rail, and suction cup bases. Explore the full line of RAM® off road vehicle mounts below.<\/p>","copy_font_size":"text-base","btn_label":"View Catalog","btn_url":"https:\/\/issuu.com\/rammount\/docs\/off-road_catalog?fr=sNDllZDE0MzE0MTY","btn_type":"btn-ram","section_bg_color":"#f4f4f6"}},"165541670761b7f135":{"type":"partner-logos","disabled":true,"blocks":{"165541670775cccaae-1":{"type":"image_icon","settings":{"image":"shopify:\/\/shop_images\/platform-science.png","text":"","url":"","desktop_text_font_size":"md:text-lg","mobile_text_font_size":"text-lg"}},"165541670775cccaae-0":{"type":"image_icon","settings":{"image":"shopify:\/\/shop_images\/omnitracs.png","text":"","url":"","desktop_text_font_size":"md:text-lg","mobile_text_font_size":"text-lg"}},"165541670775cccaae-2":{"type":"image_icon","settings":{"image":"shopify:\/\/shop_images\/peoplenet_1f191611-006c-4349-8fad-a723a0c49357.png","text":"","url":"","desktop_text_font_size":"md:text-lg","mobile_text_font_size":"text-lg"}},"961b8dce-fb5d-46e5-8ba9-46de6feb6a4d":{"type":"image_icon","settings":{"image":"shopify:\/\/shop_images\/samsung_d37c3cb0-c61c-4e8c-8d56-0863a30ce01e.png","text":"","url":"","desktop_text_font_size":"md:text-lg","mobile_text_font_size":"text-lg"}}},"block_order":["165541670775cccaae-1","165541670775cccaae-0","165541670775cccaae-2","961b8dce-fb5d-46e5-8ba9-46de6feb6a4d"],"settings":{"section_bg_color":"#000000","section_class":"","full_width":true,"red_line":false,"enable_slider":false,"slider_speed":2,"slider_slides":3,"desktop_per_row":"w-1\/4","mobile_per_row":"w-full","justify_items":"justify-center","icon_height":100,"icon_size":225,"icon_space":0,"icon_font_size":"text-xl","icon_font_family":"font-heading","icon_text_space":4,"mobile_vertical_padding":"py-4","mobile_horizontal_padding":"px-8","desktop_vertical_padding":"md:py-4","desktop_horizontal_padding":"md:px-8","heading":"","copy":"","heading_font_family":"font-heading","copy_font_family":"font-body","heading_bottom_spacing":16,"copy_bottom_spacing":16,"text_alignment":"text-center","desktop_heading_font_size":"md:text-xl","desktop_copy_font_size":"md:text-xl","mobile_heading_font_size":"text-xl","mobile_copy_font_size":"text-base"}},"1655767365ce22efab":{"type":"ram-tabs-products","blocks":{"1655767365b03b7c24-1":{"type":"tab","settings":{"title":"Tablet Mounts","content":"","btn_label":"Shop All Off-Road Vehicle","btn_url":"\/collections\/vehicle-tablet-mounts","btn_type":"btn-ram","btn_label_2":"RAM® Mount Builder","btn_url_2":"shopify:\/\/pages\/mount-builder","btn_type_2":"btn-dark","product_1":"ram-316-hd-202u","product_2":"ram-316-hd-18-202u","product_3":"ram-hol-un9u","product_4":"ram-hol-tab20u"}},"fd3cc98d-b065-4934-a5cc-b5c7f6c0aca7":{"type":"tab","settings":{"title":"Phone Mounts","content":"","btn_label":"Shop All Off-Road Vehicle","btn_url":"\/collections\/vehicle-phone-mounts","btn_type":"btn-ram","btn_label_2":"RAM® Mount Builder","btn_url_2":"shopify:\/\/pages\/mount-builder","btn_type_2":"btn-dark","product_1":"ram-b-166-un7u","product_2":"ram-b-166-c-un10u","product_3":"ram-b-166-un15wu","product_4":"ram-b-166-pd4u"}},"a6faa946-e91c-4406-97f8-c68572ad34be":{"type":"tab","settings":{"title":"GPS Mounts","content":"","btn_label":"Shop All Off-Road Vehicle","btn_url":"\/collections\/vehicle-gps-mounts","btn_type":"btn-ram","btn_label_2":"RAM® Mount Builder","btn_url_2":"shopify:\/\/pages\/mount-builder","btn_type_2":"btn-ram","product_1":"ram-b-138l-ga75lu","product_2":"ram-b-166-ga46","product_3":"ram-b-166-ga55u","product_4":"rap-b-166-2-ga31"}},"c61bcf7b-ae82-47d6-98bd-c24f372cc2cc":{"type":"tab","settings":{"title":"Camera Mounts","content":"","btn_label":"Shop All Off-Road Vehicle","btn_url":"\/collections\/vehicle-camera-mounts","btn_type":"btn-ram","btn_label_2":"RAM® Mount Builder","btn_url_2":"shopify:\/\/pages\/mount-builder","btn_type_2":"btn-dark","product_1":"ram-b-149z-2-gop1u","product_2":"ram-b-166-gop1u","product_3":"rap-b-404-gop1u","product_4":"ram-b-138-c-gop1"}},"afe0972a-47e5-4865-8f04-257fcc9a51cb":{"type":"tab","settings":{"title":"Lighting Mounts","content":"","btn_label":"Shop All Off-Road Vehicle","btn_url":"\/collections\/vehicle-lighting-mounts","btn_type":"btn-ram","btn_label_2":"RAM® Mount Builder","btn_url_2":"shopify:\/\/pages\/mount-builder","btn_type_2":"btn-dark","product_1":"ram-b-152b","product_2":"ram-b-152-404","product_3":"ram-b-108bu","product_4":"rap-b-354u-tra1"}}},"block_order":["1655767365b03b7c24-1","fd3cc98d-b065-4934-a5cc-b5c7f6c0aca7","a6faa946-e91c-4406-97f8-c68572ad34be","c61bcf7b-ae82-47d6-98bd-c24f372cc2cc","afe0972a-47e5-4865-8f04-257fcc9a51cb"],"settings":{"mobile_vertical_padding":"py-8","mobile_horizontal_padding":"px-8","desktop_vertical_padding":"md:py-12","desktop_horizontal_padding":"md:px-8","heading":"<p>Top Mounting Solutions<\/p>","copy":"","content_vertical_padding":"md:mt-10","heading_font_family":"font-heading","copy_font_family":"font-body","heading_bottom_spacing":16,"copy_bottom_spacing":16,"text_alignment":"text-center","desktop_heading_font_size":"md:text-xl","desktop_copy_font_size":"md:text-base","mobile_heading_font_size":"text-xl","mobile_copy_font_size":"text-base"}},"16557673694fb1ad58":{"type":"brand-product","settings":{"text_alignment":"md:text-left","text_alignment_mobile":"text-left","heading":"Tablet Mounts","has_underline":true,"desktop_heading_font_size":"md:text-xl","heading_font_size":"text-xl","copy":"<p>Choose from a variety of RAM® tablet vehicle mounts to secure your device out on the trails. Easy-to-install RAM® No-Drill™ mounts use the existing hardware of the passenger side seat rails and are compatible with cradles like the RAM® X-Grip®, RAM® Tab-Tite™, RAM® Tab-Lock™, and form-fitting holders.<\/p>","copy_font_size":"text-base","brand_image":"shopify:\/\/shop_images\/vehicle-section1.jpg","button_text_1":"Shop Tablet Mounts","button_link_1":"\/collections\/vehicle-tablet-mounts","btn_type_1":"btn-ram","button_text_2":"","button_link_2":"","btn_type_2":"btn-dark","button_text_3":"","button_link_3":"","btn_type_3":"btn-ram","section_bg_color":"#ffffff"}},"165576754445ef1c63":{"type":"brand-product","settings":{"text_alignment":"md:text-left","text_alignment_mobile":"text-left","heading":"Phone Mounts","has_underline":true,"desktop_heading_font_size":"md:text-xl","heading_font_size":"text-xl","copy":"<p>Always have your phone at your side when off roading, allowing you to use map and trail apps. Compatible adhesive and rail bases combined with phone cradles like the RAM® X-Grip® and form-fitting holders make for the most dependable and rugged phone mounting solutions around.<\/p>","copy_font_size":"text-base","brand_image":"shopify:\/\/shop_images\/vehicle-section2.jpg","button_text_1":"Shop Phone Mounts","button_link_1":"\/collections\/vehicle-phone-mounts","btn_type_1":"btn-ram","button_text_2":"","button_link_2":"","btn_type_2":"btn-dark","button_text_3":"","button_link_3":"","btn_type_3":"btn-ram","section_bg_color":"#ffffff"}},"16558184857ded2f91":{"type":"brand-product","settings":{"text_alignment":"md:text-left","text_alignment_mobile":"text-left","heading":"GPS Mounts","has_underline":true,"desktop_heading_font_size":"md:text-xl","heading_font_size":"text-xl","copy":"<p>RAM® form-fit cradles and mounting bases are designed to keep your GPS device secure and accessible in your off road vehicle. Choose from a wide range of compatible solutions for brands including Garmin, Magellan, SPOT, TomTom, and more.<\/p>","copy_font_size":"text-base","brand_image":"shopify:\/\/shop_images\/vehicle-section3.jpg","button_text_1":"Shop GPS Mounts","button_link_1":"\/collections\/vehicle-gps-mounts","btn_type_1":"btn-ram","button_text_2":"","button_link_2":"","btn_type_2":"btn-dark","button_text_3":"","button_link_3":"","btn_type_3":"btn-ram","section_bg_color":"#ffffff"}},"1655820586eb95ab70":{"type":"brand-product","settings":{"text_alignment":"md:text-left","text_alignment_mobile":"text-left","heading":"Camera Mounts","has_underline":true,"desktop_heading_font_size":"md:text-xl","heading_font_size":"text-xl","copy":"<p>RAM® universal action camera adapters allow you to capture all the action from your off-road vehicle. Compatible with most brands of action cameras, simply connect the adapter to a RAM® arm and mounting base for near-infinite adjustability and vibration damping.<\/p>","copy_font_size":"text-base","brand_image":"shopify:\/\/shop_images\/vehicle-section4.jpg","button_text_1":"Shop Camera Mounts","button_link_1":"\/collections\/vehicle-camera-mounts","btn_type_1":"btn-ram","button_text_2":"","button_link_2":"","btn_type_2":"btn-dark","button_text_3":"","button_link_3":"","btn_type_3":"btn-ram","section_bg_color":"#ffffff"}},"165582132983017ad9":{"type":"brand-product","settings":{"text_alignment":"md:text-left","text_alignment_mobile":"text-left","heading":"Lighting Mounts","has_underline":true,"desktop_heading_font_size":"md:text-xl","heading_font_size":"text-xl","copy":"<p>For any off road adventures, RAM® has you covered with components for mounting auxiliary lights nearly anywhere. Thanks to the RAM® ball and socket system, making adjustments for the perfect placement is easy. The RAM® LED spotlight emits a power light from the LED frosted bulb, sealed within a rigid composit housing.<\/p>","copy_font_size":"text-base","brand_image":"shopify:\/\/shop_images\/vehicle-section5.jpg","button_text_1":"Shop Lighting Mounts","button_link_1":"\/collections\/vehicle-lighting-mounts","btn_type_1":"btn-ram","button_text_2":"","button_link_2":"","btn_type_2":"btn-dark","button_text_3":"","button_link_3":"","btn_type_3":"btn-ram","section_bg_color":"#ffffff"}},"1648581111639f05ed":{"type":"featured-blogs","disabled":true,"settings":{"heading":"ADVICE & <span>RAM<\/span>SPIRATION","text_desktop_alignment":"md:text-center","heading_font_size_desktop":"sm:text-xl","heading_font_size_mobile":"text-xl","mobile_vertical_padding":"py-0","mobile_horizontal_padding":"px-0","desktop_vertical_padding":"md:py-0","desktop_horizontal_padding":"md:px-0","heading_font_size_desktop_post":"sm:text-lg","article_1":"","article_2":"","article_3":"","full_width":true}}},"order":["164633050094510fa7","1655416488804526bd","165541670761b7f135","1655767365ce22efab","16557673694fb1ad58","165576754445ef1c63","16558184857ded2f91","1655820586eb95ab70","165582132983017ad9","1648581111639f05ed"]}