{"sections":{"1658438484ae8260f8":{"type":"collections-items","settings":{"section_class":"","full_width":false,"grid_gap":"gap-4","grid_columns":"grid-cols-2","grid_columns_dt":"md:grid-cols-4","mobile_vertical_padding":"py-4","mobile_horizontal_padding":"px-4","desktop_vertical_padding":"md:py-8","desktop_horizontal_padding":"md:px-0","heading_tag":"h2","heading":"<p><strong>Our Company<\/strong><\/p>","copy":"","heading_font_family":"font-heading","copy_font_family":"font-body","heading_bottom_spacing":16,"copy_bottom_spacing":16,"text_alignment":"text-left","desktop_heading_font_size":"md:text-xl","desktop_copy_font_size":"md:text-base","mobile_heading_font_size":"text-xl","mobile_copy_font_size":"text-base"}},"1636147631e4a2f479":{"type":"copy","settings":{"main":true,"hide_title":true,"text_alignment":"text-left","heading":"","desktop_heading_font_size":"md:text-base","heading_font_size":"text-xl","copy":"","copy_font_size":"text-base","full_width":false}}},"order":["1658438484ae8260f8","1636147631e4a2f479"]}