{"sections":{"164633050094510fa7":{"type":"hero","settings":{"section_id":"","desktop_image":"shopify:\/\/shop_images\/Lowrance_Banner.jpg","line_color":"#cd1e27","desktop_image_height":300,"content_desktop_alignment":"md:justify-start","text_desktop_alignment":"md:text-left","desktop_heading":"","desktop_subheading":"","copy":"","heading_tag":"h1","heading_font_size_desktop":"sm:text-5xl","heading_font_size_mobile":"text-3xl","desktop_button_text":"Click Here","desktop_button_link":"","desktop_button_text2":"","desktop_button_link2":"","desktop_text_color":"#ffffff","desktop_subheading_color":"#ffffff","button_bg":"#ffffff","button_hover_bg":"#000000","button_text":"#000000","button_hover_text":"#ffffff","button2_bg":"#ffffff","button2_border_bg":"#ffffff","button2_hover_bg":"#000000","button2_text":"#000000","button2_hover_text":"#ffffff","mobile_image":"shopify:\/\/shop_images\/lowrance_dd977488-209b-45a4-af53-6163d243f29e.jpg","mobile_image_height":425,"text_mobile_alignment":"text-left","text_mobile_vertical_alignment":"justify-center","mobile_text_color":"#ffffff","mobile_button_color":"btn"}},"16486560366c7b7837":{"type":"brand-product","settings":{"text_alignment":"md:text-left","text_alignment_mobile":"text-center","heading":"Lowrance","has_underline":false,"desktop_heading_font_size":"md:text-4xl","heading_font_size":"text-2xl","copy":"<p>RAM® Mounts offers the most reliable and rugged mounting solutions for your Lowrance fishfinder. Secure your handheld GPS and marine electronics with form-fitting and universal mounting solutions that feature vibration damping. Explore the full line of Lowrance fishfinder mounts below.<\/p>","copy_font_size":"text-base","brand_image":"shopify:\/\/shop_images\/lowrance_6401f170-082f-467b-9f2f-d2fe0cce063e.png","button_text_1":"","button_link_1":"","btn_type_1":"btn-ram","button_text_2":"","button_link_2":"","btn_type_2":"btn-dark","button_text_3":"","button_link_3":"","btn_type_3":"btn-ram","section_bg_color":"#f4f4f6"}},"1648577237754fb6a9":{"type":"brand-product","settings":{"text_alignment":"text-left","text_alignment_mobile":"text-left","heading":"Fishfinders for Boats","has_underline":true,"desktop_heading_font_size":"md:text-xl","heading_font_size":"text-xl","copy":"<p>RAM® offers fishfinder mounts for a wide variety of brands, including Lowrance. Universal mounting plates contain several combinations of pre-drilled holes, and the drill-down mounting bases are ideal for boats. With RAM® ball and socket mounting systems, achieve your desired operating and viewing angle while damping.<\/p>","copy_font_size":"text-base","brand_image":"shopify:\/\/shop_images\/lowrance-section1.jpg","button_text_1":"Shop Boat Mounts","button_link_1":"\/collections\/powerboat-fishfinder-mounts?pf_mlt_device_make_model=Lowrance&pf_mlt_device_make_model_and_condition=true","btn_type_1":"btn-ram","button_text_2":"","button_link_2":"","btn_type_2":"btn-dark","button_text_3":"","button_link_3":"","btn_type_3":"btn-ram","section_bg_color":"#ffffff"}},"1648579274ae6e3e3d":{"type":"brand-product","settings":{"text_alignment":"text-left","text_alignment_mobile":"text-left","heading":"Fishfinders for Kayaks","has_underline":true,"desktop_heading_font_size":"md:text-xl","heading_font_size":"text-xl","copy":"<p>There are a variety of options for mounting your Lowrance fishfinder to your kayak. Choose from drill-down, track base, and clamping mounts that all use the RAM® ball and socket system to ensure the ideal placement and security of your fishfinder.<\/p>","copy_font_size":"text-base","brand_image":"shopify:\/\/shop_images\/lowrance-section2.jpg","button_text_1":"Shop Kayak Mounts","button_link_1":"\/collections\/kayak-fishfinder-mounts","btn_type_1":"btn-ram","button_text_2":"","button_link_2":"","btn_type_2":"btn-dark","button_text_3":"","button_link_3":"","btn_type_3":"btn-ram","section_bg_color":"#ffffff"}},"16485795249e42f7ab":{"type":"brand-product","settings":{"text_alignment":"text-left","text_alignment_mobile":"text-left","heading":"Transducer Mounts","has_underline":true,"desktop_heading_font_size":"md:text-xl","heading_font_size":"text-xl","copy":"<p>Protect your Lowrance StructureScan or TotalScan transducer with RAM®. These mounts enable the quick and effective deployment of your transducer arm, and also offer quick retrieval when entering shallow water or beaching your kayak.<\/p>","copy_font_size":"text-base","brand_image":"shopify:\/\/shop_images\/lowrance-section3.jpg","button_text_1":"Shop Transducer Mounts","button_link_1":"\/search?pf_t_device=Transducer&q=","btn_type_1":"btn-ram","button_text_2":"","button_link_2":"","btn_type_2":"btn-dark","button_text_3":"","button_link_3":"","btn_type_3":"btn-ram","section_bg_color":"#ffffff"}},"1648581111639f05ed":{"type":"featured-blogs","disabled":true,"settings":{"heading":"ADVICE & <span>RAM<\/span>SPIRATION","text_desktop_alignment":"md:text-center","heading_font_size_desktop":"sm:text-xl","heading_font_size_mobile":"text-xl","mobile_vertical_padding":"py-0","mobile_horizontal_padding":"px-0","desktop_vertical_padding":"md:py-0","desktop_horizontal_padding":"md:px-0","heading_font_size_desktop_post":"sm:text-lg","article_1":"","article_2":"","article_3":"","full_width":true}}},"order":["164633050094510fa7","16486560366c7b7837","1648577237754fb6a9","1648579274ae6e3e3d","16485795249e42f7ab","1648581111639f05ed"]}