{"sections":{"1658239171e9957822":{"type":"hero","settings":{"section_id":"","desktop_image":"shopify:\/\/shop_images\/default_d357d333-c8d1-402f-a41c-133af52b223a.jpg","desktop_image_height":300,"content_desktop_alignment":"md:justify-start","text_desktop_alignment":"md:text-left","desktop_heading":"","desktop_subheading":"","copy":"","heading_tag":"h1","heading_font_size_desktop":"sm:text-5xl","heading_font_size_mobile":"text-3xl","desktop_button_text":"Click Here","desktop_button_link":"","desktop_button_text2":"","desktop_button_link2":"","desktop_text_color":"#FFFFFF","desktop_subheading_color":"#FFFFFF","button_bg":"#FFFFFF","button_hover_bg":"#000000","button_text":"#000000","button_hover_text":"#FFFFFF","button2_bg":"#FFFFFF","button2_border_bg":"#FFFFFF","button2_hover_bg":"#000000","button2_text":"#000000","button2_hover_text":"#FFFFFF","mobile_image_height":375,"text_mobile_alignment":"text-left","text_mobile_vertical_alignment":"justify-center","mobile_text_color":"#FFFFFF","mobile_button_color":"btn"}},"1656434804089b027b":{"type":"ram-title-with-button","settings":{"text_alignment":"md:text-left","text_alignment_mobile":"text-left","heading":"Where are NPI’s Products Made?","desktop_heading_font_size":"md:text-3xl","heading_font_size":"text-2xl","copy":"<p>NPI remains committed to manufacturing in the USA. While most of our products are made at our headquarters in Seattle, Washington, the popularity of our products has caused NPI to need to source certain parts of our products from overseas. While we will need to continue to do this for the time being, we are currently taking active steps to expand manufacturing capabilities in the U.S.<\/p>","copy_font_size":"text-base","btn_label":"","btn_url":"#","btn_type":"btn-ram","section_bg_color":"#ffffff"}},"1648581111639f05ed":{"type":"featured-blogs","disabled":true,"settings":{"heading":"ADVICE & <span>RAM<\/span>SPIRATION","text_desktop_alignment":"md:text-center","heading_font_size_desktop":"sm:text-xl","heading_font_size_mobile":"text-xl","mobile_vertical_padding":"py-0","mobile_horizontal_padding":"px-0","desktop_vertical_padding":"md:py-0","desktop_horizontal_padding":"md:px-0","heading_font_size_desktop_post":"sm:text-lg","article_1":"","article_2":"","article_3":"","full_width":true}}},"order":["1658239171e9957822","1656434804089b027b","1648581111639f05ed"]}