{"sections":{"164633050094510fa7":{"type":"hero","settings":{"section_id":"","desktop_image":"shopify:\/\/shop_images\/zebra-et40-et45-banner-1_ae8272a1-cc08-4c49-b707-57485b8a0522.jpg","line_color":"#cd1e27","desktop_image_height":300,"content_desktop_alignment":"md:justify-start","text_desktop_alignment":"md:text-left","desktop_heading":"","desktop_subheading":"","copy":"","heading_tag":"h1","heading_font_size_desktop":"sm:text-5xl","heading_font_size_mobile":"text-3xl","desktop_button_text":"Click Here","desktop_button_link":"","desktop_button_text2":"","desktop_button_link2":"","desktop_text_color":"#ffffff","desktop_subheading_color":"#ffffff","button_bg":"#ffffff","button_hover_bg":"#000000","button_text":"#000000","button_hover_text":"#ffffff","button2_bg":"#ffffff","button2_border_bg":"#ffffff","button2_hover_bg":"#000000","button2_text":"#000000","button2_hover_text":"#ffffff","mobile_image":"shopify:\/\/shop_images\/mobile-zebra-et40-et45-banner-1_f22fb621-6471-4d73-84d3-2dd9dc6c62ec.jpg","mobile_image_height":425,"text_mobile_alignment":"text-left","text_mobile_vertical_alignment":"justify-center","mobile_text_color":"#ffffff","mobile_button_color":"btn"}},"16558563708c622ca6":{"type":"brand-product","settings":{"text_alignment":"md:text-left","text_alignment_mobile":"text-left","heading":"ET40 & ET45 Docks & Mounts","has_underline":true,"desktop_heading_font_size":"md:text-xl","heading_font_size":"text-xl","copy":"<p>To conquer everyday tasks like inventory management, proof of pickup and delivery, or mobile point of sale, RAM® Mounts rugged mounts, docking solutions and peripherals enable Zebra's new ET40 & ET45 rugged enterprise tablets for field use. These docks come with many different options to keep your device connected to power and have the ability to add peripherals to your solution such as scanners, printers, speakers and more. Pair with any modular RAM® Mounts components to create a custom mount for your specific needs.<\/p>","copy_font_size":"text-base","brand_image":"shopify:\/\/shop_images\/zebra_d45ce6b7-796a-4c95-b161-e10b663007ab.png","button_text_1":"Shop ET40 & ET45","button_link_1":"\/collections\/zebra-rugged-pc?sort=extra-sort1-descending","btn_type_1":"btn-ram","button_text_2":"Learn More","button_link_2":"shopify:\/\/blogs\/new-products\/zebra-et40-et45","btn_type_2":"btn-dark","button_text_3":"","button_link_3":"","btn_type_3":"btn-ram","section_bg_color":"#f4f4f6"}},"16557493624751b44c":{"type":"brand-product","settings":{"text_alignment":"md:text-left","text_alignment_mobile":"text-left","heading":"Locking & Non-Locking Options","has_underline":true,"desktop_heading_font_size":"md:text-xl","heading_font_size":"text-xl","copy":"<p>Each of these docks for the Zebra ET40 & ET45 are available in non-locking, or with an integrated tubular key-locking system with two keys provided. In addition to optimal charging and mounting, these docks also offer the option of security & theft deterrence.<\/p>","copy_font_size":"text-base","brand_image":"shopify:\/\/shop_images\/zebra-et40-et45-key-locks_9304f1b2-64f0-440b-a37c-9d9a6f33680a.jpg","button_text_1":"","button_link_1":"","btn_type_1":"btn-ram","button_text_2":"","button_link_2":"","btn_type_2":"btn-dark","button_text_3":"","button_link_3":"","btn_type_3":"btn-ram","section_bg_color":"#ffffff"}},"1648581111639f05ed":{"type":"featured-blogs","disabled":true,"settings":{"heading":"ADVICE & <span>RAM<\/span>SPIRATION","text_desktop_alignment":"md:text-center","heading_font_size_desktop":"sm:text-xl","heading_font_size_mobile":"text-xl","mobile_vertical_padding":"py-0","mobile_horizontal_padding":"px-0","desktop_vertical_padding":"md:py-0","desktop_horizontal_padding":"md:px-0","heading_font_size_desktop_post":"sm:text-lg","article_1":"","article_2":"","article_3":"","full_width":true}},"1655856422ae6f4658":{"type":"brand-product","settings":{"text_alignment":"md:text-left","text_alignment_mobile":"text-left","heading":"Built for Zebra Accessories","has_underline":true,"desktop_heading_font_size":"md:text-xl","heading_font_size":"text-xl","copy":"<p>Zebra offers quality ergonomic and power accessories for their rugged tablets, including the new ET40 and ET45. The RAM® Tough-Dock™ docks are designed to accommodate those accessories with additional space in the back, all while maintaining a lower-profile and lightweight build. Attach a Zebra Expansion back to your new ET40 or ET45 with confidence.<\/p>","copy_font_size":"text-base","brand_image":"shopify:\/\/shop_images\/zebra-expansion-back-ram-mounts-gds-tech_db824c40-09c9-4a9c-b00f-d3fb92e02c5f.jpg","button_text_1":"","button_link_1":"","btn_type_1":"btn-ram","button_text_2":"","button_link_2":"","btn_type_2":"btn-dark","button_text_3":"","button_link_3":"","btn_type_3":"btn-ram","section_bg_color":"#ffffff"}},"1655856701e389a57c":{"type":"brand-product","settings":{"text_alignment":"md:text-left","text_alignment_mobile":"text-left","heading":"Zebra ET40\/ET45 + GDS® Tech™","has_underline":true,"desktop_heading_font_size":"md:text-xl","heading_font_size":"text-xl","copy":"<p>Ruggedizing everyday tasks like inventory management, proof of pickup and delivery, or mobile point of sale just became easier. With GDS® Tech™ docking solutions and IntelliSkin® case system, Zebra's new ET40 & ET45 rugged tablets can stay connected and protected. These docks and skins come with pogo pin technology to keep your device connected to power and have the ability to add peripherals while protecting the devices' ports. This standardized connectivity unlocks the GDS® Ecosystem™ of products for a seamless workflow.<\/p>","copy_font_size":"text-base","brand_image":"shopify:\/\/shop_images\/zebra-et40-et45-for-gds-tech-intelliskin_7158dd9b-1f96-4a7b-ad8d-b6ef01f6bf5c.jpg","button_text_1":"","button_link_1":"","btn_type_1":"btn-ram","button_text_2":"","button_link_2":"","btn_type_2":"btn-dark","button_text_3":"","button_link_3":"","btn_type_3":"btn-ram","section_bg_color":"#ffffff"}},"16588661978f238471":{"type":"brand-product","settings":{"text_alignment":"md:text-left","text_alignment_mobile":"text-left","heading":"GDS® Ecosystem™","has_underline":true,"desktop_heading_font_size":"md:text-xl","heading_font_size":"text-xl","copy":"<p>The GDS® Ecosystem™ offers everything to keep your ET40 & ET45 protected, connected, and charged in nearly any application. Ruggedized GDS® Technology™ pogo pins ensure compatibility across various GDS® Tech™ products as long as your ET40 or ET45 is wrapped in an IntelliSkin® protective sleeve. Explore many options in the GDS® Ecosystem™ such as GDS® Docks™, adapters, chargers, keyboards, speakers, monitors, and more.<\/p>","copy_font_size":"text-base","brand_image":"shopify:\/\/shop_images\/gds-ecosystem-zebra-et40-et45.jpg","button_text_1":"","button_link_1":"","btn_type_1":"btn-ram","button_text_2":"","button_link_2":"","btn_type_2":"btn-dark","button_text_3":"","button_link_3":"","btn_type_3":"btn-ram","section_bg_color":"#ffffff"}}},"order":["164633050094510fa7","16558563708c622ca6","16557493624751b44c","1648581111639f05ed","1655856422ae6f4658","1655856701e389a57c","16588661978f238471"]}