{"sections":{"164633050094510fa7":{"type":"hero","settings":{"section_id":"","desktop_image":"shopify:\/\/shop_images\/atv-utv-new_c0ef2891-d9b6-4028-967b-ebb258f788d5.jpg","line_color":"#cd1e27","desktop_image_height":300,"content_desktop_alignment":"md:justify-start","text_desktop_alignment":"md:text-left","desktop_heading":"","desktop_subheading":"","copy":"","heading_tag":"h1","heading_font_size_desktop":"sm:text-5xl","heading_font_size_mobile":"text-3xl","desktop_button_text":"Click Here","desktop_button_link":"","desktop_button_text2":"","desktop_button_link2":"","desktop_text_color":"#ffffff","desktop_subheading_color":"#ffffff","button_bg":"#ffffff","button_hover_bg":"#000000","button_text":"#000000","button_hover_text":"#ffffff","button2_bg":"#ffffff","button2_border_bg":"#ffffff","button2_hover_bg":"#000000","button2_text":"#000000","button2_hover_text":"#ffffff","mobile_image":"shopify:\/\/shop_images\/atv-utv-new-mobile.jpg","mobile_image_height":425,"text_mobile_alignment":"text-left","text_mobile_vertical_alignment":"justify-center","mobile_text_color":"#ffffff","mobile_button_color":"btn"}},"1655416488804526bd":{"type":"ram-title-with-button","settings":{"text_alignment":"md:text-left","text_alignment_mobile":"text-left","heading":"ATV \/ UTV","desktop_heading_font_size":"md:text-3xl","heading_font_size":"text-2xl","copy":"<p>When it comes to getting the job done, RAM® Mounts is proud to be trusted by ATV and UTV owners everywhere who want to keep their devices secure and accessible. We offer a wide range of modular rail and track bases to choose from, meaning you’re in control of creating your ideal mounting solution for whatever device you need – wherever you need it. Explore the full line of RAM® ATV and UTV mounts below.<\/p>","copy_font_size":"text-base","btn_label":"View Catalog","btn_url":"https:\/\/issuu.com\/rammount\/docs\/off-road_catalog?fr=sNDllZDE0MzE0MTY","btn_type":"btn-ram","section_bg_color":"#f4f4f6"}},"165541670761b7f135":{"type":"partner-logos","disabled":true,"blocks":{"165541670775cccaae-1":{"type":"image_icon","settings":{"image":"shopify:\/\/shop_images\/platform-science.png","text":"","url":"","desktop_text_font_size":"md:text-lg","mobile_text_font_size":"text-lg"}},"165541670775cccaae-0":{"type":"image_icon","settings":{"image":"shopify:\/\/shop_images\/omnitracs.png","text":"","url":"","desktop_text_font_size":"md:text-lg","mobile_text_font_size":"text-lg"}},"165541670775cccaae-2":{"type":"image_icon","settings":{"image":"shopify:\/\/shop_images\/peoplenet_1f191611-006c-4349-8fad-a723a0c49357.png","text":"","url":"","desktop_text_font_size":"md:text-lg","mobile_text_font_size":"text-lg"}},"961b8dce-fb5d-46e5-8ba9-46de6feb6a4d":{"type":"image_icon","settings":{"image":"shopify:\/\/shop_images\/samsung_d37c3cb0-c61c-4e8c-8d56-0863a30ce01e.png","text":"","url":"","desktop_text_font_size":"md:text-lg","mobile_text_font_size":"text-lg"}}},"block_order":["165541670775cccaae-1","165541670775cccaae-0","165541670775cccaae-2","961b8dce-fb5d-46e5-8ba9-46de6feb6a4d"],"settings":{"section_bg_color":"#000000","section_class":"","full_width":true,"red_line":false,"enable_slider":false,"slider_speed":2,"slider_slides":3,"desktop_per_row":"w-1\/4","mobile_per_row":"w-full","justify_items":"justify-center","icon_height":100,"icon_size":225,"icon_space":0,"icon_font_size":"text-xl","icon_font_family":"font-heading","icon_text_space":4,"mobile_vertical_padding":"py-4","mobile_horizontal_padding":"px-8","desktop_vertical_padding":"md:py-4","desktop_horizontal_padding":"md:px-8","heading":"","copy":"","heading_font_family":"font-heading","copy_font_family":"font-body","heading_bottom_spacing":16,"copy_bottom_spacing":16,"text_alignment":"text-center","desktop_heading_font_size":"md:text-xl","desktop_copy_font_size":"md:text-xl","mobile_heading_font_size":"text-xl","mobile_copy_font_size":"text-base"}},"1655767365ce22efab":{"type":"ram-tabs-products","blocks":{"1655767365b03b7c24-0":{"type":"tab","settings":{"title":"Tablet Mounts","content":"","btn_label":"Shop All ATV \/ UTV","btn_url":"\/collections\/atv-utv-tablet-mounts","btn_type":"btn-ram","btn_label_2":"RAM® Mount Builder","btn_url_2":"shopify:\/\/pages\/mount-builder","btn_type_2":"btn-dark","product_1":"ram-231z-2-tabl20u","product_2":"ram-231z-2-tabl25u","product_3":"ram-b-408-112-15-un8u","product_4":"ram-b-108-tab8u"}},"1655767365b03b7c24-1":{"type":"tab","settings":{"title":"Phone Mounts","content":"","btn_label":"Shop All ATV \/ UTV","btn_url":"\/collections\/atv-utv-phone-mounts","btn_type":"btn-ram","btn_label_2":"RAM® Mount Builder","btn_url_2":"shopify:\/\/pages\/mount-builder","btn_type_2":"btn-dark","product_1":"ram-b-231-2-un7u","product_2":"ram-b-231-2-un10","product_3":"ram-b-149z-a-pd3u","product_4":"ram-hol-un10-404-2u"}},"fd3cc98d-b065-4934-a5cc-b5c7f6c0aca7":{"type":"tab","settings":{"title":"Camera Mounts","content":"","btn_label":"Shop All ATV \/ UTV","btn_url":"\/collections\/atv-utv-camera-mounts","btn_type":"btn-ram","btn_label_2":"RAM® Mount Builder","btn_url_2":"shopify:\/\/pages\/mount-builder","btn_type_2":"btn-dark","product_1":"ram-b-149z-2-gop1u","product_2":"ram-b-108-gop1u","product_3":"rap-b-400-gop1u","product_4":"rap-b-gop2-a-gop1u"}},"4a843802-4fd4-44a2-a21b-3127892cc139":{"type":"tab","settings":{"title":"Drink Cup Holders","content":"","btn_label":"Shop All ATV \/ UTV","btn_url":"\/collections\/atv-utv-drink-cup-holders","btn_type":"btn-ram","btn_label_2":"RAM® Mount Builder","btn_url_2":"shopify:\/\/pages\/mount-builder","btn_type_2":"btn-dark","product_1":"ram-b-132r-2u","product_2":"rap-b-417-200-1-231z-2nubu","product_3":"ram-b-132-400u","product_4":"rap-b-417-400u"}},"a6faa946-e91c-4406-97f8-c68572ad34be":{"type":"tab","settings":{"title":"GPS Mounts","content":"","btn_label":"Shop All ATV \/ UTV","btn_url":"\/collections\/atv-utv-gps-mounts","btn_type":"btn-ram","btn_label_2":"RAM® Mount Builder","btn_url_2":"shopify:\/\/pages\/mount-builder","btn_type_2":"btn-dark","product_1":"ram-b-149z-2-un4","product_2":"ram-b-149z-2-aq2","product_3":"rap-b-400-a-ma15u","product_4":"ram-b-149z-2-ga41u"}}},"block_order":["1655767365b03b7c24-0","1655767365b03b7c24-1","fd3cc98d-b065-4934-a5cc-b5c7f6c0aca7","4a843802-4fd4-44a2-a21b-3127892cc139","a6faa946-e91c-4406-97f8-c68572ad34be"],"settings":{"mobile_vertical_padding":"py-8","mobile_horizontal_padding":"px-8","desktop_vertical_padding":"md:py-12","desktop_horizontal_padding":"md:px-8","heading":"<p>Top Mounting Solutions<\/p>","copy":"","content_vertical_padding":"md:mt-10","heading_font_family":"font-heading","copy_font_family":"font-body","heading_bottom_spacing":16,"copy_bottom_spacing":16,"text_alignment":"text-center","desktop_heading_font_size":"md:text-xl","desktop_copy_font_size":"md:text-base","mobile_heading_font_size":"text-xl","mobile_copy_font_size":"text-base"}},"16557673694fb1ad58":{"type":"brand-product","settings":{"text_alignment":"md:text-left","text_alignment_mobile":"text-left","heading":"Phone Mounts","has_underline":true,"desktop_heading_font_size":"md:text-xl","heading_font_size":"text-xl","copy":"<p>Never be without your phone, as well as important map and trail apps, when out on your ATV or UTV. RAM® offers popular phone mounting solutions like the RAM® X-Grip® cradle, along with compatible adhesive and rail bases designed to protect your phone.<\/p>","copy_font_size":"text-base","brand_image":"shopify:\/\/shop_images\/atvutv-section1_4dde929f-2c9c-4a7a-ac89-2c657ae31b6a.jpg","button_text_1":"Shop Phone Mounts","button_link_1":"\/collections\/atv-utv-phone-mounts","btn_type_1":"btn-ram","button_text_2":"","button_link_2":"","btn_type_2":"btn-dark","button_text_3":"","button_link_3":"","btn_type_3":"btn-ram","section_bg_color":"#ffffff"}},"165576754445ef1c63":{"type":"brand-product","settings":{"text_alignment":"md:text-left","text_alignment_mobile":"text-left","heading":"Camera Mounts","has_underline":true,"desktop_heading_font_size":"md:text-xl","heading_font_size":"text-xl","copy":"<p>Get the perfect shot from your camera with RAM® universal action camera adapters. No matter where you want to mount your action camera in your ATV or UTV, depend on RAM® for a variety of inventive solutions.<\/p>","copy_font_size":"text-base","brand_image":"shopify:\/\/shop_images\/atvutv-section2.jpg","button_text_1":"Shop Camera Mounts","button_link_1":"\/collections\/atv-utv-camera-mounts","btn_type_1":"btn-ram","button_text_2":"","button_link_2":"","btn_type_2":"btn-dark","button_text_3":"","button_link_3":"","btn_type_3":"btn-ram","section_bg_color":"#ffffff"}},"1655770860af79c23a":{"type":"brand-product","settings":{"text_alignment":"md:text-left","text_alignment_mobile":"text-left","heading":"Drink Cup Holders","has_underline":true,"desktop_heading_font_size":"md:text-xl","heading_font_size":"text-xl","copy":"<p>RAM® Level Cup™ self-leveling drink cup holders feature two pivot points so your beverage always remains upright. Fitting various sizes of bottles, cans, cups, and mugs, the RAM® double ball and socket system ensures maximum adjustability and compatibility with a variety of bases perfect for ATVs and UTVs.<\/p>","copy_font_size":"text-base","brand_image":"shopify:\/\/shop_images\/atvutv-section3.jpg","button_text_1":"Shop Drink Cup Holders","button_link_1":"\/collections\/atv-utv-drink-cup-holders","btn_type_1":"btn-ram","button_text_2":"","button_link_2":"","btn_type_2":"btn-dark","button_text_3":"","button_link_3":"","btn_type_3":"btn-ram","section_bg_color":"#ffffff"}},"16558184857ded2f91":{"type":"brand-product","settings":{"text_alignment":"md:text-left","text_alignment_mobile":"text-left","heading":"GPS Mounts","has_underline":true,"desktop_heading_font_size":"md:text-xl","heading_font_size":"text-xl","copy":"<p>RAM® supports GPS devices from brands like Garmin, Magellan, TomTom, and more so you always have your trusted device out on the trails. With a form-fit cradle, arm, and compatible RAM® mounting base, keep your GPS device accessible and at an ideal viewing angle.<\/p>","copy_font_size":"text-base","brand_image":"shopify:\/\/shop_images\/atvutv-section4.jpg","button_text_1":"Shop GPS Mounts","button_link_1":"\/collections\/atv-utv-gps-mounts","btn_type_1":"btn-ram","button_text_2":"","button_link_2":"","btn_type_2":"btn-dark","button_text_3":"","button_link_3":"","btn_type_3":"btn-ram","section_bg_color":"#ffffff"}},"1655819200316b6882":{"type":"brand-product","settings":{"text_alignment":"md:text-left","text_alignment_mobile":"text-left","heading":"Spotlight Mounts","has_underline":true,"desktop_heading_font_size":"md:text-xl","heading_font_size":"text-xl","copy":"<p>The RAM® LED spotlight is sealed within a rigid composite housing and emits a powerful light from the LED frosted bulb. Paired with the RAM® ball and socket system, adjusting and securing the spotlight is simple – and is compatible with any 12V cigarette adapter.<\/p>","copy_font_size":"text-base","brand_image":"shopify:\/\/shop_images\/atvutv-section5.jpg","button_text_1":"Learn More","button_link_1":"shopify:\/\/products\/ram-b-152b","btn_type_1":"btn-dark","button_text_2":"","button_link_2":"","btn_type_2":"btn-dark","button_text_3":"","button_link_3":"","btn_type_3":"btn-ram","section_bg_color":"#ffffff"}},"1648581111639f05ed":{"type":"featured-blogs","disabled":true,"settings":{"heading":"ADVICE & <span>RAM<\/span>SPIRATION","text_desktop_alignment":"md:text-center","heading_font_size_desktop":"sm:text-xl","heading_font_size_mobile":"text-xl","mobile_vertical_padding":"py-0","mobile_horizontal_padding":"px-0","desktop_vertical_padding":"md:py-0","desktop_horizontal_padding":"md:px-0","heading_font_size_desktop_post":"sm:text-lg","article_1":"","article_2":"","article_3":"","full_width":true}}},"order":["164633050094510fa7","1655416488804526bd","165541670761b7f135","1655767365ce22efab","16557673694fb1ad58","165576754445ef1c63","1655770860af79c23a","16558184857ded2f91","1655819200316b6882","1648581111639f05ed"]}