{"sections":{"164633050094510fa7":{"type":"hero","settings":{"section_id":"","desktop_image":"shopify:\/\/shop_images\/kayak_0dd5445c-d51d-4efd-b293-d20703b69cc9.jpg","line_color":"#cd1e27","desktop_image_height":300,"content_desktop_alignment":"md:justify-start","text_desktop_alignment":"md:text-left","desktop_heading":"","desktop_subheading":"","copy":"","heading_tag":"h1","heading_font_size_desktop":"sm:text-5xl","heading_font_size_mobile":"text-3xl","desktop_button_text":"Click Here","desktop_button_link":"","desktop_button_text2":"","desktop_button_link2":"","desktop_text_color":"#ffffff","desktop_subheading_color":"#ffffff","button_bg":"#ffffff","button_hover_bg":"#000000","button_text":"#000000","button_hover_text":"#ffffff","button2_bg":"#ffffff","button2_border_bg":"#ffffff","button2_hover_bg":"#000000","button2_text":"#000000","button2_hover_text":"#ffffff","mobile_image":"shopify:\/\/shop_images\/kayak_3b24532c-d8b5-4d5e-82fd-f6a43d7dfc1a.jpg","mobile_image_height":425,"text_mobile_alignment":"text-left","text_mobile_vertical_alignment":"justify-center","mobile_text_color":"#ffffff","mobile_button_color":"btn"}},"16611423603016b93f":{"type":"ram-title-with-button","settings":{"text_alignment":"md:text-left","text_alignment_mobile":"text-left","heading":"Kayak","desktop_heading_font_size":"md:text-3xl","heading_font_size":"text-2xl","copy":"<p>When it comes to mounting marine electronics and mobile devices to kayaks, anglers and enthusiasts consistently choose RAM® Mounts. With a wide range of ball and track mount solutions, securing action cameras, drinks, fishfinders, phones, rod holders, transducers, and more is made easy. Explore the top RAM® business solutions for kayaks below.<\/p>","copy_font_size":"text-base","btn_label":"View Catalog","btn_url":"https:\/\/issuu.com\/rammount\/docs\/on-water_catalog?fr=sZTNhMTE0MzE0MTY","btn_type":"btn-ram","section_bg_color":"#f4f4f6"}},"1655695092886e16d3":{"type":"ram-tabs-products","blocks":{"16556950927bad44b7-0":{"type":"tab","settings":{"title":"Fishfinder Mounts","content":"","btn_label":"Shop All Kayak","btn_url":"\/collections\/kayak-fishfinder-mounts","btn_type":"btn-ram","btn_label_2":"","btn_url_2":"#","btn_type_2":"btn-dark","product_1":"ram-b-lo12-354-tra1","product_2":"ram-202-24-202u","product_3":"ram-b-101-g4","product_4":"ram-111b-354-tra1u"}},"16556950927bad44b7-1":{"type":"tab","settings":{"title":"Rod Holders","content":"","btn_label":"Shop All Kayak","btn_url":"\/collections\/kayak-fishing-rod-holders","btn_type":"btn-ram","btn_label_2":"","btn_url_2":"","btn_type_2":"btn-dark","product_1":"rap-390-rb-tra1u","product_2":"rap-434-421","product_3":"ram-114-bmp","product_4":"rap-394-ssbmpu"}},"5ef67616-27c8-4695-a9fb-55c8291b91d0":{"type":"tab","settings":{"title":"RAM® Tough-Track™","content":"","btn_label":"","btn_url":"\/collections\/kayak-tough-track","btn_type":"btn-ram","btn_label_2":"","btn_url_2":"","btn_type_2":"btn-ram","product_1":"ram-track-exa-5bu","product_2":"rap-track-a5u","product_3":"ram-track-exa-5u","product_4":"ram-track-h4u"}},"9e557730-5bbe-4ace-b46b-f8494087aa8d":{"type":"tab","settings":{"title":"Accessories","content":"","btn_label":"Shop All Kayak","btn_url":"\/collections\/kayak-accessories","btn_type":"btn-ram","btn_label_2":"","btn_url_2":"","btn_type_2":"btn-ram","product_1":"ram-b-316-18-tra1-tra1u","product_2":"rap-412-2","product_3":"rap-411","product_4":"rap-431u"}},"b86d8805-42ba-4ae9-93ac-a403486bbf7e":{"type":"tab","settings":{"title":"Components","content":"","btn_label":"Shop All Kayak","btn_url":"\/collections\/kayak-components","btn_type":"btn-ram","btn_label_2":"","btn_url_2":"","btn_type_2":"btn-ram","product_1":"rap-b-383u","product_2":"rap-b-354-162u","product_3":"rap-b-354u-tra1","product_4":"rap-aaputu"}}},"block_order":["16556950927bad44b7-0","16556950927bad44b7-1","5ef67616-27c8-4695-a9fb-55c8291b91d0","9e557730-5bbe-4ace-b46b-f8494087aa8d","b86d8805-42ba-4ae9-93ac-a403486bbf7e"],"settings":{"mobile_vertical_padding":"py-8","mobile_horizontal_padding":"px-8","desktop_vertical_padding":"md:py-12","desktop_horizontal_padding":"md:px-8","heading":"<p>Top Suggested Products<\/p>","copy":"","content_vertical_padding":"md:mt-10","heading_font_family":"font-heading","copy_font_family":"font-body","heading_bottom_spacing":0,"copy_bottom_spacing":0,"text_alignment":"text-left","desktop_heading_font_size":"md:text-xl","desktop_copy_font_size":"md:text-base","mobile_heading_font_size":"text-xl","mobile_copy_font_size":"text-base"}},"1648581111639f05ed":{"type":"featured-blogs","disabled":true,"settings":{"heading":"ADVICE & <span>RAM<\/span>SPIRATION","text_desktop_alignment":"md:text-center","heading_font_size_desktop":"sm:text-xl","heading_font_size_mobile":"text-xl","mobile_vertical_padding":"py-0","mobile_horizontal_padding":"px-0","desktop_vertical_padding":"md:py-0","desktop_horizontal_padding":"md:px-0","heading_font_size_desktop_post":"sm:text-lg","article_1":"","article_2":"","article_3":"","full_width":true}},"1655586935772cb576":{"type":"partner-logos","blocks":{"165558693541a6d7f0-0":{"type":"image_icon","settings":{"image":"shopify:\/\/shop_images\/garmin_0632dc2a-5a2a-487e-ada0-140339a1f8a0.png","text":"","url":"","desktop_text_font_size":"md:text-lg","mobile_text_font_size":"text-lg"}},"165558693541a6d7f0-1":{"type":"image_icon","settings":{"image":"shopify:\/\/shop_images\/humminbird_155a1550-0ece-43e3-964f-b3c95d39e677.png","text":"","url":"","desktop_text_font_size":"md:text-lg","mobile_text_font_size":"text-lg"}},"165558693541a6d7f0-2":{"type":"image_icon","settings":{"image":"shopify:\/\/shop_images\/lowrance_203d7b48-3434-4313-bec3-42703b8e06d8.png","text":"","url":"","desktop_text_font_size":"md:text-lg","mobile_text_font_size":"text-lg"}},"0606b7c2-1aaf-42a4-a874-b23fa6913d38":{"type":"image_icon","settings":{"image":"shopify:\/\/shop_images\/raymarine_d69ad4dc-01fa-45a7-95d5-c00d9cbb9eca.png","text":"","url":"","desktop_text_font_size":"md:text-lg","mobile_text_font_size":"text-lg"}}},"block_order":["165558693541a6d7f0-0","165558693541a6d7f0-1","165558693541a6d7f0-2","0606b7c2-1aaf-42a4-a874-b23fa6913d38"],"settings":{"section_bg_color":"#000000","section_class":"","full_width":true,"red_line":false,"enable_slider":false,"slider_speed":2,"slider_slides":3,"desktop_per_row":"w-1\/4","mobile_per_row":"w-full","justify_items":"justify-center","icon_height":100,"icon_size":225,"icon_space":0,"icon_font_size":"text-xl","icon_font_family":"font-heading","icon_text_space":4,"mobile_vertical_padding":"py-4","mobile_horizontal_padding":"px-8","desktop_vertical_padding":"md:py-4","desktop_horizontal_padding":"md:px-8","heading":"","copy":"","heading_font_family":"font-heading","copy_font_family":"font-body","heading_bottom_spacing":16,"copy_bottom_spacing":16,"text_alignment":"text-center","desktop_heading_font_size":"md:text-xl","desktop_copy_font_size":"md:text-xl","mobile_heading_font_size":"text-xl","mobile_copy_font_size":"text-base"}},"165558694839480c53":{"type":"sales-form","blocks":{"16555869472f9df7de-0":{"type":"html","settings":{"red_line":true,"heading":"<p>Contact Sales<\/p>","heading_font_family":"font-heading","heading_bottom_spacing":0,"text_alignment":"text-center","desktop_heading_font_size":"md:text-2xl","mobile_heading_font_size":"text-xl","html_block":"<div style=\"margin:0 auto;\" class=\"pxFormGenerator\" id=\"NRCcEj1xmk2g_uGXmjI2EQ\"><\/div>"}}},"block_order":["16555869472f9df7de-0"],"settings":{"section_id":"","section_class":"","back_color":"","content_width":false,"full_width":false,"column_padding":"px-2","tile_font_family":"font-heading","mobile_vertical_padding":"py-8","mobile_horizontal_padding":"px-8","desktop_vertical_padding":"md:py-12","desktop_horizontal_padding":"md:px-8","heading_tag":"h2","heading":"","copy":"","heading_color":"#131313","heading_font_family":"font-heading","copy_font_family":"font-body","heading_bottom_spacing":16,"copy_bottom_spacing":16,"text_alignment":"text-left","desktop_heading_font_size":"md:text-xl","desktop_copy_font_size":"md:text-base","mobile_heading_font_size":"text-xl","mobile_copy_font_size":"text-base"}}},"order":["164633050094510fa7","16611423603016b93f","1655695092886e16d3","1648581111639f05ed","1655586935772cb576","165558694839480c53"]}