{"sections":{"164633050094510fa7":{"type":"hero","settings":{"section_id":"","desktop_image":"shopify:\/\/shop_images\/warehouse_0b591b9c-10e8-4a8b-9683-e2e25d771687.jpg","desktop_image_height":300,"content_desktop_alignment":"md:justify-start","text_desktop_alignment":"md:text-left","desktop_heading":"","desktop_subheading":"","copy":"","heading_tag":"h1","heading_font_size_desktop":"sm:text-5xl","heading_font_size_mobile":"text-3xl","desktop_button_text":"Click Here","desktop_button_link":"","desktop_button_text2":"","desktop_button_link2":"","desktop_text_color":"#ffffff","desktop_subheading_color":"#ffffff","button_bg":"#ffffff","button_hover_bg":"#000000","button_text":"#000000","button_hover_text":"#ffffff","button2_bg":"#ffffff","button2_border_bg":"#ffffff","button2_hover_bg":"#000000","button2_text":"#000000","button2_hover_text":"#ffffff","mobile_image":"shopify:\/\/shop_images\/warehouse_46d12cb9-abc1-4142-a057-0c7deab64fb0.jpg","mobile_image_height":425,"text_mobile_alignment":"text-left","text_mobile_vertical_alignment":"justify-center","mobile_text_color":"#ffffff","mobile_button_color":"btn"}},"1655416488804526bd":{"type":"ram-title-with-button","settings":{"text_alignment":"md:text-left","text_alignment_mobile":"text-left","heading":"Warehouse","desktop_heading_font_size":"md:text-3xl","heading_font_size":"text-2xl","copy":"<p>RAM® Mounts like square post clamps and the universal RAM® Tough-Claw™ are ideal solutions for material handling warehouse settings. These rugged solutions attach directly to posts and rails, and allow the attachment of a variety of device cradles for scanner guns, phones, tablets, and more. Explore the top RAM® business solutions for material handling warehouse mounts below.<\/p>","copy_font_size":"text-base","btn_label":"View Catalog","btn_url":"http:\/\/issuu.com\/rammount\/docs\/material_handling_catalog_5b7551219447a6?e=13067616\/56849126","btn_type":"btn-ram","section_bg_color":"#f4f4f6"}},"1655698571681d03be":{"type":"ram-tabs-products","blocks":{"16556985717df688a8-0":{"type":"tab","settings":{"title":"Bases","content":"","btn_label":"Shop All Warehouse","btn_url":"\/collections\/material-handling-tablet","btn_type":"btn-ram","btn_label_2":"","btn_url_2":"","btn_type_2":"btn-dark","product_1":"ram-247u-3","product_2":"ram-271u-12","product_3":"ram-d-271u-2","product_4":"rap-202u"}},"16556985717df688a8-1":{"type":"tab","settings":{"title":"Arms","content":"","btn_label":"Shop All Warehouse","btn_url":"\/collections\/material-handling-tablet","btn_type":"btn-ram","btn_label_2":"","btn_url_2":"","btn_type_2":"btn-dark","product_1":"rap-201u","product_2":"ram-201u-b","product_3":"ram-201u-d","product_4":"ram-201lsu"}},"53436e25-b88b-45de-911d-9015bba10fbe":{"type":"tab","settings":{"title":"Holders & Adapters","content":"","btn_label":"Shop All Warehouse","btn_url":"\/collections\/material-handling-tablet","btn_type":"btn-ram","btn_label_2":"","btn_url_2":"","btn_type_2":"btn-ram","product_1":"ram-hol-un9u","product_2":"rap-396u","product_3":"ram-246u","product_4":"ram-gds-dockl-v2-sam29u"}}},"block_order":["16556985717df688a8-0","16556985717df688a8-1","53436e25-b88b-45de-911d-9015bba10fbe"],"settings":{"mobile_vertical_padding":"py-8","mobile_horizontal_padding":"px-8","desktop_vertical_padding":"md:py-12","desktop_horizontal_padding":"md:px-8","heading":"<p>Top Suggested Products<\/p>","copy":"","content_vertical_padding":"md:mt-10","heading_font_family":"font-heading","copy_font_family":"font-body","heading_bottom_spacing":0,"copy_bottom_spacing":0,"text_alignment":"text-left","desktop_heading_font_size":"md:text-xl","desktop_copy_font_size":"md:text-base","mobile_heading_font_size":"text-xl","mobile_copy_font_size":"text-base"}},"16556985769e512988":{"type":"brand-product","settings":{"text_alignment":"md:text-left","text_alignment_mobile":"text-left","heading":"GDS® Technology™ for Material Handling","has_underline":true,"desktop_heading_font_size":"md:text-xl","heading_font_size":"text-xl","copy":"<p>IntelliSkin® is a protective device sleeve featuring an integrated power connector that’s compatible with any GDS® charging dock, allowing for seamless integration in a variety of material handling settings. This innovative solution prevents damage to the charging ports of phones and tablets, creating a universal docking platform compatible with any device wrapped in an IntelliSkin®. With IntelliSkin® and GDS® Technology™ for material handling, keep devices charged and at the ready from the forklift to the workstation.<\/p>","copy_font_size":"text-base","brand_image":"shopify:\/\/shop_images\/warehouse-section1.jpg","button_text_1":"Learn More","button_link_1":"\/pages\/gds-tech","btn_type_1":"btn-dark","button_text_2":"","button_link_2":"","btn_type_2":"btn-dark","button_text_3":"","button_link_3":"","btn_type_3":"btn-ram","section_bg_color":"#ffffff"}},"165569876899ef1f36":{"type":"brand-product","settings":{"text_alignment":"md:text-left","text_alignment_mobile":"text-left","heading":"Think Outside The Warehouse","has_underline":true,"desktop_heading_font_size":"md:text-xl","heading_font_size":"text-xl","copy":"<p>After product leaves the warehouse, RAM® is there for the long haul. From laptop and GPS cradles to locking vehicle mounts and ELD mandate bundle solutions, RAM® has long been a trusted partner in the transportation and logistics industry. These in-cab systems provide delivery trucks and large fleets with the tools they need to get the job done everyday. Our durable mounting solutions are the most versatile of their kind, allowing customers to scale without spending money on entirely new systems.<\/p>","copy_font_size":"text-base","brand_image":"shopify:\/\/shop_images\/equipment-section2.jpg","button_text_1":"Learn More","button_link_1":"\/pages\/transportation","btn_type_1":"btn-dark","button_text_2":"","button_link_2":"","btn_type_2":"btn-dark","button_text_3":"","button_link_3":"","btn_type_3":"btn-ram","section_bg_color":"#ffffff"}},"1655698888ea40159b":{"type":"brand-product","settings":{"text_alignment":"md:text-left","text_alignment_mobile":"text-left","heading":"Case Study: WAXIE","has_underline":true,"desktop_heading_font_size":"md:text-xl","heading_font_size":"text-xl","copy":"<p>When the costs of using older technology in the warehouse started adding up, WAXIE – the industry leader in the sales and distribution of sanitary supplies and equipment – depended on IntelliSkin® with GDS® Technology™. WAXIE outfitted 85 warehouse vehicles with IntelliSkin® for Samsung Galaxy tablets, GDS® locking docks, and chargers. In developing a close relationship with RAM® and incorporating GDS® solutions, WAXIE has been able to minimize the wear and tear on expensive tablets in the warehouse.<\/p>","copy_font_size":"text-base","brand_image":"shopify:\/\/shop_images\/equipment-section3.png","button_text_1":"Learn More","button_link_1":"shopify:\/\/pages\/case-study-waxie","btn_type_1":"btn-dark","button_text_2":"","button_link_2":"","btn_type_2":"btn-dark","button_text_3":"","button_link_3":"","btn_type_3":"btn-ram","section_bg_color":"#ffffff"}},"165541670761b7f135":{"type":"partner-logos","blocks":{"165541670775cccaae-0":{"type":"image_icon","settings":{"image":"shopify:\/\/shop_images\/crown.png","text":"","url":"","desktop_text_font_size":"md:text-lg","mobile_text_font_size":"text-lg"}},"165541670775cccaae-1":{"type":"image_icon","settings":{"image":"shopify:\/\/shop_images\/honeywell_b530e9b3-6741-4665-b550-5c4dc5f9443f.png","text":"","url":"","desktop_text_font_size":"md:text-lg","mobile_text_font_size":"text-lg"}},"165541670775cccaae-2":{"type":"image_icon","settings":{"image":"shopify:\/\/shop_images\/raymond.png","text":"","url":"","desktop_text_font_size":"md:text-lg","mobile_text_font_size":"text-lg"}},"0d9a2547-867f-499c-a355-0ca7a867f046":{"type":"image_icon","settings":{"image":"shopify:\/\/shop_images\/zebra_f5add1a0-8af5-4444-b5b3-7094d17116f6.png","text":"","url":"","desktop_text_font_size":"md:text-lg","mobile_text_font_size":"text-lg"}}},"block_order":["165541670775cccaae-0","165541670775cccaae-1","165541670775cccaae-2","0d9a2547-867f-499c-a355-0ca7a867f046"],"settings":{"section_bg_color":"#000000","section_class":"","full_width":true,"red_line":false,"enable_slider":false,"slider_speed":2,"slider_slides":3,"desktop_per_row":"w-1\/4","mobile_per_row":"w-full","justify_items":"justify-center","icon_height":100,"icon_size":225,"icon_space":0,"icon_font_size":"text-xl","icon_font_family":"font-heading","icon_text_space":4,"mobile_vertical_padding":"py-4","mobile_horizontal_padding":"px-8","desktop_vertical_padding":"md:py-4","desktop_horizontal_padding":"md:px-8","heading":"","copy":"","heading_font_family":"font-heading","copy_font_family":"font-body","heading_bottom_spacing":16,"copy_bottom_spacing":16,"text_alignment":"text-center","desktop_heading_font_size":"md:text-xl","desktop_copy_font_size":"md:text-xl","mobile_heading_font_size":"text-xl","mobile_copy_font_size":"text-base"}},"165540489801ed57c6":{"type":"sales-form","blocks":{"165540489804b345a0-0":{"type":"html","settings":{"red_line":true,"heading":"<p>Contact Sales<\/p>","heading_font_family":"font-heading","heading_bottom_spacing":0,"text_alignment":"text-center","desktop_heading_font_size":"md:text-2xl","mobile_heading_font_size":"text-xl","html_block":"<div style=\"margin:0 auto;\" class=\"pxFormGenerator\" id=\"NRCcEj1xmk2g_uGXmjI2EQ\"><\/div>"}}},"block_order":["165540489804b345a0-0"],"settings":{"section_id":"contact","section_class":"","back_color":"","content_width":false,"full_width":false,"column_padding":"px-2","tile_font_family":"font-heading","mobile_vertical_padding":"py-8","mobile_horizontal_padding":"px-8","desktop_vertical_padding":"md:py-12","desktop_horizontal_padding":"md:px-8","heading_tag":"h2","heading":"","copy":"","heading_color":"#131313","heading_font_family":"font-heading","copy_font_family":"font-body","heading_bottom_spacing":16,"copy_bottom_spacing":16,"text_alignment":"text-left","desktop_heading_font_size":"md:text-xl","desktop_copy_font_size":"md:text-base","mobile_heading_font_size":"text-xl","mobile_copy_font_size":"text-base"}},"1648581111639f05ed":{"type":"featured-blogs","disabled":true,"settings":{"heading":"ADVICE & <span>RAM<\/span>SPIRATION","text_desktop_alignment":"md:text-center","heading_font_size_desktop":"sm:text-xl","heading_font_size_mobile":"text-xl","mobile_vertical_padding":"py-0","mobile_horizontal_padding":"px-0","desktop_vertical_padding":"md:py-0","desktop_horizontal_padding":"md:px-0","heading_font_size_desktop_post":"sm:text-lg","article_1":"","article_2":"","article_3":"","full_width":true}}},"order":["164633050094510fa7","1655416488804526bd","1655698571681d03be","16556985769e512988","165569876899ef1f36","1655698888ea40159b","165541670761b7f135","165540489801ed57c6","1648581111639f05ed"]}