{"sections":{"164633050094510fa7":{"type":"hero","settings":{"section_id":"","desktop_image":"shopify:\/\/shop_images\/automobile_afc426eb-0643-4208-aa67-ad17dc95b39e.jpg","line_color":"#cd1e27","desktop_image_height":300,"content_desktop_alignment":"md:justify-start","text_desktop_alignment":"md:text-left","desktop_heading":"","desktop_subheading":"","copy":"","heading_tag":"h1","heading_font_size_desktop":"sm:text-5xl","heading_font_size_mobile":"text-3xl","desktop_button_text":"Click Here","desktop_button_link":"","desktop_button_text2":"","desktop_button_link2":"","desktop_text_color":"#ffffff","desktop_subheading_color":"#ffffff","button_bg":"#ffffff","button_hover_bg":"#000000","button_text":"#000000","button_hover_text":"#ffffff","button2_bg":"#ffffff","button2_border_bg":"#ffffff","button2_hover_bg":"#000000","button2_text":"#000000","button2_hover_text":"#ffffff","mobile_image":"shopify:\/\/shop_images\/automobile_e74c0962-788f-4daf-af2f-5429a6fd06f1.jpg","mobile_image_height":425,"text_mobile_alignment":"text-left","text_mobile_vertical_alignment":"justify-center","mobile_text_color":"#ffffff","mobile_button_color":"btn"}},"1655416488804526bd":{"type":"ram-title-with-button","settings":{"text_alignment":"md:text-left","text_alignment_mobile":"text-left","heading":"Car and Truck Mounts","desktop_heading_font_size":"md:text-3xl","heading_font_size":"text-2xl","copy":"<p>Drive handsfree with the most rugged cell phone mounts on the market. From universal phone holders to device specific holders, RAM® Mounts covers everything you need to customize your car or truck with phone mounts, tablet mounts, GPS mounts, Laptop mounts, and more. RAM® Mounts are scalable products designed to meet the demands of individuals and enterprise businesses alike. That's why we offer a range of custom car or truck mounts, universal tablet holders and phone holders. Explore the best phone mounts, tablet mounts, laptop mounts, GPS holders and more below.<\/p>","copy_font_size":"text-base","btn_label":"View Catalog","btn_url":"https:\/\/issuu.com\/rammount\/docs\/on-road_catalog?fr=sYmY0ZTE0MzE0MTY","btn_type":"btn-ram","section_bg_color":"#f4f4f6"}},"165541670761b7f135":{"type":"partner-logos","disabled":true,"blocks":{"165541670775cccaae-1":{"type":"image_icon","settings":{"image":"shopify:\/\/shop_images\/platform-science.png","text":"","url":"","desktop_text_font_size":"md:text-lg","mobile_text_font_size":"text-lg"}},"165541670775cccaae-0":{"type":"image_icon","settings":{"image":"shopify:\/\/shop_images\/omnitracs.png","text":"","url":"","desktop_text_font_size":"md:text-lg","mobile_text_font_size":"text-lg"}},"165541670775cccaae-2":{"type":"image_icon","settings":{"image":"shopify:\/\/shop_images\/peoplenet_1f191611-006c-4349-8fad-a723a0c49357.png","text":"","url":"","desktop_text_font_size":"md:text-lg","mobile_text_font_size":"text-lg"}},"961b8dce-fb5d-46e5-8ba9-46de6feb6a4d":{"type":"image_icon","settings":{"image":"shopify:\/\/shop_images\/samsung_d37c3cb0-c61c-4e8c-8d56-0863a30ce01e.png","text":"","url":"","desktop_text_font_size":"md:text-lg","mobile_text_font_size":"text-lg"}}},"block_order":["165541670775cccaae-1","165541670775cccaae-0","165541670775cccaae-2","961b8dce-fb5d-46e5-8ba9-46de6feb6a4d"],"settings":{"section_bg_color":"#000000","section_class":"","full_width":true,"red_line":false,"enable_slider":false,"slider_speed":2,"slider_slides":3,"desktop_per_row":"w-1\/4","mobile_per_row":"w-full","justify_items":"justify-center","icon_height":100,"icon_size":225,"icon_space":0,"icon_font_size":"text-xl","icon_font_family":"font-heading","icon_text_space":4,"mobile_vertical_padding":"py-4","mobile_horizontal_padding":"px-8","desktop_vertical_padding":"md:py-4","desktop_horizontal_padding":"md:px-8","heading":"","copy":"","heading_font_family":"font-heading","copy_font_family":"font-body","heading_bottom_spacing":16,"copy_bottom_spacing":16,"text_alignment":"text-center","desktop_heading_font_size":"md:text-xl","desktop_copy_font_size":"md:text-xl","mobile_heading_font_size":"text-xl","mobile_copy_font_size":"text-base"}},"1655767365ce22efab":{"type":"ram-tabs-products","blocks":{"1655767365b03b7c24-1":{"type":"tab","settings":{"title":"Car Phone Mounts","content":"","btn_label":"Shop All Car and Truck","btn_url":"\/collections\/automobile-phone-mounts","btn_type":"btn-ram","btn_label_2":"RAM® Mount Builder","btn_url_2":"shopify:\/\/pages\/mount-builder","btn_type_2":"btn-dark","product_1":"ram-b-166-un7u","product_2":"rap-sb-180-un7u","product_3":"ram-b-166-un10u","product_4":"rap-b-299-4-un10u"}},"fd3cc98d-b065-4934-a5cc-b5c7f6c0aca7":{"type":"tab","settings":{"title":"Truck Laptop Mounts","content":"","btn_label":"Shop All Car and Truck","btn_url":"\/collections\/automobile-laptop-mounts","btn_type":"btn-ram","btn_label_2":"RAM® Mount Builder","btn_url_2":"shopify:\/\/pages\/mount-builder","btn_type_2":"btn-dark","product_1":"ram-vb-195-sw1","product_2":"ram-vb-193-sw1","product_3":"ram-vb-185-sw1","product_4":"ram-vb-178a-sw1"}},"a6faa946-e91c-4406-97f8-c68572ad34be":{"type":"tab","settings":{"title":"Car & Truck Tablet Mounts","content":"","btn_label":"Shop All Car and Truck","btn_url":"\/collections\/automobile-tablet-mounts","btn_type":"btn-ram","btn_label_2":"RAM® Mount Builder","btn_url_2":"shopify:\/\/pages\/mount-builder","btn_type_2":"btn-dark","product_1":"ram-101b2-tab20u","product_2":"ram-316-hd-18-tab20u","product_3":"ram-b-101b2-tab12u","product_4":"ram-316-hd-238-ot3u"}},"c61bcf7b-ae82-47d6-98bd-c24f372cc2cc":{"type":"tab","settings":{"title":"GPS Mounts","content":"","btn_label":"Shop All Car and Truck","btn_url":"\/collections\/automobile-gps-mounts","btn_type":"btn-ram","btn_label_2":"RAM® Mount Builder","btn_url_2":"shopify:\/\/pages\/mount-builder","btn_type_2":"btn-dark","product_1":"ram-b-138l-ga75lu","product_2":"ram-b-166-ga46","product_3":"ram-b-166-ga55u","product_4":"rap-b-166-2-ga31"}}},"block_order":["1655767365b03b7c24-1","fd3cc98d-b065-4934-a5cc-b5c7f6c0aca7","a6faa946-e91c-4406-97f8-c68572ad34be","c61bcf7b-ae82-47d6-98bd-c24f372cc2cc"],"settings":{"mobile_vertical_padding":"py-8","mobile_horizontal_padding":"px-8","desktop_vertical_padding":"md:py-12","desktop_horizontal_padding":"md:px-8","heading":"<p>Top Mounting Solutions<\/p>","copy":"","content_vertical_padding":"md:mt-10","heading_font_family":"font-heading","copy_font_family":"font-body","heading_bottom_spacing":16,"copy_bottom_spacing":16,"text_alignment":"text-center","desktop_heading_font_size":"md:text-xl","desktop_copy_font_size":"md:text-base","mobile_heading_font_size":"text-xl","mobile_copy_font_size":"text-base"}},"16557673694fb1ad58":{"type":"brand-product","settings":{"text_alignment":"md:text-left","text_alignment_mobile":"text-left","heading":"Car Phone Mounts & Holders","has_underline":true,"desktop_heading_font_size":"md:text-xl","heading_font_size":"text-xl","copy":"<p>RAM® offers the most rugged car and truck mounts for cellphones. Match popular bases like the RAM® Twist-Lock™ Suction Cup, adhesive phone dash mounts, and cup holder mounts to phone holders for cars including the RAM® X-Grip® (XGrip-style holder), RAM® Quick-Grip™, and form-fitting cellphone holders.<\/p>","copy_font_size":"text-base","brand_image":"shopify:\/\/shop_images\/automobile-section1.jpg","button_text_1":"Shop Car Phone Mounts","button_link_1":"\/collections\/automobile-phone-mounts","btn_type_1":"btn-ram","button_text_2":"","button_link_2":"","btn_type_2":"btn-dark","button_text_3":"","button_link_3":"","btn_type_3":"btn-ram","section_bg_color":"#ffffff"}},"165576754445ef1c63":{"type":"brand-product","settings":{"text_alignment":"md:text-left","text_alignment_mobile":"text-left","heading":"Truck Laptop Mounts & Trays","has_underline":true,"desktop_heading_font_size":"md:text-xl","heading_font_size":"text-xl","copy":"<p>With an extensive line of RAM® No-Drill™ and drill-down laptop vehicle mounts, easily secure your PC laptop tray and Macbook holder for cars, trucks, or SUVs. Featuring several adjustment points, these laptop mounts allow you to position your laptop in the most ergonomic and comfortable position possible.<\/p>","copy_font_size":"text-base","brand_image":"shopify:\/\/shop_images\/automobile-section2.jpg","button_text_1":"Shop Truck Laptop Mounts","button_link_1":"\/collections\/automobile-laptop-mounts","btn_type_1":"btn-ram","button_text_2":"","button_link_2":"","btn_type_2":"btn-dark","button_text_3":"","button_link_3":"","btn_type_3":"btn-ram","section_bg_color":"#ffffff"}},"16558184857ded2f91":{"type":"brand-product","settings":{"text_alignment":"md:text-left","text_alignment_mobile":"text-left","heading":"Car & Truck Tablet Mounts & Holders","has_underline":true,"desktop_heading_font_size":"md:text-xl","heading_font_size":"text-xl","copy":"<p>RAM® No-Drill™ tablet vehicle mounts easily secure your device using the existing hardware of the passenger side seat rails. Choose from tablet holders including the RAM® X-Grip®, RAM® Tab-Tite™, RAM® Tab-Lock™, and form-fitting tablet holders for cars and trucks. Utilizing the RAM® ball and socket system, position your tablet holder at the ideal angle to create the best tablet mount for vehicles.<\/p>","copy_font_size":"text-base","brand_image":"shopify:\/\/shop_images\/automobile-section3.jpg","button_text_1":"Shop Truck Tablet Mounts","button_link_1":"\/collections\/automobile-tablet-mounts","btn_type_1":"btn-ram","button_text_2":"","button_link_2":"","btn_type_2":"btn-dark","button_text_3":"","button_link_3":"","btn_type_3":"btn-ram","section_bg_color":"#ffffff"}},"1655820586eb95ab70":{"type":"brand-product","settings":{"text_alignment":"md:text-left","text_alignment_mobile":"text-left","heading":"GPS Mounts & Holders","has_underline":true,"desktop_heading_font_size":"md:text-xl","heading_font_size":"text-xl","copy":"<p>Form-fitting RAM® GPS mounts and GPS holders provide vibration damping and keep a low-profile, equalling a low cost mount. Depending on your preferred GPS location, choose from modular windshield mounts and dash mounts that keep your device in arms reach making RAM® Mounts the best GPS car mount for roadtrips.<\/p>","copy_font_size":"text-base","brand_image":"shopify:\/\/shop_images\/automobile-section4.jpg","button_text_1":"Shop GPS Mounts","button_link_1":"\/collections\/automobile-gps-mounts","btn_type_1":"btn-ram","button_text_2":"","button_link_2":"","btn_type_2":"btn-dark","button_text_3":"","button_link_3":"","btn_type_3":"btn-ram","section_bg_color":"#ffffff"}},"1648581111639f05ed":{"type":"featured-blogs","disabled":true,"settings":{"heading":"ADVICE & <span>RAM<\/span>SPIRATION","text_desktop_alignment":"md:text-center","heading_font_size_desktop":"sm:text-xl","heading_font_size_mobile":"text-xl","mobile_vertical_padding":"py-0","mobile_horizontal_padding":"px-0","desktop_vertical_padding":"md:py-0","desktop_horizontal_padding":"md:px-0","heading_font_size_desktop_post":"sm:text-lg","article_1":"","article_2":"","article_3":"","full_width":true}}},"order":["164633050094510fa7","1655416488804526bd","165541670761b7f135","1655767365ce22efab","16557673694fb1ad58","165576754445ef1c63","16558184857ded2f91","1655820586eb95ab70","1648581111639f05ed"]}