{"sections":{"164633050094510fa7":{"type":"hero","settings":{"section_id":"","desktop_image":"shopify:\/\/shop_images\/new-products-banner.jpg","desktop_image_height":300,"content_desktop_alignment":"md:justify-start","text_desktop_alignment":"md:text-left","desktop_heading":"","desktop_subheading":"","copy":"","heading_tag":"h1","heading_font_size_desktop":"sm:text-5xl","heading_font_size_mobile":"text-3xl","desktop_button_text":"Click Here","desktop_button_link":"","desktop_button_text2":"","desktop_button_link2":"","desktop_text_color":"#ffffff","desktop_subheading_color":"#ffffff","button_bg":"#ffffff","button_hover_bg":"#000000","button_text":"#000000","button_hover_text":"#ffffff","button2_bg":"#ffffff","button2_border_bg":"#ffffff","button2_hover_bg":"#000000","button2_text":"#000000","button2_hover_text":"#ffffff","mobile_image":"shopify:\/\/shop_images\/mobile-new-products-banner.jpg","mobile_image_height":325,"text_mobile_alignment":"text-left","text_mobile_vertical_alignment":"justify-center","mobile_text_color":"#ffffff","mobile_button_color":"btn"}},"164787406396048317":{"type":"subscription-modal","settings":{"text_alignment":"text-left","heading":"All New & Upcoming Products","desktop_heading_font_size":"md:text-4xl","heading_font_size":"text-xl","copy":"<p>Looking for the latest and greatest that RAM® Mounts has to offer? See all of our new and upcoming products, from rugged mounting systems and accessories to IntelliSkin® and GDS® Tech™. And if you're interested in receiving notifications via email as soon as new products become available for purchase, just click the \"notify me\" button above.<br\/><\/p>","copy_font_size":"text-base","full_width":true,"bg_color":"#f4f4f6"}},"165825618266948994":{"type":"collections-items","blocks":{"16582561824b8a4177-0":{"type":"collection-tile","settings":{"collection":"","image":"shopify:\/\/shop_images\/RAM-GDS-SKIN-SAM83-NG_a914eede-ad0d-4242-8752-85457be0c32a.png","heading":"<p>IntelliSkin® Next Gen for Samsung Tab A8 10.5<\/p>","url":"\/collections\/gds-skin-sam83","text_alignment":"text-center"}},"16582561824b8a4177-1":{"type":"collection-tile","settings":{"collection":"","image":"shopify:\/\/shop_images\/RAM-GDS-DOCKL-SAM83CDU_6e6e9d00-c889-44af-a6a6-7507f858026a.png","heading":"<p>GDS® Tough-Dock™ for Samsung Tab A8 10.5\" SM-X200<\/p>","url":"\/collections\/gds-dock-sam83","text_alignment":"text-center"}},"16582561824b8a4177-2":{"type":"collection-tile","settings":{"collection":"","image":"shopify:\/\/shop_images\/RAM-HOL-ZE17L-2U_fcd955d6-6697-45e5-aab0-4e3970cfdeb6.png","heading":"<p>RAM® Powered Docks for Zebra TC53 & TC58<\/p>","url":"\/pages\/zebra-tc53-tc58","text_alignment":"text-center"}},"16582561824b8a4177-3":{"type":"collection-tile","settings":{"collection":"","image":"shopify:\/\/shop_images\/RAM-GDS-SKIN-AP36-NG_be0899b1-40c7-47c3-80bf-8cef6fd22e01.png","heading":"<p>IntelliSkin® Next Gen for iPad mini 6<\/p>","url":"\/products\/ram-gds-skin-ap36-ng","text_alignment":"text-center"}},"16582561824b8a4177-4":{"type":"collection-tile","settings":{"collection":"","image":"shopify:\/\/shop_images\/HOL-AP36_34a302fc-5993-493d-940d-bf9e9d0140e1.png","heading":"<p>RAM® EZ-Roll'r™ Cradle for iPad mini 6<\/p>","url":"\/collections\/apple-ipad-mounts?pf_mlt_device_make_model=iPad+mini+6&pf_mlt_device_make_model=Apple&pf_mlt_device_make_model_and_condition=true&pf_t_product_line=EZ-Roll%27r&sort=extra-sort1-descending","text_alignment":"text-center"}},"16582561824b8a4177-5":{"type":"collection-tile","settings":{"collection":"","image":"shopify:\/\/shop_images\/RAM-HOL-TAB33U_e4c645f5-4414-4f8b-b926-87ee50661bd0.png","heading":"<p>RAM® Tab-Tite™ & Tab-Lock™ for 10\" Samsung Tablets<\/p>","url":"\/collections\/tablet-mounts-holders?pf_mlt_device_make_model=Lenovo&pf_mlt_device_make_model=K10+Tablet&pf_mlt_device_make_model_and_condition=true","text_alignment":"text-center"}},"5b0f4e7a-eb9d-4c20-8ff3-e3b4249d60af":{"type":"collection-tile","settings":{"collection":"","image":"shopify:\/\/shop_images\/RAM-HS2U_323146c3-208e-4a0f-ade7-b84f575a60bb.png","heading":"<p>RAM® Universal Hand-Stand™ for any Size Tablet<\/p>","url":"\/search?pf_t_product_line=Hand-Stand&q=&sort=extra-sort1-descending","text_alignment":"text-center"}},"ff901fd1-9735-4e19-bdf0-7f30c7be1a7f":{"type":"collection-tile","settings":{"collection":"","image":"shopify:\/\/shop_images\/RAM-HOL-GA77LU_7f0c9ec3-7e25-4d8c-b048-f65dcb7e6b2f.png","heading":"<p>RAM® EZ-Roll'r™ Locking Cradle for Garmin dezl™ OTR700<\/p>","url":"\/collections\/garmin-handheld-gps?pf_mlt_brand=dezl+OTR700&pf_mlt_brand=Garmin&pf_mlt_brand_and_condition=true&sort=extra-sort1-descending","text_alignment":"text-center"}},"17bde2c0-a79e-4edc-bd3b-7e6b7332c71b":{"type":"collection-tile","settings":{"collection":"","image":"shopify:\/\/shop_images\/RAM-B-121-TAB2U_d6e72899-74a7-4836-bb78-fa7948a44642.png","heading":"<p>New Aviation Kits for iPad mini 6<\/p>","url":"\/collections\/airplane-complete-kits?pf_mlt_device_make_model=iPad+mini+6&pf_mlt_device_make_model=Apple&pf_mlt_device_make_model_and_condition=true","text_alignment":"text-center"}},"7cfa568b-8ce0-4fce-90f1-5d7b3f197700":{"type":"collection-tile","settings":{"collection":"","image":"shopify:\/\/shop_images\/RAM-B-149Z-A-UN15WU_6ba92b74-e3ae-45e1-8ddf-6f146bbb1839.png","heading":"<p>RAM® Quick-Grip™ Holder for Apple MagSafe Compatible Phones<\/p>","url":"\/collections\/apple-magsafe-mounts?pf_t_product_line=Quick-Grip","text_alignment":"text-center"}},"21ac62ea-55b3-46fa-8e82-3b18c27b295d":{"type":"collection-tile","settings":{"collection":"","image":"shopify:\/\/shop_images\/RAM-HOL-HON9PDKLU_04db1b35-baba-4602-a151-a5fa13e59ba9.png","heading":"<p>GDS® Key Locking Power + Data Dock for Honeywell RT10 Tablet<\/p>","url":"\/collections\/honeywell-tablet-pc?pf_mlt_brand=RT10&pf_mlt_brand=Honeywell&pf_t_features=Key+Locking","text_alignment":"text-center"}},"648285ed-e32f-45eb-bb23-ea986b5fc717":{"type":"collection-tile","settings":{"collection":"","image":"shopify:\/\/shop_images\/RAM-HOL-HON9PD2CLU_0e77c4de-5ede-4757-ab0f-f2390e7ceab4.png","heading":"<p>GDS® Combo Locking Power + Dual USB Dock for Honeywell RT10 Tablet<\/p>","url":"\/collections\/honeywell-tablet-pc?pf_mlt_brand=RT10&pf_mlt_brand=Honeywell&pf_t_features=Combo+Locking","text_alignment":"text-center"}},"f9ea325b-c920-45de-bb4e-9822ab85778c":{"type":"collection-tile","settings":{"collection":"","image":"shopify:\/\/shop_images\/RAM-HOL-ZE15PD2KLU_bad1b266-c258-4a16-a28f-bd0799cc7730.png","heading":"<p>GDS® Power + Data Docks for Zebra XSLATE L10 Rugged Tablet<\/p>","url":"\/collections\/zebra-rugged-pc?pf_mlt_device_make_model=XSLATE+L10&pf_mlt_device_make_model=Zebra&pf_mlt_device_make_model_and_condition=true","text_alignment":"text-center"}},"4f7d3a62-c10a-46f1-8808-b844dd2c4409":{"type":"collection-tile","settings":{"collection":"","image":"shopify:\/\/shop_images\/RAM-400-379-252025U_6eb3915f-26bc-4c37-8a95-b98b5f0e87c5.png","heading":"<p>RAM® Tough-Ball™ Camera Mount with Tough-Claw™ Small Clamp Base<\/p>","url":"\/products\/ram-400-379-252025u","text_alignment":"text-center"}},"9e05a311-9418-4f25-b729-42ee70950c91":{"type":"collection-tile","settings":{"collection":"","image":"shopify:\/\/shop_images\/RAM-HOL-SAM60PD2-OT1U_2133d4b6-1efa-4d83-896c-3bd0370b5efc.png","heading":"<p>RAM® Power + USB Docks for Samsung Tab Active3 with OtterBox uniVERSE<\/p>","url":"\/pages\/otterbox-tab-active3","text_alignment":"text-center"}},"80df7513-552a-4962-8cf0-a4aba86da5bf":{"type":"collection-tile","settings":{"collection":"","image":"shopify:\/\/shop_images\/RAM-238-MAG88U_d44bf673-7210-44c1-ac30-85e97e1dcc26.png","heading":"<p>RAM® Tough-Mag™ 88MM Diameter Diamond Ball Base<\/p>","url":"\/products\/ram-238-mag88u","text_alignment":"text-center"}}},"block_order":["16582561824b8a4177-0","16582561824b8a4177-1","16582561824b8a4177-2","16582561824b8a4177-3","16582561824b8a4177-4","16582561824b8a4177-5","5b0f4e7a-eb9d-4c20-8ff3-e3b4249d60af","ff901fd1-9735-4e19-bdf0-7f30c7be1a7f","17bde2c0-a79e-4edc-bd3b-7e6b7332c71b","7cfa568b-8ce0-4fce-90f1-5d7b3f197700","21ac62ea-55b3-46fa-8e82-3b18c27b295d","648285ed-e32f-45eb-bb23-ea986b5fc717","f9ea325b-c920-45de-bb4e-9822ab85778c","4f7d3a62-c10a-46f1-8808-b844dd2c4409","9e05a311-9418-4f25-b729-42ee70950c91","80df7513-552a-4962-8cf0-a4aba86da5bf"],"settings":{"section_class":"","full_width":false,"grid_gap":"gap-4","grid_columns":"grid-cols-2","grid_columns_dt":"md:grid-cols-4","mobile_vertical_padding":"py-4","mobile_horizontal_padding":"px-4","desktop_vertical_padding":"md:py-8","desktop_horizontal_padding":"md:px-0","heading_tag":"h2","heading":"<p><strong>Available Now<\/strong><\/p>","copy":"","heading_font_family":"font-heading","copy_font_family":"font-body","heading_bottom_spacing":16,"copy_bottom_spacing":16,"text_alignment":"text-left","desktop_heading_font_size":"md:text-3xl","desktop_copy_font_size":"md:text-base","mobile_heading_font_size":"text-xl","mobile_copy_font_size":"text-base"}},"16582634869d24d6c0":{"type":"collections-items","blocks":{"725b2799-401f-4dff-bb74-6ed00bb5591d":{"type":"collection-tile","settings":{"collection":"","image":"shopify:\/\/shop_images\/RAM-GDS-ROTO2U.png","heading":"<p>GDS® Roto-Mag™ 3-in-1 Accessory with Handle, Strap & Magnets<\/p>","url":"\/products\/ram-gds-roto2u","text_alignment":"text-center"}},"1658263485c1a9bc33-0":{"type":"collection-tile","settings":{"collection":"","image":"shopify:\/\/shop_images\/RAM-HOL-SNM3PLU.png","heading":"<p>RAM® EZ-Roll'r™ Powered Locking Dock for Sonim XP5plus<\/p>","url":"\/collections\/sonim?pf_mlt_device_make_model=XP5plus&pf_mlt_device_make_model=Sonim&pf_mlt_device_make_model_and_condition=true","text_alignment":"text-center"}},"1658263485c1a9bc33-1":{"type":"collection-tile","settings":{"collection":"","image":"shopify:\/\/shop_images\/RAM-HOL-SAM84PU.png","heading":"<p>RAM® EZ-Roll'r™ Powered Dock for Samsung XCover6 Pro<\/p>","url":"\/collections\/samsung-galaxy-phone-mounts?pf_mlt_device_make_model=XCover6+Pro&pf_mlt_device_make_model=Samsung&pf_mlt_device_make_model_and_condition=true","text_alignment":"text-center"}},"1658263485c1a9bc33-2":{"type":"collection-tile","settings":{"collection":"","image":"shopify:\/\/shop_images\/RAM-GDS-SKIN-SAM84.png","heading":"<p>IntelliSkin® for Samsung Galaxy XCover6 Pro<\/p>","url":"\/products\/ram-gds-skin-sam84","text_alignment":"text-center"}},"1658263485c1a9bc33-3":{"type":"collection-tile","settings":{"collection":"","image":"shopify:\/\/shop_images\/RAM-DOCK-6G-SAM84PU.png","heading":"<p>RAM® 6-Port Charging Dock for Samsung XCover6 Pro<\/p>","url":"\/collections\/samsung-galaxy-phone-mounts?pf_mlt_device_make_model=XCover6+Pro&pf_mlt_device_make_model=Samsung&pf_mlt_device_make_model_and_condition=true&pf_t_mount_function=Stand%2FPlatform","text_alignment":"text-center"}},"1658263485c1a9bc33-4":{"type":"collection-tile","settings":{"collection":"","image":"shopify:\/\/shop_images\/RAM-GDS-DOCKL-ZE21PD2U_5ba4569d-1740-4dd3-ace7-80cd81763bac.png","heading":"<p>GDS® Vehicle Docks for Zebra ET4x 8\" & 10\" Enterprise Tablet<\/p>","url":"\/collections\/zebra-rugged-pc?pf_t_product_line=GDS+Tech&sort=extra-sort1-descending","text_alignment":"text-center"}},"1658263485c1a9bc33-5":{"type":"collection-tile","settings":{"collection":"","image":"shopify:\/\/shop_images\/RAM-GDS-SKIN-ZE20C-NG_e7739166-c882-492e-b3e4-52ed24b009bc.png","heading":"<p>IntelliSkin® Next Gen for Zebra ET4x 8\" & 10\" Enterprise Tablet<\/p>","url":"\/collections\/zebra-rugged-pc?pf_t_product_line=IntelliSkin+Next+Gen&sort=extra-sort1-descending","text_alignment":"text-center"}},"57d21f79-b64b-4519-bb58-9c3e1b22814b":{"type":"collection-tile","settings":{"collection":"","image":"shopify:\/\/shop_images\/RAM-HOL-ZE21PDU_95d52203-9530-49c3-ae53-cebaadf9df5c.png","heading":"<p>RAM® Tough-Dock™ for Zebra ET4x 8\" & 10\" Enterprise Tablet<\/p>","url":"\/collections\/zebra-rugged-pc?pf_t_product_line=Tough-Dock&sort=extra-sort1-descending","text_alignment":"text-center"}},"8a72ad1f-2653-490b-8d36-b26d21310b46":{"type":"collection-tile","settings":{"collection":"","image":"shopify:\/\/shop_images\/RAM-HOL-TABL34U_3b679c1d-a09f-41a9-b680-fc31f11bb805.png","heading":"<p>RAM® Tab-Tite™ & Tab-Lock™ for Panasonic FZ-G2 & FZ-A3<\/p>","url":"\/collections\/panasonic-tablet?pf_mlt_device_make_model=Panasonic&pf_mlt_device_make_model=FZ-G2&pf_mlt_device_make_model_and_condition=true&sort=extra-sort1-descending","text_alignment":"text-center"}},"4137a1bd-42fa-4499-a954-acdb0c327bd3":{"type":"collection-tile","settings":{"collection":"","image":"shopify:\/\/shop_images\/RAM-GDS-SKIN-AP37-NG_0b1ec8ec-e557-4c2f-af48-e10821a998a9.png","heading":"<p>IntelliSkin® Next Gen for Apple iPad Pro 12.9 3rd - 5th Gen<\/p>","url":"\/products\/ram-gds-skin-ap37-ng","text_alignment":"text-center"}},"f53437c0-972b-4eda-b882-c3faff901ce4":{"type":"collection-tile","settings":{"collection":"","image":"shopify:\/\/shop_images\/RAM-GDS-DOCK-AP37CD2U_5e6e8cc7-4ca8-42cf-8d5e-308b4d92cd81.png","heading":"<p>GDS® Tough-Dock™ for iPad Pro 12.9 3rd - 5th Gen<\/p>","url":"\/collections\/apple-ipad-mounts?pf_mlt_device_make_model=iPad+Pro+12.9+%28Gen+3-5%29&pf_mlt_device_make_model=Apple&pf_mlt_device_make_model_and_condition=true&pf_t_features=8-Pin+Dock+-+Type-C&pf_t_product_line=Tough-Dock&sort=extra-sort1-descending","text_alignment":"text-center"}},"5fe0bf76-457c-4308-a327-a6d57d56b0e5":{"type":"collection-tile","settings":{"collection":"","image":"shopify:\/\/shop_images\/RAM-HOL-PAN15PDKLU_048104b6-22ac-4598-af53-0b8bbeef0592.png","heading":"<p>RAM® Key Locking Power + Data Dock for Panasonic FZ-S1 & FZ-L1<\/p>","url":"\/collections\/panasonic-tablet?pf_mlt_device_make_model=FZ-S1+%26+FZ-L1&pf_mlt_device_make_model=Panasonic&pf_mlt_device_make_model_and_condition=true","text_alignment":"text-center"}},"a5905bb5-f165-44a9-aed7-1449441fb446":{"type":"collection-tile","settings":{"collection":"","image":"shopify:\/\/shop_images\/RAM-463-TRA1U_9e33026c-e308-420f-a966-3c10cfc8d073.png","heading":"<p>RAM® Aluminum Track Ball™ with T-Bolt Attachment<\/p>","url":"\/search?pf_t_part_type=Ball&q=463&sort=extra-sort1-descending","text_alignment":"text-center"}},"d6f3e47a-c11b-4e10-9be5-1f5f94a3179d":{"type":"collection-tile","settings":{"collection":"","image":"shopify:\/\/shop_images\/RAM-GDS-DOCK-G7M-8-NGU_4ff2bf3b-2ef6-4624-a1d2-e0aee78c2211.png","heading":"<p>GDS® Slide Dock™ with Power Delivery for IntelliSkin® Next Gen<\/p>","url":"\/collections\/gds-technology-gds-slide-dock?pf_t_features=8-Pin+Dock+-+Type-C&sort=extra-sort1-descending","text_alignment":"text-center"}},"2d340477-0ddf-43b0-b44a-c532eb503369":{"type":"collection-tile","settings":{"collection":"","image":"shopify:\/\/shop_images\/RAM-247U_99022acd-3b15-4424-8192-22ff6162d510.png","heading":"<p>RAM® C Size Square Post Clamp Base for Posts 1.75\" - 4\" Wide<\/p>","url":"\/products\/ram-247u","text_alignment":"text-center"}},"788b41f0-8693-4d57-a9a8-23a8f218b2b7":{"type":"collection-tile","settings":{"collection":"","image":"shopify:\/\/shop_images\/RAM-D-247U_650cc67d-5cff-40ef-971f-93a217f9f480.png","heading":"<p>RAM® D Size Square Post Clamp Base for Posts 1.75\" - 4\" Wide<\/p>","url":"\/products\/ram-d-247u","text_alignment":"text-center"}}},"block_order":["725b2799-401f-4dff-bb74-6ed00bb5591d","1658263485c1a9bc33-0","1658263485c1a9bc33-1","1658263485c1a9bc33-2","1658263485c1a9bc33-3","1658263485c1a9bc33-4","1658263485c1a9bc33-5","57d21f79-b64b-4519-bb58-9c3e1b22814b","8a72ad1f-2653-490b-8d36-b26d21310b46","4137a1bd-42fa-4499-a954-acdb0c327bd3","f53437c0-972b-4eda-b882-c3faff901ce4","5fe0bf76-457c-4308-a327-a6d57d56b0e5","a5905bb5-f165-44a9-aed7-1449441fb446","d6f3e47a-c11b-4e10-9be5-1f5f94a3179d","2d340477-0ddf-43b0-b44a-c532eb503369","788b41f0-8693-4d57-a9a8-23a8f218b2b7"],"settings":{"section_class":"","full_width":false,"grid_gap":"gap-4","grid_columns":"grid-cols-2","grid_columns_dt":"md:grid-cols-4","mobile_vertical_padding":"py-4","mobile_horizontal_padding":"px-4","desktop_vertical_padding":"md:py-8","desktop_horizontal_padding":"md:px-0","heading_tag":"h2","heading":"<p><strong>Coming Soon<\/strong><\/p>","copy":"","heading_font_family":"font-heading","copy_font_family":"font-body","heading_bottom_spacing":16,"copy_bottom_spacing":16,"text_alignment":"text-left","desktop_heading_font_size":"md:text-3xl","desktop_copy_font_size":"md:text-base","mobile_heading_font_size":"text-xl","mobile_copy_font_size":"text-base"}}},"order":["164633050094510fa7","164787406396048317","165825618266948994","16582634869d24d6c0"]}