{"sections":{"164633050094510fa7":{"type":"hero","settings":{"section_id":"","desktop_image":"shopify:\/\/shop_images\/xgrip.jpg","desktop_image_height":300,"content_desktop_alignment":"md:justify-start","text_desktop_alignment":"md:text-left","desktop_heading":"","desktop_subheading":"","copy":"","heading_tag":"h1","heading_font_size_desktop":"sm:text-5xl","heading_font_size_mobile":"text-3xl","desktop_button_text":"Click Here","desktop_button_link":"","desktop_button_text2":"","desktop_button_link2":"","desktop_text_color":"#ffffff","desktop_subheading_color":"#ffffff","button_bg":"#ffffff","button_hover_bg":"#000000","button_text":"#000000","button_hover_text":"#ffffff","button2_bg":"#ffffff","button2_border_bg":"#ffffff","button2_hover_bg":"#000000","button2_text":"#000000","button2_hover_text":"#ffffff","mobile_image":"shopify:\/\/shop_images\/xgrip_f3aabbf2-35a3-4dd0-9837-1f3ac4490120.jpg","mobile_image_height":425,"text_mobile_alignment":"text-left","text_mobile_vertical_alignment":"justify-center","mobile_text_color":"#ffffff","mobile_button_color":"btn"}},"16486560366c7b7837":{"type":"brand-product","settings":{"text_alignment":"md:text-left","text_alignment_mobile":"text-left","heading":"RAM® X-Grip®","has_underline":false,"desktop_heading_font_size":"md:text-4xl","heading_font_size":"text-2xl","copy":"<p>The spring-loaded RAM® X-Grip® cradle expands and contracts to provide a perfect fit for your device. Made of high-strength composite and stainless steel, this popular phone* and tablet holder is compatible with a wide variety of RAM® mounting bases. Available for phones of all sizes and tablets ranging from 7” to 12” in size, the RAM® X-Grip® cradle secures your device while keeping it completely functional and accessible. No matter what mounting base you pair the RAM® X-Grip® with, the RAM® ball and socket technology allows for near-infinite adjustability.<\/p>","copy_font_size":"text-base","brand_image":"shopify:\/\/shop_images\/RAM-TRACK-EXA-9BUIU3.jpg","button_text_1":"Shop All RAM® X-Grip®","button_link_1":"\/collections\/ram-x-grip-phone-mounts","btn_type_1":"btn-ram","button_text_2":"","button_link_2":"","btn_type_2":"btn-dark","button_text_3":"","button_link_3":"","btn_type_3":"btn-ram","section_bg_color":"#f4f4f6"}},"1648577237754fb6a9":{"type":"brand-product","settings":{"text_alignment":"text-left","text_alignment_mobile":"text-left","heading":"Features","has_underline":true,"desktop_heading_font_size":"md:text-xl","heading_font_size":"text-xl","copy":"<p>Constructed using high-strength composites and stainless steel, the RAM® X-Grip® also features rubber-coated grips to firmly secure devices. This versatile device mount is compatible with a wide variety of RAM® arms and mounting bases so you can take your favorite device nearly anywhere.<\/p>","copy_font_size":"text-base","brand_image":"shopify:\/\/shop_images\/xgrip-section1.gif","button_text_1":"","button_link_1":"","btn_type_1":"btn-ram","button_text_2":"","button_link_2":"","btn_type_2":"btn-dark","button_text_3":"","button_link_3":"","btn_type_3":"btn-ram","section_bg_color":"#ffffff"}},"1648579274ae6e3e3d":{"type":"brand-product","settings":{"text_alignment":"text-left","text_alignment_mobile":"text-left","heading":"RAM® Tough-Charge™ with X-Grip® Technology","has_underline":true,"desktop_heading_font_size":"md:text-xl","heading_font_size":"text-xl","copy":"<p>The RAM® Tough-Charge™ with X-Grip® Technology is the world's first patented, universal waterproof wireless charging cradle for phones. Designed with spring-loaded RAM® X-Grip® Technology, this cradle features the well known 'X' design that expands and contracts to secure nearly any phone while taking advantage of Qi compatible wireless phone charging up to 10W. An optional support leg allows you to adjust your phone to the ideal position, aligning the wireless charging coils.<\/p>","copy_font_size":"text-base","brand_image":"shopify:\/\/shop_images\/xgrip-section5.jpg","button_text_1":"Shop RAM® Tough-Charge™","button_link_1":"\/collections\/wireless-charging-mounts-tough-charge","btn_type_1":"btn-ram","button_text_2":"","button_link_2":"","btn_type_2":"btn-dark","button_text_3":"","button_link_3":"","btn_type_3":"btn-ram","section_bg_color":"#ffffff"}},"1648581111639f05ed":{"type":"featured-blogs","disabled":true,"settings":{"heading":"ADVICE & <span>RAM<\/span>SPIRATION","text_desktop_alignment":"md:text-center","heading_font_size_desktop":"sm:text-xl","heading_font_size_mobile":"text-xl","mobile_vertical_padding":"py-0","mobile_horizontal_padding":"px-0","desktop_vertical_padding":"md:py-0","desktop_horizontal_padding":"md:px-0","heading_font_size_desktop_post":"sm:text-lg","article_1":"","article_2":"","article_3":"","full_width":true}},"1652905403c8371fdb":{"type":"brand-product","settings":{"text_alignment":"md:text-left","text_alignment_mobile":"text-left","heading":"Phone Mounts","has_underline":true,"desktop_heading_font_size":"md:text-xl","heading_font_size":"text-xl","copy":"<p>Fitting phones of all sizes, the RAM® X-Grip® keeps your device functional while in the cradle. Thanks to the RAM® ball and socket system, this phone mount allows for near-infinite adjustability so you can achieve the perfect viewing angle. With a turn of a knob, quickly relocate your RAM® X-Grip® to a different mounting application.<\/p>","copy_font_size":"text-base","brand_image":"shopify:\/\/shop_images\/xgrip-section2.jpg","button_text_1":"Shop Phone Mounts","button_link_1":"\/collections\/ram-x-grip-phone-mounts","btn_type_1":"btn-ram","button_text_2":"","button_link_2":"","btn_type_2":"btn-dark","button_text_3":"","button_link_3":"","btn_type_3":"btn-ram","section_bg_color":"#ffffff"}},"1652906804781625f9":{"type":"brand-product","settings":{"text_alignment":"md:text-left","text_alignment_mobile":"text-left","heading":"Tablet Mounts","has_underline":true,"desktop_heading_font_size":"md:text-xl","heading_font_size":"text-xl","copy":"<p>The RAM® X-Grip® for tablets adds four more rubber-coated grips to the design, keeping devices from 7” to 12” in size secure and accessible. The RAM® ball and socket system allows for near-infinite adjustability and also dampens shock and vibration, helping to reduce vibration in the most extreme environments.<\/p>","copy_font_size":"text-base","brand_image":"shopify:\/\/shop_images\/xgrip-section3.jpg","button_text_1":"Shop Tablet Mounts","button_link_1":"\/collections\/ram-x-grip-tablet-mounts","btn_type_1":"btn-ram","button_text_2":"","button_link_2":"","btn_type_2":"btn-dark","button_text_3":"","button_link_3":"","btn_type_3":"btn-ram","section_bg_color":"#ffffff"}},"1652912974152baab4":{"type":"brand-product","settings":{"text_alignment":"md:text-left","text_alignment_mobile":"text-left","heading":"Accessories","has_underline":true,"desktop_heading_font_size":"md:text-xl","heading_font_size":"text-xl","copy":"<p>For outdoor applications where excessive wind and G-force could cause movement of your device, the RAM® X-Grip® tether is recommended. Made of high-strength elastomeric material, this safety tether adds security and peace of mind for phones and tablets up to 8”. Replacement rubber-coated grips are also available.<\/p>","copy_font_size":"text-base","brand_image":"shopify:\/\/shop_images\/xgrip-section4.jpg","button_text_1":"Shop Accessories","button_link_1":"\/collections\/ram-x-grip-accessories","btn_type_1":"btn-ram","button_text_2":"","button_link_2":"","btn_type_2":"btn-dark","button_text_3":"","button_link_3":"","btn_type_3":"btn-ram","section_bg_color":"#ffffff"}},"1652915079880891d9":{"type":"copy","settings":{"main":false,"hide_title":false,"text_alignment":"text-left","heading":"","desktop_heading_font_size":"md:text-base","heading_font_size":"text-xl","copy":"<p>*The RAM® X-Grip® for phones and small tablets includes a safety tether for added security and peace of mind.<\/p>","copy_font_size":"text-xs","full_width":false}}},"order":["164633050094510fa7","16486560366c7b7837","1648577237754fb6a9","1648579274ae6e3e3d","1648581111639f05ed","1652905403c8371fdb","1652906804781625f9","1652912974152baab4","1652915079880891d9"]}