{"sections":{"164633050094510fa7":{"type":"hero","settings":{"section_id":"","desktop_image":"shopify:\/\/shop_images\/slidedock.jpg","desktop_image_height":300,"content_desktop_alignment":"md:justify-start","text_desktop_alignment":"md:text-left","desktop_heading":"","desktop_subheading":"","copy":"","heading_tag":"h1","heading_font_size_desktop":"sm:text-5xl","heading_font_size_mobile":"text-3xl","desktop_button_text":"Click Here","desktop_button_link":"","desktop_button_text2":"","desktop_button_link2":"","desktop_text_color":"#ffffff","desktop_subheading_color":"#ffffff","button_bg":"#ffffff","button_hover_bg":"#000000","button_text":"#000000","button_hover_text":"#ffffff","button2_bg":"#ffffff","button2_border_bg":"#ffffff","button2_hover_bg":"#000000","button2_text":"#000000","button2_hover_text":"#ffffff","mobile_image":"shopify:\/\/shop_images\/slidedock_5055e010-e476-4bfe-8a80-c35dd76c8759.jpg","mobile_image_height":425,"text_mobile_alignment":"text-left","text_mobile_vertical_alignment":"justify-center","mobile_text_color":"#ffffff","mobile_button_color":"btn"}},"1655502920ceb1a078":{"type":"ram-title-with-button","settings":{"text_alignment":"md:text-left","text_alignment_mobile":"text-left","heading":"GDS® Slide Dock™","desktop_heading_font_size":"md:text-3xl","heading_font_size":"text-2xl","copy":"<p>The GDS® Slide Dock™ is a scalable solution for charging multiple devices at the same time. Designed to solve charging issues in a variety of applications, the GDS® Slide Dock™ can be integrated into any flat surface, charging carts, and more.<\/p>","copy_font_size":"text-base","btn_label":"Shop All GDS® Slide Dock™","btn_url":"\/collections\/gds-technology-gds-slide-dock","btn_type":"btn-ram","section_bg_color":"#f4f4f6"}},"16486560366c7b7837":{"type":"brand-product","disabled":true,"settings":{"text_alignment":"md:text-left","text_alignment_mobile":"text-center","heading":"RAM® Stubby™","has_underline":false,"desktop_heading_font_size":"md:text-4xl","heading_font_size":"text-2xl","copy":"<p>With a durable composite shell and flexible support fins, the RAM® Stubby™ is a portable and versatile mounting solution for your vehicle’s cup holders. The B Size RAM® rubber ball allows for maximum adjustability so you can achieve the perfect viewing angle of your phone or tablet.<\/p>","copy_font_size":"text-base","button_text_1":"Shop All RAM® Stubby™","button_link_1":"https:\/\/www.rammount.com\/images\/consumer\/product-lines\/lil-buddy\/sections\/lilbuddy-section1.jpg","btn_type_1":"btn-ram","button_text_2":"","button_link_2":"","btn_type_2":"btn-dark","button_text_3":"","button_link_3":"","btn_type_3":"btn-ram","section_bg_color":"#f4f4f6"}},"1648577237754fb6a9":{"type":"brand-product","settings":{"text_alignment":"md:text-left","text_alignment_mobile":"text-left","heading":"Features","has_underline":true,"desktop_heading_font_size":"md:text-xl","heading_font_size":"text-xl","copy":"<p>Adjust any GDS® Slide Dock™ to accommodate a variety of devices. Each dock includes an LED indicator light that lets you know whether or not it’s connected to power. The GDS® Slide Dock™ is available as both a drill-down attachment or a steel or ferromagnetic surface.<\/p>","copy_font_size":"text-base","brand_image":"shopify:\/\/shop_images\/slidedock-section1.gif","button_text_1":"","button_link_1":"","btn_type_1":"btn-ram","button_text_2":"","button_link_2":"","btn_type_2":"btn-dark","button_text_3":"","button_link_3":"","btn_type_3":"btn-ram","section_bg_color":"#ffffff"}},"1648579274ae6e3e3d":{"type":"brand-product","settings":{"text_alignment":"text-left","text_alignment_mobile":"text-left","heading":"Drill-Down Attachment","has_underline":true,"desktop_heading_font_size":"md:text-xl","heading_font_size":"text-xl","copy":"<p>This version of the GDS® Slide Dock™ can be permanently mounted to any surface by being bolted or screwed in.<\/p>","copy_font_size":"text-base","brand_image":"shopify:\/\/shop_images\/slidedock-section2.jpg","button_text_1":"Learn More","button_link_1":"shopify:\/\/products\/ram-gds-dock-g7-ngu","btn_type_1":"btn-dark","button_text_2":"","button_link_2":"","btn_type_2":"btn-dark","button_text_3":"","button_link_3":"","btn_type_3":"btn-ram","section_bg_color":"#ffffff"}},"1648581111639f05ed":{"type":"featured-blogs","disabled":true,"settings":{"heading":"ADVICE & <span>RAM<\/span>SPIRATION","text_desktop_alignment":"md:text-center","heading_font_size_desktop":"sm:text-xl","heading_font_size_mobile":"text-xl","mobile_vertical_padding":"py-0","mobile_horizontal_padding":"px-0","desktop_vertical_padding":"md:py-0","desktop_horizontal_padding":"md:px-0","heading_font_size_desktop_post":"sm:text-lg","article_1":"","article_2":"","article_3":"","full_width":true}},"1652905403c8371fdb":{"type":"brand-product","settings":{"text_alignment":"md:text-left","text_alignment_mobile":"text-left","heading":"Magnetic Attachment","has_underline":true,"desktop_heading_font_size":"md:text-xl","heading_font_size":"text-xl","copy":"<p>Featuring a magnetic base, easily mount this version of the GDS® Slide Dock™ to any steel or ferromagnetic surface.<\/p>","copy_font_size":"text-base","brand_image":"shopify:\/\/shop_images\/slidedock-section3.jpg","button_text_1":"Learn More","button_link_1":"shopify:\/\/products\/ram-gds-dock-g7m-ngu","btn_type_1":"btn-dark","button_text_2":"","button_link_2":"","btn_type_2":"btn-dark","button_text_3":"","button_link_3":"","btn_type_3":"btn-ram","section_bg_color":"#ffffff"}},"165550292446bfa97d":{"type":"brand-product","settings":{"text_alignment":"md:text-left","text_alignment_mobile":"text-left","heading":"Modules","has_underline":true,"desktop_heading_font_size":"md:text-xl","heading_font_size":"text-xl","copy":"<p>Connect devices wrapped in an IntelliSkin® sleeve to the GDS® Slide Dock™ Module for pain-free charging. This module includes a USB Type A male output that can plug into an existing USB port on a charging cart or into the GDS® 6-Port USB Charger.<\/p>","copy_font_size":"text-base","brand_image":"shopify:\/\/shop_images\/slidedock-section4.jpg","button_text_1":"Learn More","button_link_1":"shopify:\/\/products\/ram-gds-dock-g7b-ngu","btn_type_1":"btn-dark","button_text_2":"","button_link_2":"","btn_type_2":"btn-dark","button_text_3":"","button_link_3":"","btn_type_3":"btn-ram","section_bg_color":"#ffffff"}}},"order":["164633050094510fa7","1655502920ceb1a078","16486560366c7b7837","1648577237754fb6a9","1648579274ae6e3e3d","1648581111639f05ed","1652905403c8371fdb","165550292446bfa97d"]}