{"sections":{"164633050094510fa7":{"type":"hero","settings":{"section_id":"","desktop_image":"shopify:\/\/shop_images\/laptop.jpg","line_color":"#cd1e27","desktop_image_height":300,"content_desktop_alignment":"md:justify-start","text_desktop_alignment":"md:text-left","desktop_heading":"<p><\/p>","desktop_subheading":"<p><\/p>","copy":"<p><\/p>","heading_tag":"h1","heading_font_size_desktop":"sm:text-5xl","heading_font_size_mobile":"text-3xl","desktop_button_text":"Click Here","desktop_button_link":"","desktop_button_text2":"","desktop_button_link2":"","desktop_text_color":"#ffffff","desktop_subheading_color":"#ffffff","button_bg":"#ffffff","button_hover_bg":"#000000","button_text":"#000000","button_hover_text":"#ffffff","button2_bg":"#ffffff","button2_border_bg":"#ffffff","button2_hover_bg":"#000000","button2_text":"#000000","button2_hover_text":"#ffffff","mobile_image":"shopify:\/\/shop_images\/laptop_6f3d0b8b-d7df-4742-ab1b-6e291a5701ca.jpg","mobile_image_height":425,"text_mobile_alignment":"text-left","text_mobile_vertical_alignment":"justify-center","mobile_text_color":"#ffffff","mobile_button_color":"btn"}},"166129532670ddbb5c":{"type":"ram-title-with-button","settings":{"text_alignment":"md:text-left","text_alignment_mobile":"text-left","heading":"Laptop Mounts","desktop_heading_font_size":"md:text-3xl","heading_font_size":"text-2xl","copy":"<p>Utilize the RAM® No-Drill™ floor mount system for the most heavy duty pole & swing arm stand for your laptop. Simply select your make & model below and shop all available options for car and truck laptop mounts.<\/p>","copy_font_size":"text-base","btn_label":"Shop All","btn_url":"\/collections\/laptop-mounts-full-kits","btn_type":"btn-ram","section_bg_color":"#f4f4f6"}},"16588651430b5f63e8":{"type":"ram-custom-products","blocks":{"1658865142b3f18fc7-0":{"type":"products","settings":{"single_product":"ram-vb-195-sw1"}},"1658865142b3f18fc7-1":{"type":"products","settings":{"single_product":"ram-vb-193-sw1"}},"1658865142b3f18fc7-2":{"type":"products","settings":{"single_product":"ram-vb-178a-sw1"}},"1658865142b3f18fc7-3":{"type":"products","settings":{"single_product":"ram-vb-185-sw1"}}},"block_order":["1658865142b3f18fc7-0","1658865142b3f18fc7-1","1658865142b3f18fc7-2","1658865142b3f18fc7-3"],"settings":{"full_width":false,"mobile_vertical_padding":"py-8","mobile_horizontal_padding":"px-8","desktop_vertical_padding":"md:py-12","desktop_horizontal_padding":"md:px-8","heading":"<p>Top Suggested Products<\/p>","copy":"<p><\/p>","content_vertical_padding":"md:mt-10","heading_font_family":"font-heading","copy_font_family":"font-body","heading_bottom_spacing":16,"copy_bottom_spacing":16,"text_alignment":"text-center","desktop_heading_font_size":"md:text-2xl","desktop_copy_font_size":"md:text-base","mobile_heading_font_size":"text-xl","mobile_copy_font_size":"text-base"}},"1655760169540d09a1":{"type":"brand-product","settings":{"text_alignment":"md:text-left","text_alignment_mobile":"text-left","heading":"RAM® No-Drill™ Vehicle Mounts","has_underline":true,"desktop_heading_font_size":"md:text-xl","heading_font_size":"text-xl","copy":"<p>Available for a wide variety of vehicle makes, models, and years, RAM® No-Drill™ laptop mounts are constructed from high quality steel. Each base attaches using existing seat bolts on the passenger side and is designed to fit your specific vehicle.<\/p>","copy_font_size":"text-base","brand_image":"shopify:\/\/shop_images\/laptopmounts-section1.jpg","button_text_1":"Shop RAM® No-Drill™","button_link_1":"\/collections\/laptop-mounts-full-kits","btn_type_1":"btn-ram","button_text_2":"","button_link_2":"","btn_type_2":"btn-dark","button_text_3":"","button_link_3":"","btn_type_3":"btn-ram","section_bg_color":"#ffffff"}},"1655760276c26a46f1":{"type":"brand-product","settings":{"text_alignment":"md:text-left","text_alignment_mobile":"text-left","heading":"Accessories","has_underline":true,"desktop_heading_font_size":"md:text-xl","heading_font_size":"text-xl","copy":"<p>Customize and enhance your workstation with a variety of laptop mount accessories for the perimeter of the RAM® Tough-Tray™. Available accessories include flat clamping and screen support arms, the RAM® X-Grip® phone holder, and the RAM® Power Caddy™.<\/p>","copy_font_size":"text-base","brand_image":"shopify:\/\/shop_images\/laptopmounts-section2.jpg","button_text_1":"Shop Accessories","button_link_1":"shopify:\/\/collections\/laptop-accessories","btn_type_1":"btn-ram","button_text_2":"","button_link_2":"","btn_type_2":"btn-dark","button_text_3":"","button_link_3":"","btn_type_3":"btn-ram","section_bg_color":"#ffffff"}},"1655760525f9ea1740":{"type":"brand-product","settings":{"text_alignment":"md:text-left","text_alignment_mobile":"text-left","heading":"Universal Mounts","has_underline":true,"desktop_heading_font_size":"md:text-xl","heading_font_size":"text-xl","copy":"<p>The portable RAM® Seat-Mate™ transforms any passenger seat into a temporary workstation. Simply unfold the legs and buckle it in place. For a more permanent solution, drill-down laptop mounts provide a heavy-duty steel mounting base.<\/p>","copy_font_size":"text-base","brand_image":"shopify:\/\/shop_images\/laptopmounts-section3.jpg","button_text_1":"Shop Universal Mounts","button_link_1":"\/collections\/laptop-mounts-full-kits?pf_mlt_vehicle_make_model=Universal&pf_mlt_vehicle_make_model_and_condition=true","btn_type_1":"btn-ram","button_text_2":"","button_link_2":"","btn_type_2":"btn-dark","button_text_3":"","button_link_3":"","btn_type_3":"btn-ram","section_bg_color":"#ffffff"}},"1648581111639f05ed":{"type":"featured-blogs","disabled":true,"settings":{"heading":"ADVICE & <span>RAM<\/span>SPIRATION","text_desktop_alignment":"md:text-center","heading_font_size_desktop":"sm:text-xl","heading_font_size_mobile":"text-xl","mobile_vertical_padding":"py-0","mobile_horizontal_padding":"px-0","desktop_vertical_padding":"md:py-0","desktop_horizontal_padding":"md:px-0","heading_font_size_desktop_post":"sm:text-lg","article_1":"","article_2":"","article_3":"","full_width":true}}},"order":["164633050094510fa7","166129532670ddbb5c","16588651430b5f63e8","1655760169540d09a1","1655760276c26a46f1","1655760525f9ea1740","1648581111639f05ed"]}