{"sections":{"164633050094510fa7":{"type":"hero","settings":{"section_id":"","desktop_image":"shopify:\/\/shop_images\/stubby.jpg","desktop_image_height":300,"content_desktop_alignment":"md:justify-start","text_desktop_alignment":"md:text-left","desktop_heading":"","desktop_subheading":"","copy":"","heading_tag":"h1","heading_font_size_desktop":"sm:text-5xl","heading_font_size_mobile":"text-3xl","desktop_button_text":"Click Here","desktop_button_link":"","desktop_button_text2":"","desktop_button_link2":"","desktop_text_color":"#ffffff","desktop_subheading_color":"#ffffff","button_bg":"#ffffff","button_hover_bg":"#000000","button_text":"#000000","button_hover_text":"#ffffff","button2_bg":"#ffffff","button2_border_bg":"#ffffff","button2_hover_bg":"#000000","button2_text":"#000000","button2_hover_text":"#ffffff","mobile_image":"shopify:\/\/shop_images\/stubby_5638ee7b-3a74-47e0-b109-630ad660f3cc.jpg","mobile_image_height":425,"text_mobile_alignment":"text-left","text_mobile_vertical_alignment":"justify-center","mobile_text_color":"#ffffff","mobile_button_color":"btn"}},"16486560366c7b7837":{"type":"brand-product","settings":{"text_alignment":"md:text-left","text_alignment_mobile":"text-center","heading":"RAM® Stubby™","has_underline":false,"desktop_heading_font_size":"md:text-4xl","heading_font_size":"text-2xl","copy":"<p>With a durable composite shell and flexible support fins, the RAM® Stubby™ is a portable and versatile mounting solution for your vehicle’s cup holders. The B Size RAM® rubber ball allows for maximum adjustability so you can achieve the perfect viewing angle of your phone or tablet.<\/p>","copy_font_size":"text-base","brand_image":"shopify:\/\/shop_images\/RAP-B-299-4UIU3.jpg","button_text_1":"Shop All RAM® Stubby™","button_link_1":"\/collections\/ram-stubby-universal","btn_type_1":"btn-ram","button_text_2":"","button_link_2":"","btn_type_2":"btn-dark","button_text_3":"","button_link_3":"","btn_type_3":"btn-ram","section_bg_color":"#f4f4f6"}},"1648577237754fb6a9":{"type":"brand-product","settings":{"text_alignment":"text-left","text_alignment_mobile":"text-left","heading":"Features","has_underline":true,"desktop_heading_font_size":"md:text-xl","heading_font_size":"text-xl","copy":"<p>It may be small and inconspicuous, but the RAM® Stubby™ cup holder base packs in the features. Made of durable high-strength composites, this base is built to last. The flexible support fins can be trimmed to ensure a perfect fit in your cup holder, and by utilizing the RAM® ball and socket system, the RAM® Stubby™ dampens vibration on the roughest roads.<\/p>","copy_font_size":"text-base","brand_image":"shopify:\/\/shop_images\/stubby-section1.gif","button_text_1":"Shop Now","button_link_1":"shopify:\/\/products\/rap-b-299-4u","btn_type_1":"btn-ram","button_text_2":"","button_link_2":"","btn_type_2":"btn-dark","button_text_3":"","button_link_3":"","btn_type_3":"btn-ram","section_bg_color":"#ffffff"}},"1648579274ae6e3e3d":{"type":"brand-product","settings":{"text_alignment":"text-left","text_alignment_mobile":"text-left","heading":"Phone Mounts","has_underline":true,"desktop_heading_font_size":"md:text-xl","heading_font_size":"text-xl","copy":"<p>For anyone looking for an alternative to windshield and dashboard mounts, the RAM® Stubby™ is an excellent mounting solution. Compatible with the popular RAM® X-Grip® phone cradle, secure your phone even if it’s in a case or sleeve.<\/p>","copy_font_size":"text-base","brand_image":"shopify:\/\/shop_images\/stubby-section2.jpg","button_text_1":"Shop Phone Mounts","button_link_1":"\/collections\/ram-stubby-phone-mounts","btn_type_1":"btn-ram","button_text_2":"","button_link_2":"","btn_type_2":"btn-dark","button_text_3":"","button_link_3":"","btn_type_3":"btn-ram","section_bg_color":"#ffffff"}},"1648581111639f05ed":{"type":"featured-blogs","disabled":true,"settings":{"heading":"ADVICE & <span>RAM<\/span>SPIRATION","text_desktop_alignment":"md:text-center","heading_font_size_desktop":"sm:text-xl","heading_font_size_mobile":"text-xl","mobile_vertical_padding":"py-0","mobile_horizontal_padding":"px-0","desktop_vertical_padding":"md:py-0","desktop_horizontal_padding":"md:px-0","heading_font_size_desktop_post":"sm:text-lg","article_1":"","article_2":"","article_3":"","full_width":true}},"1652905403c8371fdb":{"type":"brand-product","settings":{"text_alignment":"md:text-left","text_alignment_mobile":"text-left","heading":"Tablet Mounts","has_underline":true,"desktop_heading_font_size":"md:text-xl","heading_font_size":"text-xl","copy":"<p>Pairing the RAM® X-Grip® for tablets with the RAM® Stubby™ is an excellent mounting solution for 7\"-8\" tablets. Featuring the RAM® double ball and socket system, easily adjust the angle of your device and dampen vibration from the road to help extend the life of your tablet.<\/p>","copy_font_size":"text-base","brand_image":"shopify:\/\/shop_images\/stubby-section3.jpg","button_text_1":"Shop Now","button_link_1":"shopify:\/\/products\/rap-b-299-4-un8u","btn_type_1":"btn-ram","button_text_2":"","button_link_2":"","btn_type_2":"btn-dark","button_text_3":"","button_link_3":"","btn_type_3":"btn-ram","section_bg_color":"#ffffff"}}},"order":["164633050094510fa7","16486560366c7b7837","1648577237754fb6a9","1648579274ae6e3e3d","1648581111639f05ed","1652905403c8371fdb"]}