{"sections":{"164633050094510fa7":{"type":"hero","settings":{"section_id":"","desktop_image":"shopify:\/\/shop_images\/helicopter_1cf759fa-c635-4b54-aa33-4fe5e4a457ee.jpg","line_color":"#cd1e27","desktop_image_height":300,"content_desktop_alignment":"md:justify-start","text_desktop_alignment":"md:text-left","desktop_heading":"","desktop_subheading":"","copy":"","heading_tag":"h1","heading_font_size_desktop":"sm:text-5xl","heading_font_size_mobile":"text-3xl","desktop_button_text":"Click Here","desktop_button_link":"","desktop_button_text2":"","desktop_button_link2":"","desktop_text_color":"#ffffff","desktop_subheading_color":"#ffffff","button_bg":"#ffffff","button_hover_bg":"#000000","button_text":"#000000","button_hover_text":"#ffffff","button2_bg":"#ffffff","button2_border_bg":"#ffffff","button2_hover_bg":"#000000","button2_text":"#000000","button2_hover_text":"#ffffff","mobile_image":"shopify:\/\/shop_images\/helicopter_fc030b51-a65a-4b22-ba15-3ea7fddbd91f.jpg","mobile_image_height":425,"text_mobile_alignment":"text-left","text_mobile_vertical_alignment":"justify-center","mobile_text_color":"#ffffff","mobile_button_color":"btn"}},"1655416488804526bd":{"type":"ram-title-with-button","settings":{"text_alignment":"md:text-left","text_alignment_mobile":"text-left","heading":"Helicopter","desktop_heading_font_size":"md:text-3xl","heading_font_size":"text-2xl","copy":"<p>Count on RAM® Mounts to secure all of your devices in the helicopter cockpit. Engineered to provide maximum adjustability and vibration damping, ensure the safe operation of devices including phones, tablets, cameras, visors, notepads, GPS units, and much more. Choose from clamp, rail, suction cup, and drill-down bases. Explore the full line of RAM® helicopter mounts below.<\/p>","copy_font_size":"text-base","btn_label":"View Catalog","btn_url":"https:\/\/issuu.com\/rammount\/docs\/aviation_catalog?fr=sMTkwYzQ1ODMwMTA","btn_type":"btn-ram","section_bg_color":"#f4f4f6"}},"165541670761b7f135":{"type":"partner-logos","disabled":true,"blocks":{"165541670775cccaae-1":{"type":"image_icon","settings":{"image":"shopify:\/\/shop_images\/platform-science.png","text":"","url":"","desktop_text_font_size":"md:text-lg","mobile_text_font_size":"text-lg"}},"165541670775cccaae-0":{"type":"image_icon","settings":{"image":"shopify:\/\/shop_images\/omnitracs.png","text":"","url":"","desktop_text_font_size":"md:text-lg","mobile_text_font_size":"text-lg"}},"165541670775cccaae-2":{"type":"image_icon","settings":{"image":"shopify:\/\/shop_images\/peoplenet_1f191611-006c-4349-8fad-a723a0c49357.png","text":"","url":"","desktop_text_font_size":"md:text-lg","mobile_text_font_size":"text-lg"}},"961b8dce-fb5d-46e5-8ba9-46de6feb6a4d":{"type":"image_icon","settings":{"image":"shopify:\/\/shop_images\/samsung_d37c3cb0-c61c-4e8c-8d56-0863a30ce01e.png","text":"","url":"","desktop_text_font_size":"md:text-lg","mobile_text_font_size":"text-lg"}}},"block_order":["165541670775cccaae-1","165541670775cccaae-0","165541670775cccaae-2","961b8dce-fb5d-46e5-8ba9-46de6feb6a4d"],"settings":{"section_bg_color":"#000000","section_class":"","full_width":true,"red_line":false,"enable_slider":false,"slider_speed":2,"slider_slides":3,"desktop_per_row":"w-1\/4","mobile_per_row":"w-full","justify_items":"justify-center","icon_height":100,"icon_size":225,"icon_space":0,"icon_font_size":"text-xl","icon_font_family":"font-heading","icon_text_space":4,"mobile_vertical_padding":"py-4","mobile_horizontal_padding":"px-8","desktop_vertical_padding":"md:py-4","desktop_horizontal_padding":"md:px-8","heading":"","copy":"","heading_font_family":"font-heading","copy_font_family":"font-body","heading_bottom_spacing":16,"copy_bottom_spacing":16,"text_alignment":"text-center","desktop_heading_font_size":"md:text-xl","desktop_copy_font_size":"md:text-xl","mobile_heading_font_size":"text-xl","mobile_copy_font_size":"text-base"}},"165540489801ed57c6":{"type":"sales-form","disabled":true,"blocks":{"165540489804b345a0-0":{"type":"html","settings":{"red_line":true,"heading":"<p>Contact Sales<\/p>","heading_font_family":"font-heading","heading_bottom_spacing":0,"text_alignment":"text-center","desktop_heading_font_size":"md:text-2xl","mobile_heading_font_size":"text-xl","html_block":"<div style=\"margin:0 auto;\" class=\"pxFormGenerator\" id=\"NRCcEj1xmk2g_uGXmjI2EQ\"><\/div>"}}},"block_order":["165540489804b345a0-0"],"settings":{"section_id":"contact","section_class":"","back_color":"","content_width":false,"full_width":false,"column_padding":"px-2","tile_font_family":"font-heading","mobile_vertical_padding":"py-8","mobile_horizontal_padding":"px-8","desktop_vertical_padding":"md:py-12","desktop_horizontal_padding":"md:px-8","heading_tag":"h2","heading":"","copy":"","heading_color":"#131313","heading_font_family":"font-heading","copy_font_family":"font-body","heading_bottom_spacing":16,"copy_bottom_spacing":16,"text_alignment":"text-left","desktop_heading_font_size":"md:text-xl","desktop_copy_font_size":"md:text-base","mobile_heading_font_size":"text-xl","mobile_copy_font_size":"text-base"}},"1648581111639f05ed":{"type":"featured-blogs","disabled":true,"settings":{"heading":"ADVICE & <span>RAM<\/span>SPIRATION","text_desktop_alignment":"md:text-center","heading_font_size_desktop":"sm:text-xl","heading_font_size_mobile":"text-xl","mobile_vertical_padding":"py-0","mobile_horizontal_padding":"px-0","desktop_vertical_padding":"md:py-0","desktop_horizontal_padding":"md:px-0","heading_font_size_desktop_post":"sm:text-lg","article_1":"","article_2":"","article_3":"","full_width":true}},"1655767365ce22efab":{"type":"ram-tabs-products","blocks":{"1655767365b03b7c24-0":{"type":"tab","settings":{"title":"Camera Mounts","content":"","btn_label":"Shop All Helicopter","btn_url":"\/collections\/helicopter-camera-mounts","btn_type":"btn-ram","btn_label_2":"RAM® Mount Builder","btn_url_2":"shopify:\/\/pages\/mount-builder","btn_type_2":"btn-dark","product_1":"ram-b-166-gop1u","product_2":"ram-b-166-a-gop1u","product_3":"ram-b-224-1-a-366u","product_4":"rap-b-224-2-a-379-252025u"}},"1655767365b03b7c24-1":{"type":"tab","settings":{"title":"Phone Mounts","content":"","btn_label":"Shop All Helicopter","btn_url":"\/collections\/helicopter-phone-mounts","btn_type":"btn-ram","btn_label_2":"RAM® Mount Builder","btn_url_2":"shopify:\/\/pages\/mount-builder","btn_type_2":"btn-dark","product_1":"ram-b-166-un7u","product_2":"ram-b-166-c-un10u","product_3":"ram-b-166-un15wu","product_4":"ram-b-166-pd3"}},"fd3cc98d-b065-4934-a5cc-b5c7f6c0aca7":{"type":"tab","settings":{"title":"Tablet Mounts","content":"","btn_label":"Shop All Helicopter","btn_url":"\/collections\/helicopter-tablet-mounts","btn_type":"btn-ram","btn_label_2":"RAM® Mount Builder","btn_url_2":"shopify:\/\/pages\/mount-builder","btn_type_2":"btn-dark","product_1":"ram-b-166-un8u","product_2":"ram-b-189-tab8u","product_3":"ram-b-166-ap36u","product_4":"ram-b-189-piv1-un9u"}},"4a843802-4fd4-44a2-a21b-3127892cc139":{"type":"tab","settings":{"title":"Components","content":"","btn_label":"Shop All Corporate Jet","btn_url":"\/collections\/helicopter-components","btn_type":"btn-ram","btn_label_2":"RAM® Mount Builder","btn_url_2":"shopify:\/\/pages\/mount-builder","btn_type_2":"btn-dark","product_1":"ram-b-380u","product_2":"ram-b-259u","product_3":"ram-b-189b-piv1u","product_4":"ram-b-224-1u"}}},"block_order":["1655767365b03b7c24-0","1655767365b03b7c24-1","fd3cc98d-b065-4934-a5cc-b5c7f6c0aca7","4a843802-4fd4-44a2-a21b-3127892cc139"],"settings":{"mobile_vertical_padding":"py-8","mobile_horizontal_padding":"px-8","desktop_vertical_padding":"md:py-12","desktop_horizontal_padding":"md:px-8","heading":"<p>Top Mounting Solutions<\/p>","copy":"","content_vertical_padding":"md:mt-10","heading_font_family":"font-heading","copy_font_family":"font-body","heading_bottom_spacing":16,"copy_bottom_spacing":16,"text_alignment":"text-center","desktop_heading_font_size":"md:text-xl","desktop_copy_font_size":"md:text-base","mobile_heading_font_size":"text-xl","mobile_copy_font_size":"text-base"}},"16557673694fb1ad58":{"type":"brand-product","settings":{"text_alignment":"md:text-left","text_alignment_mobile":"text-left","heading":"Camera Mounts","has_underline":true,"desktop_heading_font_size":"md:text-xl","heading_font_size":"text-xl","copy":"<p>The RAM® double ball and socket design takes camera mounting to a new level. With 360 degree rotation and angling, capture beautiful shots of the scenery or footage of you and your passenger’s flight experience. Both the RAM® universal action camera adapter and ¼”-20 threaded adapters allow you to attach a GoPro, Garmin Virb XE, or almost any other camera.<\/p>","copy_font_size":"text-base","brand_image":"shopify:\/\/shop_images\/helicopter-section1.jpg","button_text_1":"Shop Camera Mounts","button_link_1":"\/collections\/helicopter-camera-mounts","btn_type_1":"btn-ram","button_text_2":"","button_link_2":"","btn_type_2":"btn-dark","button_text_3":"","button_link_3":"","btn_type_3":"btn-ram","section_bg_color":"#ffffff"}},"165576754445ef1c63":{"type":"brand-product","settings":{"text_alignment":"md:text-left","text_alignment_mobile":"text-left","heading":"Phone Mounts","has_underline":true,"desktop_heading_font_size":"md:text-xl","heading_font_size":"text-xl","copy":"<p>Mount your phone in convenient viewing and operating positions in any helicopter cockpit. Interchangeable cradles like the popular RAM® X-Grip® and form-fitting holders for a wide range of phones make it easy to secure your device. Pair any phone holder with the RAM® Twist-Lock™ Suction Cup for a strong hold on the ground and in the air.<\/p>","copy_font_size":"text-base","brand_image":"shopify:\/\/shop_images\/helicopter-section2.jpg","button_text_1":"Shop Phone Mounts","button_link_1":"\/collections\/helicopter-phone-mounts","btn_type_1":"btn-ram","button_text_2":"","button_link_2":"","btn_type_2":"btn-dark","button_text_3":"","button_link_3":"","btn_type_3":"btn-ram","section_bg_color":"#ffffff"}},"1655770860af79c23a":{"type":"brand-product","settings":{"text_alignment":"md:text-left","text_alignment_mobile":"text-left","heading":"Tablet Mounts","has_underline":true,"desktop_heading_font_size":"md:text-xl","heading_font_size":"text-xl","copy":"<p>Tablets have revolutionized the aviation industry – RAM® mounting solutions make it a breeze to mount them in your helicopter cockpit. With the integration of EFBs, mount your tablet exactly where you need it for running FlyQ or ForeFlight. No matter the brand of your tablet, RAM® offers several different tablet holder designs to fit your specific needs including the RAM® EZ-Roller™, RAM® Tab-Tite™, and RAM® X-Grip®.<\/p>","copy_font_size":"text-base","brand_image":"shopify:\/\/shop_images\/helicopter-section3.jpg","button_text_1":"Shop Tablet Mounts","button_link_1":"\/collections\/helicopter-tablet-mounts","btn_type_1":"btn-ram","button_text_2":"","button_link_2":"","btn_type_2":"btn-dark","button_text_3":"","button_link_3":"","btn_type_3":"btn-ram","section_bg_color":"#ffffff"}}},"order":["164633050094510fa7","1655416488804526bd","165541670761b7f135","165540489801ed57c6","1648581111639f05ed","1655767365ce22efab","16557673694fb1ad58","165576754445ef1c63","1655770860af79c23a"]}