{"sections":{"16564388103dad76cc":{"type":"hero","settings":{"section_id":"","desktop_image":"shopify:\/\/shop_images\/paper-transport_f44d0c7e-6bc5-41d2-a455-4657498ad3c5.jpg","desktop_image_height":300,"content_desktop_alignment":"md:justify-start","text_desktop_alignment":"md:text-left","desktop_heading":"","desktop_subheading":"","copy":"","heading_tag":"h1","heading_font_size_desktop":"sm:text-5xl","heading_font_size_mobile":"text-3xl","desktop_button_text":"Click Here","desktop_button_link":"","desktop_button_text2":"","desktop_button_link2":"","desktop_text_color":"#ffffff","desktop_subheading_color":"#ffffff","button_bg":"#ffffff","button_hover_bg":"#000000","button_text":"#000000","button_hover_text":"#ffffff","button2_bg":"#ffffff","button2_border_bg":"#ffffff","button2_hover_bg":"#000000","button2_text":"#000000","button2_hover_text":"#ffffff","mobile_image_height":375,"text_mobile_alignment":"text-left","text_mobile_vertical_alignment":"justify-center","mobile_text_color":"#ffffff","mobile_button_color":"btn"}},"1648581111639f05ed":{"type":"featured-blogs","disabled":true,"settings":{"heading":"ADVICE & <span>RAM<\/span>SPIRATION","text_desktop_alignment":"md:text-center","heading_font_size_desktop":"sm:text-xl","heading_font_size_mobile":"text-xl","mobile_vertical_padding":"py-0","mobile_horizontal_padding":"px-0","desktop_vertical_padding":"md:py-0","desktop_horizontal_padding":"md:px-0","heading_font_size_desktop_post":"sm:text-lg","article_1":"","article_2":"","article_3":"","full_width":true}},"16564392713056c5ba":{"type":"multicolumn-text","blocks":{"165643927164a91113-0":{"type":"multicolumn-text","settings":{"heading":"<p>About Paper Transport<\/p>","copy":"<p>Paper Transport was founded in 1990, pulling the transportation company’s first loads out of Green Bay. Today the company employs more than 700 drivers and provides transportation solutions throughout Wisconsin, Minnesota, Illinois, Indiana, Kentucky, Ohio, Florida, Georgia, South Carolina, Oklahoma, and Texas.<\/p>","text_color":"#000000","button_text_color":"#000000","button_text_color_hover":"#ffffff","mobile_heading_font_size":"text-xl","desktop_heading_font_size":"md:text-xl","mobile_content_font_size":"text-base","desktop_content_font_size":"md:text-base","copy_bottom_spacing":16,"desktop_col_span":"md:w-1\/2","column_text_alignment":"text-left"}},"de25ebff-2f99-48c0-ad53-89bb4a851ceb":{"type":"multicolumn-text","settings":{"heading":"<p>Business Situation<\/p>","copy":"<p>With the ELD mandate on the horizon, Paper Transport needed a solution to protect, dock, and charge the Samsung Galaxy Tab S 10.5 tablets in their fleet. Paper Transport had used a cheaper mounting product in the past, but thought it wasn’t a true industry solution – instead they were looking for a simple, durable solution that would work over the lifetime of the fleet. In addition, Paper Transport needed the ability to reuse their tablets when updating the fleet in the future.<\/p>","text_color":"#000000","button_text_color":"#000000","button_text_color_hover":"#ffffff","mobile_heading_font_size":"text-xl","desktop_heading_font_size":"md:text-xl","mobile_content_font_size":"text-base","desktop_content_font_size":"md:text-base","copy_bottom_spacing":16,"desktop_col_span":"md:w-1\/2","column_text_alignment":"text-left"}},"8635440c-c09c-4e14-94e1-be9db94136fa":{"type":"multicolumn-text","settings":{"heading":"<p>Our Solution<\/p>","copy":"<p>After considering a handful of companies to work with, Paper Transport chose RAM® Mounts and IntelliSkin® with GDS® Technology™. By utilizing IntelliSkin® sleeves and compatible GDS® vehicle docks, devices can be kept charged while also docked securely. With standardized charging connectors, IntelliSkin® with GDS® Technology™ is a scalable solution with a modular design – interchangeable end caps make upgrading to new devices simple and cost effective.<\/p>","text_color":"#000000","button_text_color":"#000000","button_text_color_hover":"#ffffff","mobile_heading_font_size":"text-xl","desktop_heading_font_size":"md:text-xl","mobile_content_font_size":"text-base","desktop_content_font_size":"md:text-base","copy_bottom_spacing":8,"desktop_col_span":"md:w-1\/2","column_text_alignment":"text-left"}},"4c227b69-f4a6-47eb-918f-3dd1ca41fa9f":{"type":"multicolumn-text","settings":{"heading":"<p>The Benefits<\/p>","copy":"<p>Paper Transport and RAM® Mounts worked closely to move to GDS® Locking Vehicle Docks and made adjustments to ensure any charging issues were solved throughout the fleet. Paper Transport cites the RAM® Mounts account management and support staff with providing a higher level of customer engagement than normally expected from a partner. With IntelliSkin® and GDS® Docks implemented, Paper Transport identified three major benefits of the products: simplicity, reliability, and a future-proof solution.<\/p>","text_color":"#000000","button_text_color":"#000000","button_text_color_hover":"#ffffff","mobile_heading_font_size":"text-xl","desktop_heading_font_size":"md:text-xl","mobile_content_font_size":"text-base","desktop_content_font_size":"md:text-base","copy_bottom_spacing":16,"desktop_col_span":"md:w-1\/2","column_text_alignment":"text-left"}}},"block_order":["165643927164a91113-0","de25ebff-2f99-48c0-ad53-89bb4a851ceb","8635440c-c09c-4e14-94e1-be9db94136fa","4c227b69-f4a6-47eb-918f-3dd1ca41fa9f"],"settings":{"section_class":"","full_width":false,"column_padding":"px-0","tile_font_family":"font-heading","mobile_vertical_padding":"py-8","mobile_horizontal_padding":"px-8","desktop_vertical_padding":"md:py-12","desktop_horizontal_padding":"md:px-8","heading_tag":"h2","heading":"<p>Case Study: Paper Transport<\/p>","copy":"","heading_font_family":"font-heading","copy_font_family":"font-body","heading_bottom_spacing":48,"copy_bottom_spacing":16,"text_alignment":"text-left","desktop_heading_font_size":"md:text-3xl","desktop_copy_font_size":"md:text-base","mobile_heading_font_size":"text-xl","mobile_copy_font_size":"text-base"}},"1659129911671a2d4b":{"type":"multicolumn-text","blocks":{"1659129911ea955ec0-0":{"type":"multicolumn-text","settings":{"heading":"","copy":"<p><strong>De Pere, Wisconsin<\/strong><\/p><p><strong>Transportation Industry<\/strong><\/p><p><strong>Carrier Services<\/strong><\/p><p><strong>900 Employees<\/strong><\/p><p><strong>800 Customers To Date<\/strong><\/p>","text_color":"#000000","button_text_color":"#000000","button_text_color_hover":"#ffffff","mobile_heading_font_size":"text-xl","desktop_heading_font_size":"md:text-xl","mobile_content_font_size":"text-base","desktop_content_font_size":"md:text-base","copy_bottom_spacing":16,"desktop_col_span":"md:w-1\/2","column_text_alignment":"text-left"}},"0fdf5bae-653c-473e-adab-e118c0ad23fb":{"type":"multicolumn-text","settings":{"heading":"","copy":"<p><strong>Top 3 Reasons: Simple, Reliable, Future-Proof<\/strong><\/p><p><strong>RAM® Products Used: 42,200 Units Deployed<\/strong><\/p><p><strong>RAM® Customer for 2+ Years<\/strong><\/p>","text_color":"#000000","button_text_color":"#000000","button_text_color_hover":"#ffffff","mobile_heading_font_size":"text-xl","desktop_heading_font_size":"md:text-xl","mobile_content_font_size":"text-base","desktop_content_font_size":"md:text-base","copy_bottom_spacing":16,"desktop_col_span":"md:w-1\/2","column_text_alignment":"text-left"}}},"block_order":["1659129911ea955ec0-0","0fdf5bae-653c-473e-adab-e118c0ad23fb"],"settings":{"section_class":"","full_width":false,"column_padding":"px-2","tile_font_family":"font-heading","mobile_vertical_padding":"py-8","mobile_horizontal_padding":"px-8","desktop_vertical_padding":"md:py-12","desktop_horizontal_padding":"md:px-8","heading_tag":"h2","heading":"","copy":"","heading_font_family":"font-heading","copy_font_family":"font-body","heading_bottom_spacing":16,"copy_bottom_spacing":16,"text_alignment":"text-center","desktop_heading_font_size":"md:text-xl","desktop_copy_font_size":"md:text-base","mobile_heading_font_size":"text-xl","mobile_copy_font_size":"text-base"}},"1659130143fda52554":{"type":"testimonial-slider","blocks":{"16591301436f7eb3fc-0":{"type":"testimonial","settings":{"rating":5,"review":"\"RAM Mounts definitely has a higher quality than anything else on the marketplace.\"","reviewer":"Peter Covach - Director of Information Technology"}},"16591301436f7eb3fc-1":{"type":"testimonial","disabled":true,"settings":{"rating":5,"review":"Lorem ipsum dolor sit amet, consectetur adipiscing elit. Tortor aliquet risus non, pellentesque tempor, leo, sed sed adipiscing. Sapien elit, feugiat nulla tincidunt","reviewer":"Joe Blow"}},"16591301436f7eb3fc-2":{"type":"testimonial","disabled":true,"settings":{"rating":5,"review":"Lorem ipsum dolor sit amet, consectetur adipiscing elit. Tortor aliquet risus non, pellentesque tempor, leo, sed sed adipiscing. Sapien elit, feugiat nulla tincidunt","reviewer":"Joe Blow"}}},"block_order":["16591301436f7eb3fc-0","16591301436f7eb3fc-1","16591301436f7eb3fc-2"],"settings":{"section_class":"","full_width":false,"heading_position":"top","slider_speed":2,"copy_bg":"#ffffff","copy_text":"#000000","reviews_text":"#000000","review_bg":"#ffffff","star_color":"#e22120","mobile_vertical_padding":"py-8","mobile_horizontal_padding":"px-8","desktop_vertical_padding":"md:py-2","desktop_horizontal_padding":"md:px-8","tile_font_family":"font-heading","tile_font_size":"text-xl","heading_tag":"h2","heading":"<p><strong>Testimonial<\/strong><\/p>","copy":"","heading_font_family":"font-body","copy_font_family":"font-body","heading_bottom_spacing":16,"copy_bottom_spacing":16,"text_alignment":"text-left","desktop_heading_font_size":"md:text-xl","desktop_copy_font_size":"md:text-base","mobile_heading_font_size":"text-xl","mobile_copy_font_size":"text-base"}}},"order":["16564388103dad76cc","1648581111639f05ed","16564392713056c5ba","1659129911671a2d4b","1659130143fda52554"]}