{"sections":{"1649089729405793bb":{"type":"title-section","settings":{"text_alignment":"md:text-left","text_alignment_mobile":"text-left","heading":"RAM® Product Lines","desktop_heading_font_size":"md:text-3xl","heading_font_size":"text-2xl","copy":"<p>RAM® Mounts has a huge selection of mounting components, but some product lines are so well-known that we felt compelled to feature them here. Don’t miss some of our top mounts, including the popular RAM® X-Grip® phone holder, the versatile RAM® Tough-Track™ mounting system, the RAM® Tough-Pole™ for action cameras, and the return of the RAM® Bow-Cam™. Explore the top RAM® product lines below.<\/p>","copy_font_size":"text-sm","mobile_vertical_padding":"py-8","mobile_horizontal_padding":"px-8","desktop_vertical_padding":"md:py-12","desktop_horizontal_padding":"md:px-8","title_color":"#000","copy_color":"#131313","section_bg_color":"#f4f4f6"}},"16583285880e095011":{"type":"collections-items","blocks":{"1658328588dd6c62c1-0":{"type":"collection-tile","settings":{"collection":"","image":"shopify:\/\/shop_images\/xgrip_05b54969-3a1d-4f8f-8259-84d4f6b0036c.jpg","heading":"<p>RAM® X-Grip®<\/p>","url":"\/pages\/x-grip","text_alignment":"text-center"}},"1658328588dd6c62c1-1":{"type":"collection-tile","settings":{"collection":"","image":"shopify:\/\/shop_images\/RAM-VB-195-SW1_3f7b3ce5-d34f-4063-b1a4-3a5b79c29998.jpg","heading":"<p>RAM® No-Drill™<\/p>","url":"\/search?pf_t_product_line=No-Drill&q=","text_alignment":"text-center"}},"1658328588dd6c62c1-2":{"type":"collection-tile","settings":{"collection":"","image":"shopify:\/\/shop_images\/RAM-HOL-PD4U.jpg","heading":"<p>RAM® Quick-Grip™<\/p>","url":"\/search?q=quick-grip","text_alignment":"text-center"}},"1658328588dd6c62c1-3":{"type":"collection-tile","settings":{"collection":"","image":"shopify:\/\/shop_images\/RAM-HOL-TABL20U.jpg","heading":"<p>RAM® Tab-Lock™ & Tab-Tite™<\/p>","url":"\/collections\/ram-tab-tite-and-tab-lock-holders","text_alignment":"text-center"}},"1658328588dd6c62c1-4":{"type":"collection-tile","settings":{"collection":"","image":"shopify:\/\/shop_images\/RAM-HOL-AP20UIU1.jpg","heading":"<p>RAM® EZ-Roll'r™<\/p>","url":"\/search?pf_t_product_line=EZ-Roll%27r&q=","text_alignment":"text-center"}},"1658328588dd6c62c1-5":{"type":"collection-tile","settings":{"collection":"","image":"shopify:\/\/shop_images\/RAP-B-379U-M616_d7942e87-f1a3-47a0-8267-427b4069ec87.jpg","heading":"<p>RAM® Tough-Ball™<\/p>","url":"\/collections\/ram-tough-ball-b-size","text_alignment":"text-center"}},"64efda37-141c-42e6-8f24-e43f0d956854":{"type":"collection-tile","settings":{"collection":"","image":"shopify:\/\/shop_images\/RAP-B-400U_b62f9be7-ca73-4c99-8d8b-2630be1a9c3c.jpg","heading":"<p>RAM® Tough-Claw™<\/p>","url":"\/pages\/tough-claw","text_alignment":"text-center"}},"fd3bf9db-a820-43e4-bf5f-e21ca9d61e78":{"type":"collection-tile","settings":{"collection":"","image":"shopify:\/\/shop_images\/RAM-TRACK-EXA-5U.jpg","heading":"<p>RAM® Tough-Track™<\/p>","url":"\/pages\/tough-track","text_alignment":"text-center"}}},"block_order":["1658328588dd6c62c1-0","1658328588dd6c62c1-1","1658328588dd6c62c1-2","1658328588dd6c62c1-3","1658328588dd6c62c1-4","1658328588dd6c62c1-5","64efda37-141c-42e6-8f24-e43f0d956854","fd3bf9db-a820-43e4-bf5f-e21ca9d61e78"],"settings":{"section_class":"","full_width":false,"grid_gap":"gap-4","grid_columns":"grid-cols-2","grid_columns_dt":"md:grid-cols-4","mobile_vertical_padding":"py-4","mobile_horizontal_padding":"px-4","desktop_vertical_padding":"md:py-8","desktop_horizontal_padding":"md:px-0","heading_tag":"h2","heading":"<p><strong>Top Product Lines<\/strong><\/p>","copy":"","heading_font_family":"font-heading","copy_font_family":"font-body","heading_bottom_spacing":16,"copy_bottom_spacing":16,"text_alignment":"text-left","desktop_heading_font_size":"md:text-2xl","desktop_copy_font_size":"md:text-base","mobile_heading_font_size":"text-xl","mobile_copy_font_size":"text-base"}},"1658333542fcf96c5c":{"type":"collections-items","blocks":{"1658333542d989dc17-0":{"type":"collection-tile","settings":{"collection":"","image":"shopify:\/\/shop_images\/RAM-GDS-SKIN-SAM84_2f102861-8e50-4a55-aa2a-693f3fb2f6dd.jpg","heading":"<p>IntelliSkin®<\/p>","url":"\/collections\/gds-technology-intelliskin","text_alignment":"text-center"}},"1658333542d989dc17-1":{"type":"collection-tile","settings":{"collection":"","image":"shopify:\/\/shop_images\/RAM-GDS-SKIN-AP37-NG_23c25f2f-107a-44b0-81ca-2e0461bd5de3.jpg","heading":"<p>IntelliSkin® Next Gen<\/p>","url":"\/collections\/gds-technology-intelliskin","text_alignment":"text-center"}},"1658333542d989dc17-2":{"type":"collection-tile","settings":{"collection":"","image":"shopify:\/\/shop_images\/RAM-GDS-DOCKLF-SAM62CD2U.jpg","heading":"<p>GDS® Tough-Dock™<\/p>","url":"\/pages\/gds-tough-dock","text_alignment":"text-center"}},"1658333542d989dc17-3":{"type":"collection-tile","settings":{"collection":"","image":"shopify:\/\/shop_images\/RAM-GDS-SS1U_07ee1d9b-b7de-4877-a2a9-3aa1142ca98e.jpg","heading":"<p>GDS® Ergo™<\/p>","url":"\/collections\/gds-technology-gds-ergo","text_alignment":"text-center"}},"1658333542d989dc17-4":{"type":"collection-tile","settings":{"collection":"","image":"shopify:\/\/shop_images\/RAM-GDS-HS1U_51ca976f-e852-4123-accc-17de27009fc6.jpg","heading":"<p>GDS® Hand-Stand™<\/p>","url":"\/search?pf_t_product_line=Hand-Stand&q=","text_alignment":"text-center"}},"1658333542d989dc17-5":{"type":"collection-tile","settings":{"collection":"","image":"shopify:\/\/shop_images\/RAM-GDS-CHARGE-V3FCA2-1U_38c6de44-c3e2-4202-90d7-0bd11555f5c1.jpg","heading":"<p>GDS® Charge™<\/p>","url":"\/search?pf_t_product_line=GDS+Charge&q=","text_alignment":"text-center"}},"d60997eb-28f5-45c6-910b-8bee00f2e5cf":{"type":"collection-tile","settings":{"collection":"","image":"shopify:\/\/shop_images\/RAM-KB2-USBIU1_bc258ec4-2f93-44fe-9694-2c0f521c127b.jpg","heading":"<p>GDS® Keyboard™<\/p>","url":"\/pages\/gds-keyboard","text_alignment":"text-center"}},"a075398b-0d5a-4555-81fa-d16628f2d2a3":{"type":"collection-tile","settings":{"collection":"","image":"shopify:\/\/shop_images\/RAM-GDS-MON-13-1_b8208325-79d3-479a-8fd4-f33f0c8b812b.jpg","heading":"<p>GDS® View™<\/p>","url":"\/pages\/gds-view","text_alignment":"text-center"}}},"block_order":["1658333542d989dc17-0","1658333542d989dc17-1","1658333542d989dc17-2","1658333542d989dc17-3","1658333542d989dc17-4","1658333542d989dc17-5","d60997eb-28f5-45c6-910b-8bee00f2e5cf","a075398b-0d5a-4555-81fa-d16628f2d2a3"],"settings":{"section_class":"","full_width":false,"grid_gap":"gap-4","grid_columns":"grid-cols-2","grid_columns_dt":"md:grid-cols-4","mobile_vertical_padding":"py-4","mobile_horizontal_padding":"px-4","desktop_vertical_padding":"md:py-8","desktop_horizontal_padding":"md:px-0","heading_tag":"h2","heading":"<p><strong>Top GDS® Technology™<\/strong><\/p>","copy":"","heading_font_family":"font-heading","copy_font_family":"font-body","heading_bottom_spacing":16,"copy_bottom_spacing":16,"text_alignment":"text-left","desktop_heading_font_size":"md:text-2xl","desktop_copy_font_size":"md:text-base","mobile_heading_font_size":"text-xl","mobile_copy_font_size":"text-base"}},"1658340508f5726d47":{"type":"collections-items","blocks":{"16583405081fc7b797-0":{"type":"collection-tile","settings":{"collection":"","image":"shopify:\/\/shop_images\/RAM-HOL-UN12WB_76276d95-f6fc-40cd-85ad-acff3d752492.jpg","heading":"<p>RAM® Tough-Charge™<\/p>","url":"\/collections\/wireless-charging-mounts-tough-charge","text_alignment":"text-center"}},"16583405081fc7b797-1":{"type":"collection-tile","settings":{"collection":"","image":"shopify:\/\/shop_images\/RAM-234-3IU1_60f0cec1-fc91-4df7-ae59-d6516b682b42.jpg","heading":"<p>RAM® Tough-Tray™<\/p>","url":"\/search?pf_t_product_line=Tough-Tray&q=","text_alignment":"text-center"}},"16583405081fc7b797-2":{"type":"collection-tile","settings":{"collection":"","image":"shopify:\/\/shop_images\/RAM-HOL-UN4UIU1.jpg","heading":"<p>RAM® Finger-Grip™<\/p>","url":"\/search?pf_t_product_line=Finger-Grip&q=","text_alignment":"text-center"}},"16583405081fc7b797-3":{"type":"collection-tile","settings":{"collection":"","image":"shopify:\/\/shop_images\/RAP-B-417BU.jpg","heading":"<p>RAM® Level Cup™ XL<\/p>","url":"\/search?pf_t_device=Drink&q=","text_alignment":"text-center"}},"16583405081fc7b797-4":{"type":"collection-tile","settings":{"collection":"","image":"shopify:\/\/shop_images\/RAM-114-BU.jpg","heading":"<p>RAM ROD®<\/p>","url":"\/search?pf_t_device=Fishing+Rod&q=","text_alignment":"text-center"}},"16583405081fc7b797-5":{"type":"collection-tile","settings":{"collection":"","image":"shopify:\/\/shop_images\/RAM-TC-SAM29CU.jpg","heading":"<p>RAM®  Tough-Case™<\/p>","url":"\/search?pf_t_product_line=Tough-Case&q=","text_alignment":"text-center"}},"11db7503-8a96-463c-bc26-b60eaa139f03":{"type":"collection-tile","settings":{"collection":"","image":"shopify:\/\/shop_images\/RAM-HOL-QD1UIU1.jpg","heading":"<p>RAM® Quick-Draw™<\/p>","url":"\/search?pf_t_product_line=Quick-Draw&q=","text_alignment":"text-center"}},"aadd375f-870f-4b49-a3b0-d598bfcb4fa6":{"type":"collection-tile","settings":{"collection":"","image":"shopify:\/\/shop_images\/RAM-HOL-MP1U_002cd427-2a7d-4b2d-bd02-7f515d2754d7.jpg","heading":"<p>RAM® Multi-Pad™<\/p>","url":"\/search?pf_t_product_line=Multi-Pad&q=","text_alignment":"text-center"}}},"block_order":["16583405081fc7b797-0","16583405081fc7b797-1","16583405081fc7b797-2","16583405081fc7b797-3","16583405081fc7b797-4","16583405081fc7b797-5","11db7503-8a96-463c-bc26-b60eaa139f03","aadd375f-870f-4b49-a3b0-d598bfcb4fa6"],"settings":{"section_class":"","full_width":false,"grid_gap":"gap-4","grid_columns":"grid-cols-2","grid_columns_dt":"md:grid-cols-4","mobile_vertical_padding":"py-4","mobile_horizontal_padding":"px-4","desktop_vertical_padding":"md:py-8","desktop_horizontal_padding":"md:px-0","heading_tag":"h2","heading":"<p><strong>Top Holders<\/strong><\/p>","copy":"","heading_font_family":"font-heading","copy_font_family":"font-body","heading_bottom_spacing":16,"copy_bottom_spacing":16,"text_alignment":"text-left","desktop_heading_font_size":"md:text-2xl","desktop_copy_font_size":"md:text-base","mobile_heading_font_size":"text-xl","mobile_copy_font_size":"text-base"}},"16583414568e7cc8b4":{"type":"collections-items","blocks":{"1658341455cf087094-0":{"type":"collection-tile","settings":{"collection":"","image":"shopify:\/\/shop_images\/twistlock_a63344ab-53bc-4f40-b39f-b0610b5a483c.jpg","heading":"<p>RAM® Twist-Lock™<\/p>","url":"\/search?pf_t_product_line=Twist-Lock&q=","text_alignment":"text-center"}},"1658341455cf087094-1":{"type":"collection-tile","settings":{"collection":"","image":"shopify:\/\/shop_images\/RAP-354U-TRA1_ad1520a1-845a-4ec4-b5f4-579f4b0a899d.jpg","heading":"<p>RAM® Track Ball™<\/p>","url":"\/search?pf_t_product_line=Track+Ball&q=","text_alignment":"text-center"}},"1658341455cf087094-2":{"type":"collection-tile","settings":{"collection":"","image":"shopify:\/\/shop_images\/RAM-238-MAG88U_fb20369d-781c-4473-90d8-2d7926a4b528.jpg","heading":"<p>RAM® Tough-Mag™<\/p>","url":"\/search?pf_t_product_line=Tough-Mag&q=","text_alignment":"text-center"}},"1658341455cf087094-3":{"type":"collection-tile","settings":{"collection":"","image":"shopify:\/\/shop_images\/RAM-351-415-15-2U_3bc24083-68e0-4a00-a3dc-a7dc38013343.jpg","heading":"<p>RAM® Torque™<\/p>","url":"\/search?pf_t_product_line=Torque&q=","text_alignment":"text-center"}},"1658341455cf087094-4":{"type":"collection-tile","settings":{"collection":"","image":"shopify:\/\/shop_images\/RAP-B-299-4U.jpg","heading":"<p>RAM® Stubby™<\/p>","url":"\/pages\/stubby","text_alignment":"text-center"}},"1658341455cf087094-5":{"type":"collection-tile","settings":{"collection":"","image":"shopify:\/\/shop_images\/RAM-B-407-PUMPU_5ced0c66-9c3a-481e-bef7-feb5d51acc18.jpg","heading":"<p>RAM® Tough-Wedge™<\/p>","url":"\/pages\/tough-wedge","text_alignment":"text-center"}},"660541b5-f87c-46a6-b568-0efd6aecb0f0":{"type":"collection-tile","settings":{"collection":"","image":"shopify:\/\/shop_images\/RAM-316-HD-202U.jpg","heading":"<p>RAM® Pod HD™<\/p>","url":"\/pages\/pod-hd","text_alignment":"text-center"}},"41b07372-0a22-4dfa-8591-0b164d5ee7e2":{"type":"collection-tile","settings":{"collection":"","image":"shopify:\/\/shop_images\/universal-adapt-a-post_a10cf50a-3c36-4981-9885-e44a81ab7bb9.jpg","heading":"<p>RAM® Adapt-A-Post™<\/p>","url":"\/search?pf_t_product_line=Adapt-A-Post&q=","text_alignment":"text-center"}}},"block_order":["1658341455cf087094-0","1658341455cf087094-1","1658341455cf087094-2","1658341455cf087094-3","1658341455cf087094-4","1658341455cf087094-5","660541b5-f87c-46a6-b568-0efd6aecb0f0","41b07372-0a22-4dfa-8591-0b164d5ee7e2"],"settings":{"section_class":"","full_width":false,"grid_gap":"gap-4","grid_columns":"grid-cols-2","grid_columns_dt":"md:grid-cols-4","mobile_vertical_padding":"py-4","mobile_horizontal_padding":"px-4","desktop_vertical_padding":"md:py-8","desktop_horizontal_padding":"md:px-0","heading_tag":"h2","heading":"<p><strong>Top Bases<\/strong><\/p>","copy":"","heading_font_family":"font-heading","copy_font_family":"font-body","heading_bottom_spacing":16,"copy_bottom_spacing":16,"text_alignment":"text-left","desktop_heading_font_size":"md:text-2xl","desktop_copy_font_size":"md:text-base","mobile_heading_font_size":"text-xl","mobile_copy_font_size":"text-base"}},"16583429411ed86400":{"type":"collections-items","blocks":{"16583429419b3543df-0":{"type":"collection-tile","settings":{"collection":"","image":"shopify:\/\/shop_images\/pinlock_60628e73-a287-4acd-8b9e-f3bdd64ac969.jpg","heading":"<p>RAM® Pin-Lock™<\/p>","url":"\/search?pf_t_product_line=RAM+Pin-Lock&q=","text_alignment":"text-center"}},"16583429419b3543df-1":{"type":"collection-tile","settings":{"collection":"","image":"shopify:\/\/shop_images\/hitorq_7fa1b7a2-f4fe-4b34-bb6b-e63ac7292ab8.jpg","heading":"<p>RAM® Hi-Torq™<\/p>","url":"\/search?pf_t_product_line=Hi-Torq&q=","text_alignment":"text-center"}},"16583429419b3543df-2":{"type":"collection-tile","settings":{"collection":"","image":"shopify:\/\/shop_images\/rotoview_811bf41f-5529-4e13-b906-76f5d975d77f.jpg","heading":"<p>RAM® Roto-View™<\/p>","url":"\/search?pf_t_product_line=Roto-View&q=","text_alignment":"text-center"}},"16583429419b3543df-3":{"type":"collection-tile","settings":{"collection":"","image":"shopify:\/\/shop_images\/315.jpg","heading":"<p>RAM® Slide-N-Lock™<\/p>","url":"\/products\/rap-315u","text_alignment":"text-center"}},"16583429419b3543df-4":{"type":"collection-tile","settings":{"collection":"","image":"shopify:\/\/shop_images\/RAP-412U.jpg","heading":"<p>RAM® Roller-Ball™<\/p>","url":"\/search?pf_t_product_line=Roller-Ball&q=","text_alignment":"text-center"}},"16583429419b3543df-5":{"type":"collection-tile","settings":{"collection":"","image":"shopify:\/\/shop_images\/RAP-432U.jpg","heading":"<p>RAM® Tough-Cleat™<\/p>","url":"\/products\/rap-432u","text_alignment":"text-center"}},"080d2ee1-410c-423d-b84f-35414e9e6320":{"type":"collection-tile","settings":{"collection":"","image":"shopify:\/\/shop_images\/rem1.jpg","heading":"<p>RAM® Remove-A-Pole™<\/p>","url":"\/search?pf_t_product_line=Remove-A-Pole&q=","text_alignment":"text-center"}},"2ccb74c8-1c1b-4ba8-9eaf-ab03f25d3b3f":{"type":"collection-tile","settings":{"collection":"","image":"shopify:\/\/shop_images\/RAM-234-SNMU_71d454b1-3622-4025-b63c-a97d4c6db299.jpg","heading":"<p>RAM® Secure-N-Motion™<\/p>","url":"\/search?pf_t_product_line=Secure-N-Motion&q=","text_alignment":"text-center"}}},"block_order":["16583429419b3543df-0","16583429419b3543df-1","16583429419b3543df-2","16583429419b3543df-3","16583429419b3543df-4","16583429419b3543df-5","080d2ee1-410c-423d-b84f-35414e9e6320","2ccb74c8-1c1b-4ba8-9eaf-ab03f25d3b3f"],"settings":{"section_class":"","full_width":false,"grid_gap":"gap-4","grid_columns":"grid-cols-2","grid_columns_dt":"md:grid-cols-4","mobile_vertical_padding":"py-4","mobile_horizontal_padding":"px-4","desktop_vertical_padding":"md:py-8","desktop_horizontal_padding":"md:px-0","heading_tag":"h2","heading":"<p><strong>Top Accessories<\/strong><\/p>","copy":"","heading_font_family":"font-heading","copy_font_family":"font-body","heading_bottom_spacing":16,"copy_bottom_spacing":16,"text_alignment":"text-left","desktop_heading_font_size":"md:text-2xl","desktop_copy_font_size":"md:text-base","mobile_heading_font_size":"text-xl","mobile_copy_font_size":"text-base"}},"1649099724aa47e45a":{"type":"link-list","blocks":{"1649099724862723d1-0":{"type":"collection-list","settings":{"heading":"GDS® Tech™","content":"<p><a href=\"\/search?pf_t_product_line=GDS+Audio&q=\" title=\"\/search?pf_t_product_line=GDS+Audio&q=\">GDS® Audio™<\/a><br\/><a href=\"\/search?pf_t_product_line=GDS+Charge&q=\" title=\"\/search?pf_t_product_line=GDS+Charge&q=\">GDS® Charge™<\/a><br\/><a href=\"\/search?pf_t_product_line=Cool-Dock&q=\" title=\"\/search?pf_t_product_line=Cool-Dock&q=\">GDS® Cool-Dock™<\/a><br\/><a href=\"\/search?pf_t_product_line=GDS+Ergo&q=\" title=\"\/search?pf_t_product_line=GDS+Ergo&q=\">GDS® Ergo™<\/a><br\/><a href=\"\/search?pf_t_product_line=Hand-Stand&q=\" title=\"\/search?pf_t_product_line=Hand-Stand&q=\">GDS® Hand-Stand™<\/a><br\/><a href=\"\/search?pf_t_product_line=GDS+Hub&q=\" title=\"\/search?pf_t_product_line=GDS+Hub&q=\">GDS® Hub™<\/a><br\/><a href=\"\/pages\/gds-keyboard\" title=\"\/pages\/gds-keyboard\">GDS® Keyboard™<\/a><br\/><a href=\"\/pages\/gds-slide-dock\" title=\"\/pages\/gds-slide-dock\">GDS® Slide Dock™<\/a><br\/><a href=\"\/search?pf_t_product_line=Snap-Con&q=\" title=\"\/search?pf_t_product_line=Snap-Con&q=\">GDS® Snap-Con™<\/a><br\/><a href=\"\/search?pf_t_product_line=Tough-Dock&q=\" title=\"\/search?pf_t_product_line=Tough-Dock&q=\">GDS® Tough-Dock™<\/a><br\/><a href=\"\/search?pf_t_product_line=GDS+Tough-Hub&q=\" title=\"\/search?pf_t_product_line=GDS+Tough-Hub&q=\">GDS® Tough-Hub™<\/a><br\/><a href=\"\/pages\/gds-view\" title=\"\/pages\/gds-view\">GDS® View™<\/a><br\/><a href=\"\/search?pf_t_product_line=IntelliSkin&q=\" title=\"\/search?pf_t_product_line=IntelliSkin&q=\">IntelliSkin®<\/a><br\/><a href=\"\/search?pf_t_product_line=IntelliSkin+Next+Gen&q=\" title=\"\/search?pf_t_product_line=IntelliSkin+Next+Gen&q=\">IntelliSkin® Next Gen<\/a><br\/><a href=\"\/search?pf_t_product_line=RAM+ROD&q=\" title=\"\/search?pf_t_product_line=RAM+ROD&q=\">RAM ROD®<\/a><br\/><a href=\"\/search?pf_t_product_line=RAM+ROD+HD&q=\" title=\"\/search?pf_t_product_line=RAM+ROD+HD&q=\">RAM ROD® HD<\/a><\/p>"}},"2d22f399-d076-4e4c-ad1e-f57ef86474a5":{"type":"collection-list","settings":{"heading":"A-F","content":"<p><a href=\"\/search?pf_t_product_line=RAM+ROD+JR&q=\" title=\"\/search?pf_t_product_line=RAM+ROD+JR&q=\">RAM ROD® JR<\/a><br\/><a href=\"\/search?pf_t_product_line=RAM+ROD+Light-Speed&q=\" title=\"\/search?pf_t_product_line=RAM+ROD+Light-Speed&q=\">RAM ROD® Light-Speed™<\/a><br\/><a href=\"\/search?pf_t_product_line=RAM-A-CAN+II&q=\" title=\"\/search?pf_t_product_line=RAM-A-CAN+II&q=\">RAM-A-CAN II™<\/a><br\/><a href=\"\/search?pf_t_product_line=Adapt-A-Post&q=\" title=\"\/search?pf_t_product_line=Adapt-A-Post&q=\">RAM® Adapt-A-Post™<\/a><br\/><a href=\"\/products\/rap-356u\" title=\"\/products\/rap-356u\">RAM® Adapt-To-RAM™<\/a><br\/><a href=\"\/search?pf_t_product_line=Aqua+Box+Pro&q=\" title=\"\/search?pf_t_product_line=Aqua+Box+Pro&q=\">RAM® Aqua Box Pro™<\/a><br\/><a href=\"\/search?pf_t_product_line=Aqua+Box&q=\" title=\"\/search?pf_t_product_line=Aqua+Box&q=\">RAM® Aqua Box™<\/a><br\/><a href=\"\/search?pf_t_product_line=Bond-A-Base&q=\" title=\"\/search?pf_t_product_line=Bond-A-Base&q=\">RAM® Bond-A-Base™<\/a><br\/><a href=\"\/pages\/bow-cam\" title=\"\/pages\/bow-cam\">RAM® Bow-Cam™<\/a><br\/><a href=\"\/search?pf_t_product_line=Drop-N-Lock&q=\" title=\"\/search?pf_t_product_line=Drop-N-Lock&q=\">RAM® Drop-N-Lock™<\/a><br\/><a href=\"\/search?pf_t_product_line=EZ-On%2FOff&q=\" title=\"\/search?pf_t_product_line=EZ-On%2FOff&q=\">RAM® EZ-On\/Off™<\/a><br\/><a href=\"\/search?pf_t_product_line=EZ-Roll%27r&q=\" title=\"\/search?pf_t_product_line=EZ-Roll%27r&q=\">RAM® EZ-Roll'r™<\/a><br\/><a href=\"\/search?pf_t_product_line=EZ-Strap&q=\" title=\"\/search?pf_t_product_line=EZ-Strap&q=\">RAM® EZ-Strap™<\/a><br\/><a href=\"\/search?pf_t_product_line=EZY-Mount&q=\" title=\"\/search?pf_t_product_line=EZY-Mount&q=\">RAM® EZY-Mount™<\/a><br\/><a href=\"\/search?pf_t_product_line=Finger-Grip&q=\" title=\"\/search?pf_t_product_line=Finger-Grip&q=\">RAM® Finger-Grip™<\/a><br\/><a href=\"\/search?pf_t_product_line=Flex-Rod&q=\" title=\"\/search?pf_t_product_line=Flex-Rod&q=\">RAM® Flex-Rod™<\/a><\/p>"}},"5d9cdefb-d3e8-4f46-a735-98b55b5bb20f":{"type":"collection-list","settings":{"heading":"H-P","content":"<p><a href=\"\/search?pf_t_product_line=Hand-Track&q=\" title=\"\/search?pf_t_product_line=Hand-Track&q=\">RAM® Hand-Track™<\/a><br\/><a href=\"\/search?pf_t_product_line=Handi-Case&q=\" title=\"\/search?pf_t_product_line=Handi-Case&q=\">RAM® Handi-Case™<\/a><br\/><a href=\"\/search?pf_t_product_line=Hi-Torq&q=\" title=\"\/search?pf_t_product_line=Hi-Torq&q=\">RAM® Hi-Torq™<\/a><br\/><a href=\"\/search?pf_t_product_line=Level+Cup+XL&q=\" title=\"\/search?pf_t_product_line=Level+Cup+XL&q=\">RAM® Level Cup XL™<\/a><br\/><a href=\"\/search?pf_t_product_line=Level+Cup&q=\" title=\"\/search?pf_t_product_line=Level+Cup&q=\">RAM® Level Cup™<\/a><br\/><a href=\"\/pages\/lil-buddy\" title=\"\/pages\/lil-buddy\">RAM® Lil Buddy™<\/a><br\/><a href=\"\/search?pf_t_product_line=Mirror-Mate&q=\" title=\"\/search?pf_t_product_line=Mirror-Mate&q=\">RAM® Mirror-Mate™<\/a><br\/><a href=\"\/search?pf_t_product_line=Multi-Pad&q=\" title=\"\/search?pf_t_product_line=Multi-Pad&q=\">RAM® Multi-Pad™<\/a><br\/><a href=\"\/search?pf_t_product_line=No-Drill&q=\" title=\"\/search?pf_t_product_line=No-Drill&q=\">RAM® No-Drill™<\/a><br\/><a href=\"\/search?pf_t_product_line=RAM+Pin-Lock&q=\" title=\"\/search?pf_t_product_line=RAM+Pin-Lock&q=\">RAM® Pin-Lock™<\/a><br\/><a href=\"\/pages\/pod-hd\" title=\"\/pages\/pod-hd\">RAM® Pod HD™<\/a><br\/><a href=\"\/search?pf_t_product_line=RAM+Pod+III&q=\" title=\"\/search?pf_t_product_line=RAM+Pod+III&q=\">RAM® Pod III™<\/a><br\/><a href=\"\/search?pf_t_product_line=RAM+Pod+I&q=\" title=\"\/search?pf_t_product_line=RAM+Pod+I&q=\">RAM® Pod I™<\/a><br\/><a href=\"\/search?pf_t_product_line=Power+Plate+III&q=\" title=\"\/search?pf_t_product_line=Power+Plate+III&q=\">RAM® Power Plate III™<\/a><br\/><a href=\"\/search?pf_t_product_line=Power+Plate+II&q=\" title=\"\/search?pf_t_product_line=Power+Plate+II&q=\">RAM® Power Plate II™<\/a><br\/><a href=\"\/search?pf_t_product_line=Power-Grip+XL&q=\" title=\"\/search?pf_t_product_line=Power-Grip+XL&q=\">RAM® Power-Grip XL™<\/a><\/p><p><a href=\"\/search?pf_t_product_line=Power-Grip&q=\" title=\"\/search?pf_t_product_line=Power-Grip&q=\">RAM® Power-Grip™<\/a><br\/><a href=\"\/search?pf_t_product_line=Press-N-Lock&q=\" title=\"\/search?pf_t_product_line=Press-N-Lock&q=\">RAM® Press-N-Lock™<\/a><\/p>"}},"b9fa712e-5b86-4963-95e7-d9210e85d13d":{"type":"collection-list","settings":{"heading":"Q-S","content":"<p><a href=\"\/search?pf_t_product_line=Quick-Draw&q=\" title=\"\/search?pf_t_product_line=Quick-Draw&q=\">RAM® Quick-Draw™<\/a><br\/><a href=\"\/search?pf_t_product_line=Quick-Grip+Wireless&q=\" title=\"\/search?pf_t_product_line=Quick-Grip+Wireless&q=\">RAM® Quick-Grip Wireless™<\/a><br\/><a href=\"\/search?pf_t_product_line=Quick-Grip+XL&q=\" title=\"\/search?pf_t_product_line=Quick-Grip+XL&q=\">RAM® Quick-Grip XL™<\/a><br\/><a href=\"\/search?pf_t_product_line=Quick-Grip&q=\" title=\"\/search?pf_t_product_line=Quick-Grip&q=\">RAM® Quick-Grip™<\/a><br\/><a href=\"\/search?pf_t_product_line=Quick-Snap&q=\" title=\"\/search?pf_t_product_line=Quick-Snap&q=\">RAM® Quick-Snap™<\/a><br\/><a href=\"\/search?pf_t_product_line=Remove-A-Pole&q=\" title=\"\/search?pf_t_product_line=Remove-A-Pole&q=\">RAM® Remove-A-Pole™<\/a><br\/><a href=\"\/search?pf_t_product_line=Roller-Ball&q=\" title=\"\/search?pf_t_product_line=Roller-Ball&q=\">RAM® Roller-Ball™<\/a><br\/><a href=\"\/search?pf_t_product_line=Roto-View&q=\" title=\"\/search?pf_t_product_line=Roto-View&q=\">RAM® Roto-View™<\/a><br\/><a href=\"\/search?pf_t_product_line=Safe-T-Charge&q=\" title=\"\/search?pf_t_product_line=Safe-T-Charge&q=\">RAM® Safe-T-Charge™<\/a><br\/><a href=\"\/search?pf_t_product_line=Seat-Mate&q=\" title=\"\/search?pf_t_product_line=Seat-Mate&q=\">RAM® Seat-Mate™<\/a><br\/><a href=\"\/search?pf_t_product_line=Secure-N-Motion&q=\" title=\"\/search?pf_t_product_line=Secure-N-Motion&q=\">RAM® Secure-N-Motion™<\/a><br\/><a href=\"\/search?pf_t_product_line=Shock+Buster&q=\" title=\"\/search?pf_t_product_line=Shock+Buster&q=\">RAM® Shock Buster™<\/a><br\/><a href=\"\/search?pf_t_product_line=RAM+Skin&q=\" title=\"\/search?pf_t_product_line=RAM+Skin&q=\">RAM® Skin™<\/a><br\/><a href=\"\/search?pf_t_product_line=Slide-N-Lock&q=\" title=\"\/search?pf_t_product_line=Slide-N-Lock&q=\">RAM® Slide-N-Lock™<\/a><\/p><p><a href=\"\/pages\/stack-n-stow\" title=\"\/pages\/stack-n-stow\">RAM® Stack-N-Stow™<\/a><br\/><a href=\"\/pages\/stubby\" title=\"\/pages\/stubby\">RAM® Stubby™<\/a><\/p>"}},"47b871d3-4d38-48ba-a18b-5e35d211633b":{"type":"collection-list","settings":{"heading":"T-X","content":"<p><a href=\"\/search?pf_t_product_line=Tab-Lock&q=\" title=\"\/search?pf_t_product_line=Tab-Lock&q=\">RAM® Tab-Lock™<\/a><br\/><a href=\"\/search?pf_t_product_line=Tab-Tite&q=\" title=\"\/search?pf_t_product_line=Tab-Tite&q=\">RAM® Tab-Tite™<\/a><br\/><a href=\"\/search?pf_t_product_line=Tele-Pole&q=\" title=\"\/search?pf_t_product_line=Tele-Pole&q=\">RAM® Tele-Pole™<\/a><br\/><a href=\"\/search?q=tilt-n-turn\" title=\"\/search?q=tilt-n-turn\">RAM® Tilt-N-Turn™<\/a><br\/><a href=\"\/search?pf_t_product_line=Torque&q=\" title=\"\/search?pf_t_product_line=Torque&q=\">RAM® Torque™<\/a><br\/><a href=\"\/search?pf_t_product_line=Tough-Ball&q=\" title=\"\/search?pf_t_product_line=Tough-Ball&q=\">RAM® Tough-Ball™<\/a><br\/><a href=\"\/search?pf_t_product_line=Tough-Box&q=\" title=\"\/search?pf_t_product_line=Tough-Box&q=\">RAM® Tough-Box™<\/a><br\/><a href=\"\/search?pf_t_product_line=Tough-Case&q=\" title=\"\/search?pf_t_product_line=Tough-Case&q=\">RAM® Tough-Case™<\/a><br\/><a href=\"\/search?pf_t_product_line=Tough-Charge&q=\" title=\"\/search?pf_t_product_line=Tough-Charge&q=\">RAM® Tough-Charge™<\/a><br\/><a href=\"\/search?pf_t_product_line=Tough-Clamp&q=\" title=\"\/search?pf_t_product_line=Tough-Clamp&q=\">RAM® Tough-Clamp™<\/a><br\/><a href=\"\/pages\/tough-claw\" title=\"\/pages\/tough-claw\">RAM® Tough-Claw™<\/a><br\/><a href=\"\/search?pf_t_product_line=Tough-Cleat&q=\" title=\"\/search?pf_t_product_line=Tough-Cleat&q=\">RAM® Tough-Cleat™<\/a><br\/><a href=\"\/search?pf_t_product_line=Tough-Clip&q=\" title=\"\/search?pf_t_product_line=Tough-Clip&q=\">RAM® Tough-Clip™<\/a><br\/><a href=\"\/pages\/gds-tough-dock\" title=\"\/pages\/gds-tough-dock\">RAM® Tough-Dock™<\/a><\/p><p><a href=\"\/search?pf_t_product_line=Tough-Mag&q=\" title=\"\/search?pf_t_product_line=Tough-Mag&q=\">RAM® Tough-Mag™<\/a><br\/><a href=\"\/pages\/tough-pole\" title=\"\/pages\/tough-pole\">RAM® Tough-Pole™<\/a><br\/><a href=\"\/search?pf_t_product_line=Tough-Strap&q=\" title=\"\/search?pf_t_product_line=Tough-Strap&q=\">RAM® Tough-Strap™<\/a><br\/><a href=\"\/search?q=Tough-Tap\" title=\"\/search?q=Tough-Tap\">RAM® Tough-Tap™<\/a><br\/><a href=\"\/pages\/tough-track\" title=\"\/pages\/tough-track\">RAM® Tough-Track™<\/a><br\/><a href=\"\/search?pf_t_product_line=Tough-Tray&q=\" title=\"\/search?pf_t_product_line=Tough-Tray&q=\">RAM® Tough-Tray™<\/a><br\/><a href=\"\/search?pf_t_product_line=Tough-Tube&q=\" title=\"\/search?pf_t_product_line=Tough-Tube&q=\">RAM® Tough-Tube™<\/a><br\/><a href=\"\/pages\/tough-wedge\" title=\"\/pages\/tough-wedge\">RAM® Tough-Wedge™<\/a><br\/><a href=\"\/search?pf_t_product_line=Track+Ball&q=\" title=\"\/search?pf_t_product_line=Track+Ball&q=\">RAM® Track Ball™<\/a><br\/><a href=\"\/search?pf_t_product_line=Track-Node&q=\" title=\"\/search?pf_t_product_line=Track-Node&q=\">RAM® Track-Node™<\/a><br\/><a href=\"\/search?pf_t_product_line=RAM+Tube+Jr&q=\" title=\"\/search?pf_t_product_line=RAM+Tube+Jr&q=\">RAM® Tube Jr™<\/a><br\/><a href=\"\/search?pf_t_product_line=RAM+Tube&q=\" title=\"\/search?pf_t_product_line=RAM+Tube&q=\">RAM® Tube™<\/a><br\/><a href=\"\/search?pf_t_product_line=Twist-Lock&q=\" title=\"\/search?pf_t_product_line=Twist-Lock&q=\">RAM® Twist-Lock™<\/a><br\/><a href=\"\/search?pf_t_product_line=Twist-N-Tilt&q=\" title=\"\/search?pf_t_product_line=Twist-N-Tilt&q=\">RAM® Twist-N-Tilt™<\/a><br\/><a href=\"\/search?pf_t_product_line=Hand-Stand&q=\" title=\"\/search?pf_t_product_line=Hand-Stand&q=\">RAM® Universal Hand-Stand™<\/a><br\/><a href=\"\/pages\/x-grip\" title=\"\/pages\/x-grip\">RAM® X-Grip®<\/a><\/p>"}},"e3dce372-a80c-41e3-aba6-d065760fc7bc":{"type":"collection-list","disabled":true,"settings":{"heading":"","content":"<p><a href=\"\/search?pf_t_product_line=Tough-Mag&q=\" title=\"\/search?pf_t_product_line=Tough-Mag&q=\">RAM® Tough-Mag™<\/a><br\/><a href=\"\/pages\/tough-pole\" title=\"\/pages\/tough-pole\">RAM® Tough-Pole™<\/a><br\/><a href=\"\/search?pf_t_product_line=Tough-Strap&q=\" title=\"\/search?pf_t_product_line=Tough-Strap&q=\">RAM® Tough-Strap™<\/a><br\/><a href=\"\/search?q=Tough-Tap\" title=\"\/search?q=Tough-Tap\">RAM® Tough-Tap™<\/a><br\/><a href=\"\/pages\/tough-track\" title=\"\/pages\/tough-track\">RAM® Tough-Track™<\/a><br\/><a href=\"\/search?pf_t_product_line=Tough-Tray&q=\" title=\"\/search?pf_t_product_line=Tough-Tray&q=\">RAM® Tough-Tray™<\/a><br\/><a href=\"\/search?pf_t_product_line=Tough-Tube&q=\" title=\"\/search?pf_t_product_line=Tough-Tube&q=\">RAM® Tough-Tube™<\/a><br\/><a href=\"\/pages\/tough-wedge\" title=\"\/pages\/tough-wedge\">RAM® Tough-Wedge™<\/a><br\/><a href=\"\/search?pf_t_product_line=Track+Ball&q=\" title=\"\/search?pf_t_product_line=Track+Ball&q=\">RAM® Track Ball™<\/a><br\/><a href=\"\/search?pf_t_product_line=Track-Node&q=\" title=\"\/search?pf_t_product_line=Track-Node&q=\">RAM® Track-Node™<\/a><br\/><a href=\"\/search?pf_t_product_line=RAM+Tube+Jr&q=\" title=\"\/search?pf_t_product_line=RAM+Tube+Jr&q=\">RAM® Tube Jr™<\/a><br\/><a href=\"\/search?pf_t_product_line=RAM+Tube&q=\" title=\"\/search?pf_t_product_line=RAM+Tube&q=\">RAM® Tube™<\/a><br\/><a href=\"\/search?pf_t_product_line=Twist-Lock&q=\" title=\"\/search?pf_t_product_line=Twist-Lock&q=\">RAM® Twist-Lock™<\/a><br\/><a href=\"\/search?pf_t_product_line=Twist-N-Tilt&q=\" title=\"\/search?pf_t_product_line=Twist-N-Tilt&q=\">RAM® Twist-N-Tilt™<\/a><br\/><a href=\"\/search?pf_t_product_line=Hand-Stand&q=\" title=\"\/search?pf_t_product_line=Hand-Stand&q=\">RAM® Universal Hand-Stand™<\/a><br\/><a href=\"\/pages\/x-grip\" title=\"\/pages\/x-grip\">RAM® X-Grip®<\/a><\/p>"}}},"block_order":["1649099724862723d1-0","2d22f399-d076-4e4c-ad1e-f57ef86474a5","5d9cdefb-d3e8-4f46-a735-98b55b5bb20f","b9fa712e-5b86-4963-95e7-d9210e85d13d","47b871d3-4d38-48ba-a18b-5e35d211633b","e3dce372-a80c-41e3-aba6-d065760fc7bc"],"settings":{"section_id":"","section_class":"","full_width":false,"grid_gap":"md:gap-4","grid_columns":"grid-cols-1","grid_columns_dt":"lg:grid-cols-6","mobile_vertical_padding":"py-12","mobile_horizontal_padding":"px-4","desktop_vertical_padding":"md:py-8","desktop_horizontal_padding":"md:px-0","heading_tag":"h2","heading":"<p><strong>All Product Lines<\/strong><\/p>","copy":"","heading_font_family":"font-body","copy_font_family":"font-body","heading_bottom_spacing":0,"copy_bottom_spacing":0,"text_alignment":"text-left","desktop_heading_font_size":"md:text-xl","desktop_copy_font_size":"md:text-base","mobile_heading_font_size":"text-xl","mobile_copy_font_size":"text-base"}}},"order":["1649089729405793bb","16583285880e095011","1658333542fcf96c5c","1658340508f5726d47","16583414568e7cc8b4","16583429411ed86400","1649099724aa47e45a"]}