{"sections":{"164633050094510fa7":{"type":"hero","settings":{"section_id":"","desktop_image":"shopify:\/\/shop_images\/mountain-bike_9f172eda-d6fa-43d4-aa58-ef2d1992bc87.jpg","line_color":"#cd1e27","desktop_image_height":300,"content_desktop_alignment":"md:justify-start","text_desktop_alignment":"md:text-left","desktop_heading":"","desktop_subheading":"","copy":"","heading_tag":"h1","heading_font_size_desktop":"sm:text-5xl","heading_font_size_mobile":"text-3xl","desktop_button_text":"Click Here","desktop_button_link":"","desktop_button_text2":"","desktop_button_link2":"","desktop_text_color":"#ffffff","desktop_subheading_color":"#ffffff","button_bg":"#ffffff","button_hover_bg":"#000000","button_text":"#000000","button_hover_text":"#ffffff","button2_bg":"#ffffff","button2_border_bg":"#ffffff","button2_hover_bg":"#000000","button2_text":"#000000","button2_hover_text":"#ffffff","mobile_image":"shopify:\/\/shop_images\/mountain-bike_934df371-9728-4e86-9169-af31f6640a4c.jpg","mobile_image_height":425,"text_mobile_alignment":"text-left","text_mobile_vertical_alignment":"justify-center","mobile_text_color":"#ffffff","mobile_button_color":"btn"}},"1655416488804526bd":{"type":"ram-title-with-button","settings":{"text_alignment":"md:text-left","text_alignment_mobile":"text-left","heading":"Mountain Bike","desktop_heading_font_size":"md:text-3xl","heading_font_size":"text-2xl","copy":"<p>Whether you’re conquering a downhill single track or cross country cycling, nothing is more durable than your mountain bike. So no matter what devices you need to secure, get the same durability and performance you expect with RAM® Mounts. We offer a wide range of solutions for mounting a variety of devices to your off road bike, like action cameras, phones, and more. Explore the full line of RAM® mountain bike mounts below.<\/p>","copy_font_size":"text-base","btn_label":"View Catalog","btn_url":"http:\/\/issuu.com\/rammount\/docs\/cycle_mounts?e=13067616\/47867624","btn_type":"btn-ram","section_bg_color":"#f4f4f6"}},"165541670761b7f135":{"type":"partner-logos","disabled":true,"blocks":{"165541670775cccaae-1":{"type":"image_icon","settings":{"image":"shopify:\/\/shop_images\/platform-science.png","text":"","url":"","desktop_text_font_size":"md:text-lg","mobile_text_font_size":"text-lg"}},"165541670775cccaae-0":{"type":"image_icon","settings":{"image":"shopify:\/\/shop_images\/omnitracs.png","text":"","url":"","desktop_text_font_size":"md:text-lg","mobile_text_font_size":"text-lg"}},"165541670775cccaae-2":{"type":"image_icon","settings":{"image":"shopify:\/\/shop_images\/peoplenet_1f191611-006c-4349-8fad-a723a0c49357.png","text":"","url":"","desktop_text_font_size":"md:text-lg","mobile_text_font_size":"text-lg"}},"961b8dce-fb5d-46e5-8ba9-46de6feb6a4d":{"type":"image_icon","settings":{"image":"shopify:\/\/shop_images\/samsung_d37c3cb0-c61c-4e8c-8d56-0863a30ce01e.png","text":"","url":"","desktop_text_font_size":"md:text-lg","mobile_text_font_size":"text-lg"}}},"block_order":["165541670775cccaae-1","165541670775cccaae-0","165541670775cccaae-2","961b8dce-fb5d-46e5-8ba9-46de6feb6a4d"],"settings":{"section_bg_color":"#000000","section_class":"","full_width":true,"red_line":false,"enable_slider":false,"slider_speed":2,"slider_slides":3,"desktop_per_row":"w-1\/4","mobile_per_row":"w-full","justify_items":"justify-center","icon_height":100,"icon_size":225,"icon_space":0,"icon_font_size":"text-xl","icon_font_family":"font-heading","icon_text_space":4,"mobile_vertical_padding":"py-4","mobile_horizontal_padding":"px-8","desktop_vertical_padding":"md:py-4","desktop_horizontal_padding":"md:px-8","heading":"","copy":"","heading_font_family":"font-heading","copy_font_family":"font-body","heading_bottom_spacing":16,"copy_bottom_spacing":16,"text_alignment":"text-center","desktop_heading_font_size":"md:text-xl","desktop_copy_font_size":"md:text-xl","mobile_heading_font_size":"text-xl","mobile_copy_font_size":"text-base"}},"1655767365ce22efab":{"type":"ram-tabs-products","blocks":{"1655767365b03b7c24-1":{"type":"tab","settings":{"title":"RAM® Tough-Strap™","content":"","btn_label":"Shop All Mountain Bike","btn_url":"\/collections\/mountain-bike-ram-tough-strap","btn_type":"btn-ram","btn_label_2":"RAM® Mount Builder","btn_url_2":"shopify:\/\/pages\/mount-builder","btn_type_2":"btn-dark","product_1":"rap-b-460u","product_2":"rap-b-460-a-gop1u","product_3":"rap-b-460-a-pd4u","product_4":"rap-460-un7u"}},"fd3cc98d-b065-4934-a5cc-b5c7f6c0aca7":{"type":"tab","settings":{"title":"RAM® Tough-Claw™","content":"","btn_label":"Shop All Mountain Bike","btn_url":"","btn_type":"btn-ram","btn_label_2":"RAM® Mount Builder","btn_url_2":"shopify:\/\/pages\/mount-builder","btn_type_2":"btn-dark","product_1":"rap-b-400u","product_2":"rap-b-404u","product_3":"rap-b-400-gop1u","product_4":"ram-hol-un7-400u"}},"a6faa946-e91c-4406-97f8-c68572ad34be":{"type":"tab","settings":{"title":"RAM® EZ-On\/Off™","content":"","btn_label":"Shop All Mountain Bike","btn_url":"","btn_type":"btn-ram","btn_label_2":"RAM® Mount Builder","btn_url_2":"shopify:\/\/pages\/mount-builder","btn_type_2":"btn-dark","product_1":"rap-274-1u","product_2":"rap-274-1-ga36","product_3":"rap-274-1-ga16","product_4":"rap-274-1-un10"}},"35ecd281-6333-4fd4-91e6-b6bbf4985ef3":{"type":"tab","settings":{"title":"RAM® EZ-Strap™","content":"","btn_label":"Shop All Mountain Bike","btn_url":"\/collections\/mountain-bike-ram-ez-strap","btn_type":"btn-ram","btn_label_2":"RAM® Mount Builder","btn_url_2":"shopify:\/\/pages\/mount-builder","btn_type_2":"btn-dark","product_1":"rap-sb-187gu","product_2":"rap-sb-187-un7u","product_3":"rap-sb-187u","product_4":"rap-sb-187-un4"}}},"block_order":["1655767365b03b7c24-1","fd3cc98d-b065-4934-a5cc-b5c7f6c0aca7","a6faa946-e91c-4406-97f8-c68572ad34be","35ecd281-6333-4fd4-91e6-b6bbf4985ef3"],"settings":{"mobile_vertical_padding":"py-8","mobile_horizontal_padding":"px-8","desktop_vertical_padding":"md:py-12","desktop_horizontal_padding":"md:px-8","heading":"<p>Top Mounting Solutions<\/p>","copy":"","content_vertical_padding":"md:mt-10","heading_font_family":"font-heading","copy_font_family":"font-body","heading_bottom_spacing":16,"copy_bottom_spacing":16,"text_alignment":"text-center","desktop_heading_font_size":"md:text-xl","desktop_copy_font_size":"md:text-base","mobile_heading_font_size":"text-xl","mobile_copy_font_size":"text-base"}},"16557673694fb1ad58":{"type":"brand-product","settings":{"text_alignment":"md:text-left","text_alignment_mobile":"text-left","heading":"RAM® Tough-Strap™","has_underline":true,"desktop_heading_font_size":"md:text-xl","heading_font_size":"text-xl","copy":"<p>The RAM® Tough-Strap™ is the new low-profile bike mount, perfect for mountain bikes, e-bikes and even motorcycles. With two different strap sizes, easily install the RAM® Tough-Strap™ with a simple twist of the knob. Available with two different types of kits, the RAM® X-Grip® comes with a RAM® Pin-Lock™ fitting for lowest-profile mounting — while the other version includes a B size RAM® ball adapter for attaching any combination of B size socket arms and device holders.<\/p>","copy_font_size":"text-base","brand_image":"shopify:\/\/shop_images\/mountainbike-section4.jpg","button_text_1":"Shop RAM® Tough-Strap™","button_link_1":"\/collections\/mountain-bike-ram-tough-strap","btn_type_1":"btn-ram","button_text_2":"","button_link_2":"","btn_type_2":"btn-dark","button_text_3":"","button_link_3":"","btn_type_3":"btn-ram","section_bg_color":"#ffffff"}},"165576754445ef1c63":{"type":"brand-product","settings":{"text_alignment":"md:text-left","text_alignment_mobile":"text-left","heading":"RAM® Tough-Claw™","has_underline":true,"desktop_heading_font_size":"md:text-xl","heading_font_size":"text-xl","copy":"<p>The RAM® Tough-Claw™ is the easiest mounting base to install and remove on railings and tubes, covering a wide diameter range. This base comes in B size, C Size and direct low-profile phone kits, for both light and heavy duty riding, as well as three different claw sizes coving .625\" to 2.25\" diameter railings and tubs. With a simple tightening of the knob, these claws are truly tough clamping onto the surface without any tools necessary.<\/p>","copy_font_size":"text-base","brand_image":"shopify:\/\/shop_images\/roadbike-section3.jpg","button_text_1":"Shop RAM® Tough-Claw™","button_link_1":"\/collections\/mountain-bike-ram-tough-claw","btn_type_1":"btn-ram","button_text_2":"","button_link_2":"","btn_type_2":"btn-dark","button_text_3":"","button_link_3":"","btn_type_3":"btn-ram","section_bg_color":"#ffffff"}},"16558184857ded2f91":{"type":"brand-product","settings":{"text_alignment":"md:text-left","text_alignment_mobile":"text-left","heading":"RAM® EZ-On\/Off™","has_underline":true,"desktop_heading_font_size":"md:text-xl","heading_font_size":"text-xl","copy":"<p>The RAM® EZ-On\/Off™ fastens to your handlebars or frame with two zip ties, offering a secure hold with the lowest possible footprint. A spring-loaded adapter fastens directly to your action camera, GPS, or phone and clicks into the base, allowing you to install and remove your device with a pinch of your fingers.<\/p>","copy_font_size":"text-base","brand_image":"shopify:\/\/shop_images\/mountainbike-section1.jpg","button_text_1":"Shop RAM® EZ-On\/Off™","button_link_1":"\/collections\/mountain-bike-ram-ez-on-off","btn_type_1":"btn-ram","button_text_2":"","button_link_2":"","btn_type_2":"btn-dark","button_text_3":"","button_link_3":"","btn_type_3":"btn-ram","section_bg_color":"#ffffff"}},"1655820586eb95ab70":{"type":"brand-product","settings":{"text_alignment":"md:text-left","text_alignment_mobile":"text-left","heading":"RAM® EZ-Strap™","has_underline":true,"desktop_heading_font_size":"md:text-xl","heading_font_size":"text-xl","copy":"<p>Accommodate handlebars from .5” to 2.58” in diameter with the RAM® EZ-Strap™ bicycle mount. The sturdy, rubberized strap can be cut to the perfect length, and the base contains a pocket that can hold both RAM®-to-RAM® and RAM®-to-Garmin double ball arms.<\/p>","copy_font_size":"text-base","brand_image":"shopify:\/\/shop_images\/mountainbike-section2.jpg","button_text_1":"Shop RAM® EZ-Strap™","button_link_1":"\/collections\/mountain-bike-ram-ez-strap","btn_type_1":"btn-ram","button_text_2":"","button_link_2":"","btn_type_2":"btn-dark","button_text_3":"","button_link_3":"","btn_type_3":"btn-ram","section_bg_color":"#ffffff"}},"1648581111639f05ed":{"type":"featured-blogs","disabled":true,"settings":{"heading":"ADVICE & <span>RAM<\/span>SPIRATION","text_desktop_alignment":"md:text-center","heading_font_size_desktop":"sm:text-xl","heading_font_size_mobile":"text-xl","mobile_vertical_padding":"py-0","mobile_horizontal_padding":"px-0","desktop_vertical_padding":"md:py-0","desktop_horizontal_padding":"md:px-0","heading_font_size_desktop_post":"sm:text-lg","article_1":"","article_2":"","article_3":"","full_width":true}}},"order":["164633050094510fa7","1655416488804526bd","165541670761b7f135","1655767365ce22efab","16557673694fb1ad58","165576754445ef1c63","16558184857ded2f91","1655820586eb95ab70","1648581111639f05ed"]}