{"sections":{"165558650311dcca9b":{"type":"title-section-with-button","settings":{"text_alignment":"md:text-left","text_alignment_mobile":"text-left","heading":"Success Stories","desktop_heading_font_size":"md:text-3xl","heading_font_size":"text-xl","copy":"<p>RAM® Mounts is committed to manufacturing inventive solutions that improve lives, and we do this everyday with a customer focus that allows us to provide the best service and solutions possible. We’re proud of our work and partnerships with a wide variety of companies that are highlighted in these success stories. See how RAM® can support your company with custom mounting solutions, engineering expertise, and manufacturing capabilities.<\/p>","copy_font_size":"text-base","btn_label":"","btn_url":"","btn_type":"btn-ram","mobile_vertical_padding":"py-8","mobile_horizontal_padding":"px-8","desktop_vertical_padding":"md:py-12","desktop_horizontal_padding":"md:px-8","title_color":"#000","section_bg_color":"#f4f4f6"}},"1655758627a5725b67":{"type":"ram-images-with-title","blocks":{"c211cb06-c07f-456c-8ca1-55987651f4a9":{"type":"image_icon","settings":{"image":"shopify:\/\/shop_images\/built_robotics_logo-ram-mounts.png","text":"<p>Built Robotics<\/p>","url":"shopify:\/\/pages\/success-story-built-robotics","desktop_text_font_size":"md:text-lg","mobile_text_font_size":"text-lg"}},"165575862790c9fe61-3":{"type":"image_icon","settings":{"image":"shopify:\/\/shop_images\/national-park-service.jpg","text":"<p>National Park Service<\/p>","url":"shopify:\/\/pages\/case-study-national-park-service","desktop_text_font_size":"md:text-lg","mobile_text_font_size":"text-lg"}},"165575862790c9fe61-0":{"type":"image_icon","settings":{"image":"shopify:\/\/shop_images\/paper-transport.jpg","text":"<p>Paper Transport<\/p>","url":"shopify:\/\/pages\/case-study-paper-transport","desktop_text_font_size":"md:text-lg","mobile_text_font_size":"text-lg"}},"165575862790c9fe61-1":{"type":"image_icon","settings":{"image":"shopify:\/\/shop_images\/pedestal-pro.jpg","text":"<p>Pedestal PRO<\/p>","url":"shopify:\/\/pages\/case-study-pedestal-pro","desktop_text_font_size":"md:text-lg","mobile_text_font_size":"text-lg"}},"165575862790c9fe61-2":{"type":"image_icon","settings":{"image":"shopify:\/\/shop_images\/waxie.jpg","text":"<p>WAXIE<\/p>","url":"shopify:\/\/pages\/case-study-waxie","desktop_text_font_size":"md:text-lg","mobile_text_font_size":"text-lg"}}},"block_order":["c211cb06-c07f-456c-8ca1-55987651f4a9","165575862790c9fe61-3","165575862790c9fe61-0","165575862790c9fe61-1","165575862790c9fe61-2"],"settings":{"section_bg_color":"#ffffff","section_class":"","full_width":false,"red_line":true,"enable_slider":false,"slider_speed":2,"slider_slides":4,"desktop_per_row":"w-1\/5","mobile_per_row":"w-1\/2","justify_items":"justify-center","icon_space":"0","icon_height":150,"icon_size":200,"icon_font_size":"text-xl","icon_font_family":"font-heading","icon_text_space":4,"mobile_vertical_padding":"py-8","mobile_horizontal_padding":"px-8","desktop_vertical_padding":"md:py-12","desktop_horizontal_padding":"md:px-8","heading":"<p>RAM® MOUNTS FOR<\/p>","copy":"","heading_font_family":"font-heading","copy_font_family":"font-body","heading_bottom_spacing":0,"copy_bottom_spacing":0,"text_alignment":"text-center","desktop_heading_font_size":"md:text-xl","desktop_copy_font_size":"md:text-9xl","mobile_heading_font_size":"text-xs","mobile_copy_font_size":"text-base"}},"1648581111639f05ed":{"type":"featured-blogs","disabled":true,"settings":{"heading":"ADVICE & <span>RAM<\/span>SPIRATION","text_desktop_alignment":"md:text-center","heading_font_size_desktop":"sm:text-xl","heading_font_size_mobile":"text-xl","mobile_vertical_padding":"py-0","mobile_horizontal_padding":"px-0","desktop_vertical_padding":"md:py-0","desktop_horizontal_padding":"md:px-0","heading_font_size_desktop_post":"sm:text-lg","article_1":"","article_2":"","article_3":"","full_width":true}},"165643761552a45683":{"type":"sales-form","blocks":{"1656437615de40e1c0-0":{"type":"html","settings":{"red_line":true,"heading":"<p>Contact Sales<\/p>","heading_font_family":"font-heading","heading_bottom_spacing":0,"text_alignment":"text-center","desktop_heading_font_size":"md:text-2xl","mobile_heading_font_size":"text-xl","html_block":"<div style=\"margin:0 auto;\" class=\"pxFormGenerator\" id=\"NRCcEj1xmk2g_uGXmjI2EQ\"><\/div>"}}},"block_order":["1656437615de40e1c0-0"],"settings":{"section_id":"","section_class":"","back_color":"","content_width":false,"full_width":false,"column_padding":"px-2","tile_font_family":"font-heading","mobile_vertical_padding":"py-8","mobile_horizontal_padding":"px-8","desktop_vertical_padding":"md:py-12","desktop_horizontal_padding":"md:px-8","heading_tag":"h2","heading":"","copy":"","heading_color":"#131313","heading_font_family":"font-heading","copy_font_family":"font-body","heading_bottom_spacing":16,"copy_bottom_spacing":16,"text_alignment":"text-left","desktop_heading_font_size":"md:text-xl","desktop_copy_font_size":"md:text-base","mobile_heading_font_size":"text-xl","mobile_copy_font_size":"text-base"}}},"order":["165558650311dcca9b","1655758627a5725b67","1648581111639f05ed","165643761552a45683"]}