{"sections":{"164633050094510fa7":{"type":"hero","settings":{"section_id":"","desktop_image":"shopify:\/\/shop_images\/toughwedge.jpg","desktop_image_height":300,"content_desktop_alignment":"md:justify-start","text_desktop_alignment":"md:text-left","desktop_heading":"","desktop_subheading":"","copy":"","heading_tag":"h1","heading_font_size_desktop":"sm:text-5xl","heading_font_size_mobile":"text-3xl","desktop_button_text":"Click Here","desktop_button_link":"","desktop_button_text2":"","desktop_button_link2":"","desktop_text_color":"#ffffff","desktop_subheading_color":"#ffffff","button_bg":"#ffffff","button_hover_bg":"#000000","button_text":"#000000","button_hover_text":"#ffffff","button2_bg":"#ffffff","button2_border_bg":"#ffffff","button2_hover_bg":"#000000","button2_text":"#000000","button2_hover_text":"#ffffff","mobile_image":"shopify:\/\/shop_images\/toughwedge_148a5230-fd5c-4c2d-bd13-ed5a4e5e6550.jpg","mobile_image_height":425,"text_mobile_alignment":"text-left","text_mobile_vertical_alignment":"justify-center","mobile_text_color":"#ffffff","mobile_button_color":"btn"}},"16486560366c7b7837":{"type":"brand-product","settings":{"text_alignment":"md:text-left","text_alignment_mobile":"text-center","heading":"RAM® Tough-Wedge™","has_underline":false,"desktop_heading_font_size":"md:text-4xl","heading_font_size":"text-2xl","copy":"<p>Take advantage of the unused space between your seats and the center console and wedge a mount that doubles as a crumb catcher. With no rigorous installation necessary, the RAM® Tough-Wedge™ is the perfect mount to quickly add to your car, or truck. This vehicle mounting solution includes a diamond adapter containing the industry-standard AMPS hole pattern so you can mount your phone, tablet, or handheld radio.<\/p>","copy_font_size":"text-base","brand_image":"shopify:\/\/shop_images\/RAM-B-407-201-C-PUMPUIU1.jpg","button_text_1":"Shop All RAM® Tough-Wedge™","button_link_1":"\/collections\/ram-tough-wedge-universal-mounts","btn_type_1":"btn-ram","button_text_2":"","button_link_2":"","btn_type_2":"btn-dark","button_text_3":"","button_link_3":"","btn_type_3":"btn-ram","section_bg_color":"#f4f4f6"}},"1648577237754fb6a9":{"type":"brand-product","settings":{"text_alignment":"text-left","text_alignment_mobile":"text-left","heading":"Features","has_underline":true,"desktop_heading_font_size":"md:text-xl","heading_font_size":"text-xl","copy":"<p>The unique design of the RAM® Tough-Wedge™ seat wedge mount allows for quick installation and removal without any modification to your vehicle. For the best fit possible, the optional expansion pouch is available to create an even firmer hold.<\/p>","copy_font_size":"text-base","brand_image":"shopify:\/\/shop_images\/toughwedge-section1.jpg","button_text_1":"","button_link_1":"","btn_type_1":"btn-ram","button_text_2":"","button_link_2":"","btn_type_2":"btn-dark","button_text_3":"","button_link_3":"","btn_type_3":"btn-ram","section_bg_color":"#ffffff"}},"1648579274ae6e3e3d":{"type":"brand-product","settings":{"text_alignment":"text-left","text_alignment_mobile":"text-left","heading":"Phone Mounts","has_underline":true,"desktop_heading_font_size":"md:text-xl","heading_font_size":"text-xl","copy":"<p>Keep your phone in a convenient location and viewing angle with the RAM® Tough-Wedge™. Paired with the popular RAM® X-Grip® phone cradle, this is an excellent low-profile mounting solution. Double ball mounting options and the RAM® Snap-Link™ adapter allow for near-infinite adjustability, allowing you to position your RAM® X-Grip® exactly where you want it.<\/p>","copy_font_size":"text-base","brand_image":"shopify:\/\/shop_images\/toughwedge-section2.jpg","button_text_1":"Shop Phone Mounts","button_link_1":"\/collections\/ram-tough-wedge-phone-mounts","btn_type_1":"btn-ram","button_text_2":"","button_link_2":"","btn_type_2":"btn-dark","button_text_3":"","button_link_3":"","btn_type_3":"btn-ram","section_bg_color":"#ffffff"}},"1648581111639f05ed":{"type":"featured-blogs","disabled":true,"settings":{"heading":"ADVICE & <span>RAM<\/span>SPIRATION","text_desktop_alignment":"md:text-center","heading_font_size_desktop":"sm:text-xl","heading_font_size_mobile":"text-xl","mobile_vertical_padding":"py-0","mobile_horizontal_padding":"px-0","desktop_vertical_padding":"md:py-0","desktop_horizontal_padding":"md:px-0","heading_font_size_desktop_post":"sm:text-lg","article_1":"","article_2":"","article_3":"","full_width":true}},"1652905403c8371fdb":{"type":"brand-product","settings":{"text_alignment":"md:text-left","text_alignment_mobile":"text-left","heading":"Expansion Pouch Accessory","has_underline":true,"desktop_heading_font_size":"md:text-xl","heading_font_size":"text-xl","copy":"<p>This expansion pouch for the RAM® Tough-Wedge™ is an innovative accessory designed to wedge your mount more securely into the gap between the seat and console. This pouch fits into the foam bag of the RAM® Tough-Wedge™ and is inflated to conform to the seat gap, adding the necessary stability to create a rock solid mounting system for your vehicle.<\/p>","copy_font_size":"text-base","brand_image":"shopify:\/\/shop_images\/toughwedge-section3.jpg","button_text_1":"Shop Now","button_link_1":"shopify:\/\/products\/rap-407-pumpu","btn_type_1":"btn-ram","button_text_2":"","button_link_2":"","btn_type_2":"btn-dark","button_text_3":"","button_link_3":"","btn_type_3":"btn-ram","section_bg_color":"#ffffff"}}},"order":["164633050094510fa7","16486560366c7b7837","1648577237754fb6a9","1648579274ae6e3e3d","1648581111639f05ed","1652905403c8371fdb"]}