{"sections":{"1646924600656e7ef4":{"type":"hero","settings":{"section_id":"","desktop_image":"shopify:\/\/shop_images\/about.jpg","desktop_image_height":300,"content_desktop_alignment":"md:justify-start","text_desktop_alignment":"md:text-left","desktop_heading":"","desktop_subheading":"","copy":"","heading_tag":"h1","heading_font_size_desktop":"sm:text-5xl","heading_font_size_mobile":"text-3xl","desktop_button_text":"Click Here","desktop_button_link":"","desktop_button_text2":"","desktop_button_link2":"","desktop_text_color":"#ffffff","desktop_subheading_color":"#ffffff","button_bg":"#ffffff","button_hover_bg":"#000000","button_text":"#000000","button_hover_text":"#ffffff","button2_bg":"#ffffff","button2_border_bg":"#ffffff","button2_hover_bg":"#000000","button2_text":"#000000","button2_hover_text":"#ffffff","mobile_image":"shopify:\/\/shop_images\/default-mobile.jpg","mobile_image_height":375,"text_mobile_alignment":"text-left","text_mobile_vertical_alignment":"justify-center","mobile_text_color":"#ffffff","mobile_button_color":"btn"}},"1646925705b7e47569":{"type":"multicolumn-text","blocks":{"16469257040b86a21a-0":{"type":"multicolumn-text","settings":{"heading":"","copy":"<p><strong>By Phone<\/strong><br\/>Monday–Friday 8:30 AM – 4 PM, Pacific Time (closed holidays)<br\/><br\/><strong>1-800-497-7479<\/strong> (Toll-Free)<br\/><strong>1-206-763-8361<\/strong> (Seattle, WA)<br\/><\/p>","text_color":"#000000","button_text_color":"#000000","button_text_color_hover":"#ffffff","mobile_heading_font_size":"text-xl","desktop_heading_font_size":"md:text-xl","mobile_content_font_size":"text-base","desktop_content_font_size":"md:text-base","copy_bottom_spacing":16,"desktop_col_span":"md:w-1\/2","column_text_alignment":"text-left"}},"d478df89-3996-4ae1-88b0-61f1754ca3c0":{"type":"multicolumn-text","settings":{"heading":"","copy":"<p><strong>By Mail<\/strong><br\/>National Products Inc.<br\/>8410 Dallas Avenue South<br\/>Seattle, WA 98108, USA<br\/><\/p>","text_color":"#000000","button_text_color":"#000000","button_text_color_hover":"#ffffff","mobile_heading_font_size":"text-xl","desktop_heading_font_size":"md:text-xl","mobile_content_font_size":"text-base","desktop_content_font_size":"md:text-base","copy_bottom_spacing":16,"desktop_col_span":"md:w-1\/2","column_text_alignment":"text-left"}}},"block_order":["16469257040b86a21a-0","d478df89-3996-4ae1-88b0-61f1754ca3c0"],"settings":{"section_class":"","full_width":false,"column_padding":"px-0","tile_font_family":"font-heading","mobile_vertical_padding":"py-8","mobile_horizontal_padding":"px-6","desktop_vertical_padding":"md:py-8","desktop_horizontal_padding":"md:px-0","heading_tag":"h1","heading":"<p>RAM® Mounts Support<\/p>","copy":"<p><strong>Need Help?<\/strong><\/p>","heading_font_family":"font-body","copy_font_family":"font-body","heading_bottom_spacing":32,"copy_bottom_spacing":12,"text_alignment":"text-left","desktop_heading_font_size":"md:text-4xl","desktop_copy_font_size":"md:text-xl","mobile_heading_font_size":"text-2xl","mobile_copy_font_size":"text-xl"}},"1636652948d9636352":{"type":"contact","settings":{"mobile_vertical_padding":"py-0","mobile_horizontal_padding":"px-6","desktop_vertical_padding":"md:py-0","desktop_horizontal_padding":"md:px-0","heading_tag":"h2","heading":"<p>E-Mail Support<\/p>","copy":"<p>Please enter your contact information, then select an option and complete the form.<\/p>","heading_font_family":"font-body","copy_font_family":"font-body","heading_bottom_spacing":8,"copy_bottom_spacing":16,"text_alignment":"text-left","desktop_heading_font_size":"md:text-3xl","desktop_copy_font_size":"md:text-lg","mobile_heading_font_size":"text-xl","mobile_copy_font_size":"text-base"}},"16469247625980583d":{"type":"copy","settings":{"main":false,"hide_title":false,"text_alignment":"text-left","heading":"RAM® Mount Suggestions?","desktop_heading_font_size":"md:text-lg","heading_font_size":"text-xl","copy":"<p>Is there something you think RAM® should offer that we currently don’t have in our product offering? Do you have suggestions for new products that you feel we should develop? We want to hear your ideas. Please email any suggestions, comments or input to us by clicking the link directly below. Thank you.<\/p><p><\/p><p><a href=\"mailto:suggestions@rammount.com?subject=Email%20Suggestions\" title=\"Email Suggestions\">Email Suggestions<\/a><\/p>","copy_font_size":"text-base","full_width":false}}},"order":["1646924600656e7ef4","1646925705b7e47569","1636652948d9636352","16469247625980583d"]}