{"sections":{"164633050094510fa7":{"type":"hero","settings":{"section_id":"","desktop_image":"shopify:\/\/shop_images\/default_1cafcfc9-0804-4b48-9f8b-064b066f655c.jpg","desktop_image_height":300,"content_desktop_alignment":"md:justify-start","text_desktop_alignment":"md:text-left","desktop_heading":"","desktop_subheading":"","copy":"","heading_tag":"h1","heading_font_size_desktop":"sm:text-5xl","heading_font_size_mobile":"text-3xl","desktop_button_text":"Click Here","desktop_button_link":"","desktop_button_text2":"","desktop_button_link2":"","desktop_text_color":"#ffffff","desktop_subheading_color":"#ffffff","button_bg":"#ffffff","button_hover_bg":"#000000","button_text":"#000000","button_hover_text":"#ffffff","button2_bg":"#ffffff","button2_border_bg":"#ffffff","button2_hover_bg":"#000000","button2_text":"#000000","button2_hover_text":"#ffffff","mobile_image":"shopify:\/\/shop_images\/default-mobile_33a7b9bc-acae-4dec-bafa-774125cc59eb.jpg","mobile_image_height":425,"text_mobile_alignment":"text-left","text_mobile_vertical_alignment":"justify-center","mobile_text_color":"#ffffff","mobile_button_color":"btn"}},"1655416488804526bd":{"type":"ram-title-with-button","settings":{"text_alignment":"md:text-left","text_alignment_mobile":"text-left","heading":"The RAM® Difference","desktop_heading_font_size":"md:text-3xl","heading_font_size":"text-2xl","copy":"<p>Why is RAM® Mounts recognized globally as a world leader of premier mounting solutions? It’s the RAM® difference. Count on us for a premium product design that’s fully customizable, manufactured using the highest quality materials available, and backed by a lifetime warranty.<\/p>","copy_font_size":"text-base","btn_label":"","btn_url":"https:\/\/issuu.com\/rammount\/docs\/agriculture_catalog?e=13067616\/58616511","btn_type":"btn-ram","section_bg_color":"#f4f4f6"}},"16564508522c375140":{"type":"brand-product","settings":{"text_alignment":"md:text-left","text_alignment_mobile":"text-left","heading":"Premium Design","has_underline":true,"desktop_heading_font_size":"md:text-xl","heading_font_size":"text-xl","copy":"<p>The rubber ball and socket design of our mounting systems offers a secure hold, with near-infinite adjustability and vibration damping. With thousands of components trusted by users around the world, we’ve been able to design and develop mounting solutions that consumers and companies previously only dreamed were possible.<\/p>","copy_font_size":"text-base","brand_image":"shopify:\/\/shop_images\/ram-diff-1.png","button_text_1":"","button_link_1":"","btn_type_1":"btn-ram","button_text_2":"","button_link_2":"","btn_type_2":"btn-dark","button_text_3":"","button_link_3":"","btn_type_3":"btn-ram","section_bg_color":"#ffffff"}},"165645100983f977c4":{"type":"brand-product","settings":{"text_alignment":"md:text-left","text_alignment_mobile":"text-left","heading":"Customizable","has_underline":true,"desktop_heading_font_size":"md:text-xl","heading_font_size":"text-xl","copy":"<p>Take your phone mount from your truck to your boat, or mix and match components to create your ideal mount. Because of the modularity of the RAM® system, you can customize your solution to fit your specific needs in almost any application.<\/p>","copy_font_size":"text-base","brand_image":"shopify:\/\/shop_images\/ram-diff-2.png","button_text_1":"","button_link_1":"","btn_type_1":"btn-ram","button_text_2":"","button_link_2":"","btn_type_2":"btn-dark","button_text_3":"","button_link_3":"","btn_type_3":"btn-ram","section_bg_color":"#ffffff"}},"16564510652cef37fa":{"type":"brand-product","settings":{"text_alignment":"md:text-left","text_alignment_mobile":"text-left","heading":"Quality Materials","has_underline":true,"desktop_heading_font_size":"md:text-xl","heading_font_size":"text-xl","copy":"<p>A premium design deserves the highest quality materials available, from rubber and stainless steel to high-strength composites and marine-grade aluminum. Our facilities – including powder coating, die casting, rubber injection molding, and shock and vibration testing – help us deliver on this promise to bring you inventive mounting solutions.<\/p>","copy_font_size":"text-base","brand_image":"shopify:\/\/shop_images\/ram-diff-3.png","button_text_1":"","button_link_1":"","btn_type_1":"btn-ram","button_text_2":"","button_link_2":"","btn_type_2":"btn-dark","button_text_3":"","button_link_3":"","btn_type_3":"btn-ram","section_bg_color":"#ffffff"}},"1656451125156328d1":{"type":"brand-product","settings":{"text_alignment":"md:text-left","text_alignment_mobile":"text-left","heading":"Lifetime Warranty","has_underline":true,"desktop_heading_font_size":"md:text-xl","heading_font_size":"text-xl","copy":"<p>It’s simple. Our reputation as the leader of premier mounting systems means if we build it, then we guarantee it. We’re confident in the quality of our products, and with our warranty, you can be too. Learn more about our lifetime warranty.<\/p>","copy_font_size":"text-base","brand_image":"shopify:\/\/shop_images\/ram-diff-4.png","button_text_1":"","button_link_1":"","btn_type_1":"btn-ram","button_text_2":"","button_link_2":"","btn_type_2":"btn-dark","button_text_3":"","button_link_3":"","btn_type_3":"btn-ram","section_bg_color":"#ffffff"}}},"order":["164633050094510fa7","1655416488804526bd","16564508522c375140","165645100983f977c4","16564510652cef37fa","1656451125156328d1"]}