{"sections":{"164633050094510fa7":{"type":"hero","settings":{"section_id":"","desktop_image":"shopify:\/\/shop_images\/phone-and-tablet_57c925c6-319c-42f6-99bd-6cafc2738ca8.jpg","line_color":"#cd1e27","desktop_image_height":300,"content_desktop_alignment":"md:justify-start","text_desktop_alignment":"md:text-left","desktop_heading":"","desktop_subheading":"","copy":"","heading_tag":"h1","heading_font_size_desktop":"sm:text-5xl","heading_font_size_mobile":"text-3xl","desktop_button_text":"Click Here","desktop_button_link":"","desktop_button_text2":"","desktop_button_link2":"","desktop_text_color":"#ffffff","desktop_subheading_color":"#ffffff","button_bg":"#ffffff","button_hover_bg":"#000000","button_text":"#000000","button_hover_text":"#ffffff","button2_bg":"#ffffff","button2_border_bg":"#ffffff","button2_hover_bg":"#000000","button2_text":"#000000","button2_hover_text":"#ffffff","mobile_image":"shopify:\/\/shop_images\/phone-and-tablet_262ca65d-1f8e-47af-a074-b1dfafcf3216.jpg","mobile_image_height":425,"text_mobile_alignment":"text-left","text_mobile_vertical_alignment":"justify-center","mobile_text_color":"#ffffff","mobile_button_color":"btn"}},"1655416488804526bd":{"type":"ram-title-with-button","settings":{"text_alignment":"md:text-left","text_alignment_mobile":"text-left","heading":"Phone and Tablet Mounts","desktop_heading_font_size":"md:text-3xl","heading_font_size":"text-2xl","copy":"<p>Wherever you need to mount your device in your home, RAM® Mounts has a solution. Form-fitting holders and the popular spring-loaded RAM® X-Grip® cradle are compatible with a wide selection of mounting bases for both phones and tablets. In addition, the spring-loaded RAM® Tab-Tite™ and RAM® Tab-Lock™ are excellent mounting options for tablets, allowing for the quick removal of your device when you need to take it on-the-go. Explore the full line of RAM® phone and tablet mounts for the home below.<\/p>","copy_font_size":"text-base","btn_label":"","btn_url":"","btn_type":"btn-ram","section_bg_color":"#f4f4f6"}},"165541670761b7f135":{"type":"partner-logos","disabled":true,"blocks":{"165541670775cccaae-1":{"type":"image_icon","settings":{"image":"shopify:\/\/shop_images\/platform-science.png","text":"","url":"","desktop_text_font_size":"md:text-lg","mobile_text_font_size":"text-lg"}},"165541670775cccaae-0":{"type":"image_icon","settings":{"image":"shopify:\/\/shop_images\/omnitracs.png","text":"","url":"","desktop_text_font_size":"md:text-lg","mobile_text_font_size":"text-lg"}},"165541670775cccaae-2":{"type":"image_icon","settings":{"image":"shopify:\/\/shop_images\/peoplenet_1f191611-006c-4349-8fad-a723a0c49357.png","text":"","url":"","desktop_text_font_size":"md:text-lg","mobile_text_font_size":"text-lg"}},"961b8dce-fb5d-46e5-8ba9-46de6feb6a4d":{"type":"image_icon","settings":{"image":"shopify:\/\/shop_images\/samsung_d37c3cb0-c61c-4e8c-8d56-0863a30ce01e.png","text":"","url":"","desktop_text_font_size":"md:text-lg","mobile_text_font_size":"text-lg"}}},"block_order":["165541670775cccaae-1","165541670775cccaae-0","165541670775cccaae-2","961b8dce-fb5d-46e5-8ba9-46de6feb6a4d"],"settings":{"section_bg_color":"#000000","section_class":"","full_width":true,"red_line":false,"enable_slider":false,"slider_speed":2,"slider_slides":3,"desktop_per_row":"w-1\/4","mobile_per_row":"w-full","justify_items":"justify-center","icon_height":100,"icon_size":225,"icon_space":0,"icon_font_size":"text-xl","icon_font_family":"font-heading","icon_text_space":4,"mobile_vertical_padding":"py-4","mobile_horizontal_padding":"px-8","desktop_vertical_padding":"md:py-4","desktop_horizontal_padding":"md:px-8","heading":"","copy":"","heading_font_family":"font-heading","copy_font_family":"font-body","heading_bottom_spacing":16,"copy_bottom_spacing":16,"text_alignment":"text-center","desktop_heading_font_size":"md:text-xl","desktop_copy_font_size":"md:text-xl","mobile_heading_font_size":"text-xl","mobile_copy_font_size":"text-base"}},"165540489801ed57c6":{"type":"sales-form","disabled":true,"blocks":{"165540489804b345a0-0":{"type":"html","settings":{"red_line":true,"heading":"<p>Contact Sales<\/p>","heading_font_family":"font-heading","heading_bottom_spacing":0,"text_alignment":"text-center","desktop_heading_font_size":"md:text-2xl","mobile_heading_font_size":"text-xl","html_block":"<div style=\"margin:0 auto;\" class=\"pxFormGenerator\" id=\"NRCcEj1xmk2g_uGXmjI2EQ\"><\/div>"}}},"block_order":["165540489804b345a0-0"],"settings":{"section_id":"contact","section_class":"","back_color":"","content_width":false,"full_width":false,"column_padding":"px-2","tile_font_family":"font-heading","mobile_vertical_padding":"py-8","mobile_horizontal_padding":"px-8","desktop_vertical_padding":"md:py-12","desktop_horizontal_padding":"md:px-8","heading_tag":"h2","heading":"","copy":"","heading_color":"#131313","heading_font_family":"font-heading","copy_font_family":"font-body","heading_bottom_spacing":16,"copy_bottom_spacing":16,"text_alignment":"text-left","desktop_heading_font_size":"md:text-xl","desktop_copy_font_size":"md:text-base","mobile_heading_font_size":"text-xl","mobile_copy_font_size":"text-base"}},"1655753973d6f21029":{"type":"ram-tabs-products","blocks":{"16557539731b1767c4-0":{"type":"tab","settings":{"title":"Phone Mounts","content":"","btn_label":"Shop All Phone and Tablet","btn_url":"\/collections\/phone-and-tablet-phone","btn_type":"btn-ram","btn_label_2":"RAM® Mount Builder","btn_url_2":"shopify:\/\/pages\/mount-builder","btn_type_2":"btn-dark","product_1":"ram-b-166-un7u","product_2":"ram-b-166-c-un10u","product_3":"rap-b-121-un7u","product_4":"rap-b-378-un10u"}},"16557539731b1767c4-1":{"type":"tab","settings":{"title":"Tablet Mounts","content":"","btn_label":"Shop All Phone and Tablet","btn_url":"\/collections\/phone-and-tablet-tablet","btn_type":"btn-ram","btn_label_2":"RAM® Mount Builder","btn_url_2":"shopify:\/\/pages\/mount-builder","btn_type_2":"btn-dark","product_1":"ram-b-166-un8u","product_2":"ram-b-101-c-un11u","product_3":"ram-b-400-c-un9-roto1u","product_4":"ram-b-101-c-un9u"}},"16557539731b1767c4-2":{"type":"tab","settings":{"title":"IntelliSkin®","content":"","btn_label":"Shop All Phone and Tablet","btn_url":"\/collections\/phone-and-tablet-intelliskin","btn_type":"btn-ram","btn_label_2":"RAM® Mount Builder","btn_url_2":"shopify:\/\/pages\/mount-builder","btn_type_2":"btn-dark","product_1":"ram-gds-skin-sam27","product_2":"ram-gds-skin-sam30","product_3":"ram-gds-skin-ap36-ng","product_4":"ram-gds-skin-ap24-a"}},"16557539731b1767c4-3":{"type":"tab","settings":{"title":"GDS® Charging","content":"","btn_label":"Shop All Phone and Tablet","btn_url":"\/collections\/phone-and-tablet-gds-charging","btn_type":"btn-ram","btn_label_2":"RAM® Mount Builder","btn_url_2":"shopify:\/\/pages\/mount-builder","btn_type_2":"btn-dark","product_1":"ram-gds-ad2u","product_2":"ram-gds-dock-d2u","product_3":"ram-gds-cab-usbc-amcmu","product_4":"ram-gds-charge-usb6"}}},"block_order":["16557539731b1767c4-0","16557539731b1767c4-1","16557539731b1767c4-2","16557539731b1767c4-3"],"settings":{"mobile_vertical_padding":"py-8","mobile_horizontal_padding":"px-8","desktop_vertical_padding":"md:py-12","desktop_horizontal_padding":"md:px-8","heading":"<p>Top Suggested Products<\/p>","copy":"","content_vertical_padding":"md:mt-10","heading_font_family":"font-heading","copy_font_family":"font-body","heading_bottom_spacing":16,"copy_bottom_spacing":16,"text_alignment":"text-left","desktop_heading_font_size":"md:text-xl","desktop_copy_font_size":"md:text-base","mobile_heading_font_size":"text-xl","mobile_copy_font_size":"text-base"}},"16557539787551fa8a":{"type":"brand-product","settings":{"text_alignment":"md:text-left","text_alignment_mobile":"text-left","heading":"Phone Mounts","has_underline":true,"desktop_heading_font_size":"md:text-xl","heading_font_size":"text-xl","copy":"<p>No matter where you need your phone mounted at home, depend on RAM®. There’s no shortage of locations you can easily mount your phone thanks to a wide range of inventive mounting bases – including adhesive, drill-down, flat surface, and suction cup bases. Pair with a RAM® arm and phone holder like the popular RAM® X-Grip® to complete your setup anywhere from the kitchen to the patio.<\/p>","copy_font_size":"text-base","brand_image":"shopify:\/\/shop_images\/blogging-section1.jpg","button_text_1":"Shop Phone Mounts","button_link_1":"\/collections\/phone-and-tablet-phone","btn_type_1":"btn-ram","button_text_2":"","button_link_2":"","btn_type_2":"btn-dark","button_text_3":"","button_link_3":"","btn_type_3":"btn-ram","section_bg_color":"#ffffff"}},"16557540750e0e1bd3":{"type":"brand-product","settings":{"text_alignment":"md:text-left","text_alignment_mobile":"text-left","heading":"Tablet Mounts","has_underline":true,"desktop_heading_font_size":"md:text-xl","heading_font_size":"text-xl","copy":"<p>The inventive RAM® double ball and socket system is perfect for mounting your tablet at home. Whether you’re using your tablet in the kitchen or streaming movies in the living room, there’s a RAM® mounting base you can utilize. Along with a compatible tablet holder like the RAM® Tab-Tite™, RAM® Tab-Lock™, or RAM® X-Grip®, easily adjust your device for the perfect viewing angle.<\/p>","copy_font_size":"text-base","brand_image":"shopify:\/\/shop_images\/phoneandtablet-section2.jpg","button_text_1":"Shop Tablet Mounts","button_link_1":"\/collections\/phone-and-tablet-tablet","btn_type_1":"btn-ram","button_text_2":"","button_link_2":"","btn_type_2":"btn-dark","button_text_3":"","button_link_3":"","btn_type_3":"btn-ram","section_bg_color":"#ffffff"}},"1655754182625749a7":{"type":"brand-product","settings":{"text_alignment":"md:text-left","text_alignment_mobile":"text-left","heading":"IntelliSkin®","has_underline":true,"desktop_heading_font_size":"md:text-xl","heading_font_size":"text-xl","copy":"<p>Protect your phone or tablet from drops and rugged use with IntelliSkin® cases. These drop-tested cases simplify the frequent docking and undocking of phones and tablets – GDS® charging pins and an integrated charging port are built directly into the sleeve. IntelliSkin® also provides access to existing data ports, and are compatible with a wide range of GDS® Docks and accessories.<\/p>","copy_font_size":"text-base","brand_image":"shopify:\/\/shop_images\/phoneandtablet-section3.jpg","button_text_1":"Shop IntelliSkin®","button_link_1":"\/collections\/phone-and-tablet-intelliskin","btn_type_1":"btn-ram","button_text_2":"","button_link_2":"","btn_type_2":"btn-dark","button_text_3":"","button_link_3":"","btn_type_3":"btn-ram","section_bg_color":"#ffffff"}},"1655754919c66172fb":{"type":"brand-product","settings":{"text_alignment":"md:text-left","text_alignment_mobile":"text-left","heading":"GDS® Charging","has_underline":true,"desktop_heading_font_size":"md:text-xl","heading_font_size":"text-xl","copy":"<p>With IntelliSkin® and GDS® Technology™, bring intelligent device charging and syncing into your home. Compatible with any device protected by an IntelliSkin® sleeve, GDS® Docks support data syncing and keep your devices charged so your phone or tablet is always at the ready.<\/p>","copy_font_size":"text-base","brand_image":"shopify:\/\/shop_images\/phoneandtablet-section4.jpg","button_text_1":"Shop GDS® Charging","button_link_1":"\/collections\/phone-and-tablet-gds-charging","btn_type_1":"btn-ram","button_text_2":"","button_link_2":"","btn_type_2":"btn-dark","button_text_3":"","button_link_3":"","btn_type_3":"btn-ram","section_bg_color":"#ffffff"}},"1648581111639f05ed":{"type":"featured-blogs","disabled":true,"settings":{"heading":"ADVICE & <span>RAM<\/span>SPIRATION","text_desktop_alignment":"md:text-center","heading_font_size_desktop":"sm:text-xl","heading_font_size_mobile":"text-xl","mobile_vertical_padding":"py-0","mobile_horizontal_padding":"px-0","desktop_vertical_padding":"md:py-0","desktop_horizontal_padding":"md:px-0","heading_font_size_desktop_post":"sm:text-lg","article_1":"","article_2":"","article_3":"","full_width":true}}},"order":["164633050094510fa7","1655416488804526bd","165541670761b7f135","165540489801ed57c6","1655753973d6f21029","16557539787551fa8a","16557540750e0e1bd3","1655754182625749a7","1655754919c66172fb","1648581111639f05ed"]}