{"sections":{"164633050094510fa7":{"type":"hero","settings":{"section_id":"","desktop_image":"shopify:\/\/shop_images\/gps_801f16f0-2cd8-4358-af93-d0a8054884de.jpg","line_color":"#cd1e27","desktop_image_height":300,"content_desktop_alignment":"md:justify-start","text_desktop_alignment":"md:text-left","desktop_heading":"","desktop_subheading":"","copy":"","heading_tag":"h1","heading_font_size_desktop":"sm:text-5xl","heading_font_size_mobile":"text-3xl","desktop_button_text":"Click Here","desktop_button_link":"","desktop_button_text2":"","desktop_button_link2":"","desktop_text_color":"#ffffff","desktop_subheading_color":"#ffffff","button_bg":"#ffffff","button_hover_bg":"#000000","button_text":"#000000","button_hover_text":"#ffffff","button2_bg":"#ffffff","button2_border_bg":"#ffffff","button2_hover_bg":"#000000","button2_text":"#000000","button2_hover_text":"#ffffff","mobile_image":"shopify:\/\/shop_images\/gps_afdd0a99-2e2d-4356-90f9-6411358640a7.jpg","mobile_image_height":425,"text_mobile_alignment":"text-left","text_mobile_vertical_alignment":"justify-center","mobile_text_color":"#ffffff","mobile_button_color":"btn"}},"166129539014db7aa6":{"type":"ram-title-with-button","settings":{"text_alignment":"md:text-left","text_alignment_mobile":"text-left","heading":"GPS Mounts","desktop_heading_font_size":"md:text-3xl","heading_font_size":"text-2xl","copy":"<p>RAM® Mounts offers GPS mounting solutions for practically any situation, allowing you to navigate safely. Whether you’re mounting to a motorcycle handlebar, boat console, or kayak track, RAM® GPS cradles and mounts allow you to secure your GPS device where you need it most. Compatible with top GPS brands including Garmin, Humminbird, Lowrance, Magellan, Raymarine, SI-TEX, SPOT, and TomTom. Explore the full line of RAM® GPS mounts below.<\/p>","copy_font_size":"text-base","btn_label":"Shop All","btn_url":"\/collections\/device-mounts-gps-mounts","btn_type":"btn-ram","section_bg_color":"#f4f4f6"}},"165886499414cb28e6":{"type":"ram-custom-products","blocks":{"1658864994f51b41ef-0":{"type":"products","settings":{"single_product":"ram-b-138l-ga75lu"}},"1658864994f51b41ef-1":{"type":"products","settings":{"single_product":"ram-b-149z-ga46"}},"1658864994f51b41ef-2":{"type":"products","settings":{"single_product":"ram-b-174-un4u"}},"1658864994f51b41ef-3":{"type":"products","settings":{"single_product":"rap-274-1-ga31u"}}},"block_order":["1658864994f51b41ef-0","1658864994f51b41ef-1","1658864994f51b41ef-2","1658864994f51b41ef-3"],"settings":{"full_width":false,"mobile_vertical_padding":"py-8","mobile_horizontal_padding":"px-8","desktop_vertical_padding":"md:py-12","desktop_horizontal_padding":"md:px-8","heading":"","copy":"","content_vertical_padding":"md:mt-10","heading_font_family":"font-heading","copy_font_family":"font-body","heading_bottom_spacing":16,"copy_bottom_spacing":16,"text_alignment":"text-center","desktop_heading_font_size":"md:text-xl","desktop_copy_font_size":"md:text-base","mobile_heading_font_size":"text-xl","mobile_copy_font_size":"text-base"}},"1648581111639f05ed":{"type":"featured-blogs","disabled":true,"settings":{"heading":"ADVICE & <span>RAM<\/span>SPIRATION","text_desktop_alignment":"md:text-center","heading_font_size_desktop":"sm:text-xl","heading_font_size_mobile":"text-xl","mobile_vertical_padding":"py-0","mobile_horizontal_padding":"px-0","desktop_vertical_padding":"md:py-0","desktop_horizontal_padding":"md:px-0","heading_font_size_desktop_post":"sm:text-lg","article_1":"","article_2":"","article_3":"","full_width":true}}},"order":["164633050094510fa7","166129539014db7aa6","165886499414cb28e6","1648581111639f05ed"]}