{"sections":{"d6f8d2db-8773-463e-a8e5-ee344c4152db":{"type":"hero","settings":{"section_id":"","desktop_image":"shopify:\/\/shop_images\/sarah-howard-main_c311c3fb-a4bb-4e68-a473-2ef73337a60e.jpg","line_color":"#cd1e27","desktop_image_height":275,"content_desktop_alignment":"md:justify-start","text_desktop_alignment":"md:text-left","desktop_heading":"","desktop_subheading":"","copy":"","heading_tag":"h1","heading_font_size_desktop":"sm:text-5xl","heading_font_size_mobile":"text-3xl","desktop_button_text":"Click Here","desktop_button_link":"","desktop_button_text2":"","desktop_button_link2":"","desktop_text_color":"#ffffff","desktop_subheading_color":"#ffffff","button_bg":"#ffffff","button_hover_bg":"#000000","button_text":"#000000","button_hover_text":"#ffffff","button2_bg":"#ffffff","button2_border_bg":"#ffffff","button2_hover_bg":"#000000","button2_text":"#000000","button2_hover_text":"#ffffff","mobile_image_height":375,"text_mobile_alignment":"text-left","text_mobile_vertical_alignment":"justify-center","mobile_text_color":"#ffffff","mobile_button_color":"btn"}},"16579212908eaf97b5":{"type":"copy","settings":{"main":true,"hide_title":false,"text_alignment":"text-left","heading":"","desktop_heading_font_size":"md:text-xl","heading_font_size":"text-base","copy":"","copy_font_size":"text-base","full_width":false}}},"order":["d6f8d2db-8773-463e-a8e5-ee344c4152db","16579212908eaf97b5"]}