{"sections":{"164633050094510fa7":{"type":"hero","settings":{"desktop_image":"shopify:\/\/shop_images\/about.jpg","desktop_image_height":300,"content_desktop_alignment":"md:justify-start","text_desktop_alignment":"md:text-left","desktop_heading":"","desktop_subheading":"","copy":"","heading_tag":"h1","heading_font_size_desktop":"sm:text-5xl","heading_font_size_mobile":"text-3xl","desktop_button_text":"Click Here","desktop_button_link":"","desktop_text_color":"#ffffff","desktop_subheading_color":"#ffffff","button_bg":"#ffffff","button_hover_bg":"#000000","button_text":"#000000","button_hover_text":"#ffffff","mobile_image":"shopify:\/\/shop_images\/default-mobile.jpg","mobile_image_height":375,"text_mobile_alignment":"text-left","text_mobile_vertical_alignment":"justify-center","mobile_text_color":"#ffffff","mobile_button_color":"btn"}},"1646331993f8db626f":{"type":"tabs","blocks":{"934a9a81-531e-463b-8ea4-5e7b938b5cba":{"type":"tab","settings":{"title":"Terms & Conditions","content":"","page_content":"terms-conditions"}},"7e17c055-290d-4522-870a-73b87d9e6ee3":{"type":"tab","settings":{"title":"Certifications & Declarations","content":"","page_content":"certifications-declarations"}},"7501d687-c335-4a2c-a3bf-e233c99c0dc4":{"type":"tab","settings":{"title":"Counterfeits","content":"","page_content":"report-a-counterfeit"}},"65744b48-84fe-41a0-8859-422fb69bb0c3":{"type":"tab","settings":{"title":"Patents & Trademarks","content":"","page_content":"patents-trademarks"}},"9e9a8e14-13a1-4ff2-8d2b-85e88e0b30ff":{"type":"tab","settings":{"title":"Privacy","content":"","page_content":"privacy"}}},"block_order":["934a9a81-531e-463b-8ea4-5e7b938b5cba","7e17c055-290d-4522-870a-73b87d9e6ee3","7501d687-c335-4a2c-a3bf-e233c99c0dc4","65744b48-84fe-41a0-8859-422fb69bb0c3","9e9a8e14-13a1-4ff2-8d2b-85e88e0b30ff"],"settings":{"mobile_vertical_padding":"py-10","mobile_horizontal_padding":"px-3.5","desktop_vertical_padding":"md:py-12","desktop_horizontal_padding":"md:px-2.5","heading":"<p> LEGAL AND POLICIES<\/p>","copy":"","heading_font_family":"font-body","copy_font_family":"font-body","heading_bottom_spacing":0,"copy_bottom_spacing":0,"text_alignment":"text-left","desktop_heading_font_size":"md:text-4xl","desktop_copy_font_size":"md:text-lg","mobile_heading_font_size":"text-2xl","mobile_copy_font_size":"text-base"}}},"order":["164633050094510fa7","1646331993f8db626f"]}