{"sections":{"164633050094510fa7":{"type":"hero","settings":{"section_id":"","desktop_image":"shopify:\/\/shop_images\/ice-fishing_b748ebf4-b25b-4bcf-ac43-4137846b824d.jpg","line_color":"#cd1e27","desktop_image_height":300,"content_desktop_alignment":"md:justify-start","text_desktop_alignment":"md:text-left","desktop_heading":"","desktop_subheading":"","copy":"","heading_tag":"h1","heading_font_size_desktop":"sm:text-5xl","heading_font_size_mobile":"text-3xl","desktop_button_text":"Click Here","desktop_button_link":"","desktop_button_text2":"","desktop_button_link2":"","desktop_text_color":"#ffffff","desktop_subheading_color":"#ffffff","button_bg":"#ffffff","button_hover_bg":"#000000","button_text":"#000000","button_hover_text":"#ffffff","button2_bg":"#ffffff","button2_border_bg":"#ffffff","button2_hover_bg":"#000000","button2_text":"#000000","button2_hover_text":"#ffffff","mobile_image":"shopify:\/\/shop_images\/ice-fishing_818474c5-2d32-4b77-866d-b04b5a7158ef.jpg","mobile_image_height":425,"text_mobile_alignment":"text-left","text_mobile_vertical_alignment":"justify-center","mobile_text_color":"#ffffff","mobile_button_color":"btn"}},"1655416488804526bd":{"type":"ram-title-with-button","settings":{"text_alignment":"md:text-left","text_alignment_mobile":"text-left","heading":"Ice Fishing","desktop_heading_font_size":"md:text-3xl","heading_font_size":"text-2xl","copy":"<p>Whether you want to mount your marine electronics or capture video of your catch, trust RAM® out on the ice. Designed to protect your devices in cold weather, RAM® mounting solutions are available with a variety of bases and can be easily adjusted so you can spend more time worrying about the fish. Explore the full line of RAM® ice fishing mounts below.<\/p>","copy_font_size":"text-base","btn_label":"","btn_url":"","btn_type":"btn-ram","section_bg_color":"#f4f4f6"}},"1655767365ce22efab":{"type":"ram-tabs-products","blocks":{"1655767365b03b7c24-1":{"type":"tab","settings":{"title":"Fishfinder Mounts","content":"","btn_label":"Shop All Ice Fishing","btn_url":"\/collections\/ice-fishing-fishfinders","btn_type":"btn-ram","btn_label_2":"RAM® Mount Builder","btn_url_2":"shopify:\/\/pages\/mount-builder","btn_type_2":"btn-dark","product_1":"ram-101-lo12","product_2":"ram-111u","product_3":"ram-202-24-202u","product_4":"ram-d-115-c-knob9h"}},"fd3cc98d-b065-4934-a5cc-b5c7f6c0aca7":{"type":"tab","settings":{"title":"Camera Mounts","content":"","btn_label":"Shop All Ice Fishing","btn_url":"\/collections\/ice-fishing-camera","btn_type":"btn-ram","btn_label_2":"RAM® Mount Builder","btn_url_2":"shopify:\/\/pages\/mount-builder","btn_type_2":"btn-dark","product_1":"rap-b-400-gop1u","product_2":"ram-b-149z-2-gop1u","product_3":"ram-b-149z-a-gop1u","product_4":"ram-b-108-gop1u"}},"a6faa946-e91c-4406-97f8-c68572ad34be":{"type":"tab","settings":{"title":"Rod Holders","content":"","btn_label":"Shop All Ice Fishing","btn_url":"\/collections\/ice-fishing-rod-holder","btn_type":"btn-ram","btn_label_2":"RAM® Mount Builder","btn_url_2":"shopify:\/\/pages\/mount-builder","btn_type_2":"btn-dark","product_1":"ram-117u","product_2":"rap-340","product_3":"rap-433-bmp","product_4":"rap-390-bmpu"}}},"block_order":["1655767365b03b7c24-1","fd3cc98d-b065-4934-a5cc-b5c7f6c0aca7","a6faa946-e91c-4406-97f8-c68572ad34be"],"settings":{"mobile_vertical_padding":"py-8","mobile_horizontal_padding":"px-8","desktop_vertical_padding":"md:py-12","desktop_horizontal_padding":"md:px-8","heading":"<p>Top Mounting Solutions<\/p>","copy":"","content_vertical_padding":"md:mt-10","heading_font_family":"font-heading","copy_font_family":"font-body","heading_bottom_spacing":16,"copy_bottom_spacing":16,"text_alignment":"text-center","desktop_heading_font_size":"md:text-xl","desktop_copy_font_size":"md:text-base","mobile_heading_font_size":"text-xl","mobile_copy_font_size":"text-base"}},"1648581111639f05ed":{"type":"featured-blogs","disabled":true,"settings":{"heading":"ADVICE & <span>RAM<\/span>SPIRATION","text_desktop_alignment":"md:text-center","heading_font_size_desktop":"sm:text-xl","heading_font_size_mobile":"text-xl","mobile_vertical_padding":"py-0","mobile_horizontal_padding":"px-0","desktop_vertical_padding":"md:py-0","desktop_horizontal_padding":"md:px-0","heading_font_size_desktop_post":"sm:text-lg","article_1":"","article_2":"","article_3":"","full_width":true}}},"order":["164633050094510fa7","1655416488804526bd","1655767365ce22efab","1648581111639f05ed"]}