{"sections":{"164633050094510fa7":{"type":"hero","settings":{"section_id":"","desktop_image":"shopify:\/\/shop_images\/aviation-sports_5a6e2d8d-1215-426c-9dee-93c067ff9efa.jpg","line_color":"#cd1e27","desktop_image_height":300,"content_desktop_alignment":"md:justify-start","text_desktop_alignment":"md:text-left","desktop_heading":"","desktop_subheading":"","copy":"","heading_tag":"h1","heading_font_size_desktop":"sm:text-5xl","heading_font_size_mobile":"text-3xl","desktop_button_text":"Click Here","desktop_button_link":"","desktop_button_text2":"","desktop_button_link2":"","desktop_text_color":"#ffffff","desktop_subheading_color":"#ffffff","button_bg":"#ffffff","button_hover_bg":"#000000","button_text":"#000000","button_hover_text":"#ffffff","button2_bg":"#ffffff","button2_border_bg":"#ffffff","button2_hover_bg":"#000000","button2_text":"#000000","button2_hover_text":"#ffffff","mobile_image":"shopify:\/\/shop_images\/aviation-sports_1e957e6e-98ed-4d48-9a61-085bf2555d6e.jpg","mobile_image_height":425,"text_mobile_alignment":"text-left","text_mobile_vertical_alignment":"justify-center","mobile_text_color":"#ffffff","mobile_button_color":"btn"}},"16611418112f987853":{"type":"ram-title-with-button","settings":{"text_alignment":"md:text-left","text_alignment_mobile":"text-left","heading":"Aviation Sports","desktop_heading_font_size":"md:text-3xl","heading_font_size":"text-2xl","copy":"<p>As aviation sports continue to grow in popularity, keeping action cameras and other devices secure remains a top priority. From air racing to hang gliding and paragliding, the RAM® Mounts interchangeable ball and socket mounting components means devices can be secured exactly where they’re needed – all with near-infinite adjustability. Explore the top RAM® business solutions for aviation sports below.<\/p>","copy_font_size":"text-base","btn_label":"View Catalog","btn_url":"https:\/\/issuu.com\/rammount\/docs\/aviation_catalog?fr=sMTkwYzQ1ODMwMTA","btn_type":"btn-ram","section_bg_color":"#f4f4f6"}},"1648581111639f05ed":{"type":"featured-blogs","disabled":true,"settings":{"heading":"ADVICE & <span>RAM<\/span>SPIRATION","text_desktop_alignment":"md:text-center","heading_font_size_desktop":"sm:text-xl","heading_font_size_mobile":"text-xl","mobile_vertical_padding":"py-0","mobile_horizontal_padding":"px-0","desktop_vertical_padding":"md:py-0","desktop_horizontal_padding":"md:px-0","heading_font_size_desktop_post":"sm:text-lg","article_1":"","article_2":"","article_3":"","full_width":true}},"16555866078815d782":{"type":"ram-tabs-products","blocks":{"165558660736f676f4-0":{"type":"tab","settings":{"title":"Camera","content":"","btn_label":"Shop All Aviation Sports","btn_url":"\/collections\/aviation-sports-camera-mounts","btn_type":"btn-ram","btn_label_2":"","btn_url_2":"","btn_type_2":"btn-dark","product_1":"rap-b-400-gop1u","product_2":"ram-b-149z-2-gop1u","product_3":"ram-b-166-gop1u","product_4":"ram-b-400-a-366u"}},"165558660736f676f4-1":{"type":"tab","settings":{"title":"Phone","content":"","btn_label":"Shop All Aviation Sports","btn_url":"\/collections\/aviation-sports-phone-mounts","btn_type":"btn-ram","btn_label_2":"","btn_url_2":"","btn_type_2":"btn-dark","product_1":"ram-hol-un7-400u","product_2":"ram-b-400-c-un10u","product_3":"ram-b-400-a-hol-un7bu","product_4":"ram-b-166-un7u"}}},"block_order":["165558660736f676f4-0","165558660736f676f4-1"],"settings":{"mobile_vertical_padding":"py-8","mobile_horizontal_padding":"px-8","desktop_vertical_padding":"md:py-12","desktop_horizontal_padding":"md:px-8","heading":"<p>Top Suggested Products<\/p>","copy":"","content_vertical_padding":"md:mt-10","heading_font_family":"font-heading","copy_font_family":"font-body","heading_bottom_spacing":0,"copy_bottom_spacing":0,"text_alignment":"text-left","desktop_heading_font_size":"md:text-2xl","desktop_copy_font_size":"md:text-base","mobile_heading_font_size":"text-xl","mobile_copy_font_size":"text-base"}},"1655586612f17b071f":{"type":"brand-product","settings":{"text_alignment":"md:text-left","text_alignment_mobile":"text-left","heading":"GDS® Technology™ for Aviation","has_underline":true,"desktop_heading_font_size":"md:text-xl","heading_font_size":"text-xl","copy":"<p>IntelliSkin® is a protective device sleeve featuring an integrated power connector that’s compatible with any GDS® charging dock, allowing for seamless integration across aviation settings. This innovative solution prevents damage to the charging ports of phones and tablets, creating a universal docking platform compatible with any device wrapped in an IntelliSkin®. With IntelliSkin® and GDS® Technology™ for aviation, keep devices charged and at the ready on the ground and in the air.<\/p>","copy_font_size":"text-base","brand_image":"shopify:\/\/shop_images\/aviationsports-section1.jpg","button_text_1":"Learn More","button_link_1":"\/pages\/gds-tech","btn_type_1":"btn-dark","button_text_2":"","button_link_2":"","btn_type_2":"btn-dark","button_text_3":"","button_link_3":"","btn_type_3":"btn-ram","section_bg_color":"#ffffff"}},"1655586935772cb576":{"type":"partner-logos","blocks":{"165558693541a6d7f0-0":{"type":"image_icon","settings":{"image":"shopify:\/\/shop_images\/alaskaairlines_1ef219bc-cd79-405a-80d1-39317f899260.png","text":"","url":"","desktop_text_font_size":"md:text-lg","mobile_text_font_size":"text-lg"}},"165558693541a6d7f0-1":{"type":"image_icon","settings":{"image":"shopify:\/\/shop_images\/americanairlines_cd5c30ff-b33a-452d-a42d-aac4cf513ae9.png","text":"","url":"","desktop_text_font_size":"md:text-lg","mobile_text_font_size":"text-lg"}},"165558693541a6d7f0-2":{"type":"image_icon","settings":{"image":"shopify:\/\/shop_images\/deltaairlines_b0050df8-61c7-4b1f-9d28-76b75f7ed659.png","text":"","url":"","desktop_text_font_size":"md:text-lg","mobile_text_font_size":"text-lg"}},"073f7179-e553-4142-96ce-b2547ddca92b":{"type":"image_icon","settings":{"image":"shopify:\/\/shop_images\/usairforce_07e4d0eb-fef0-475c-9373-8d1795883bdd.png","text":"","url":"","desktop_text_font_size":"md:text-lg","mobile_text_font_size":"text-lg"}}},"block_order":["165558693541a6d7f0-0","165558693541a6d7f0-1","165558693541a6d7f0-2","073f7179-e553-4142-96ce-b2547ddca92b"],"settings":{"section_bg_color":"#000000","section_class":"","full_width":true,"red_line":false,"enable_slider":false,"slider_speed":2,"slider_slides":3,"desktop_per_row":"w-1\/4","mobile_per_row":"w-full","justify_items":"justify-center","icon_height":100,"icon_size":225,"icon_space":0,"icon_font_size":"text-xl","icon_font_family":"font-heading","icon_text_space":4,"mobile_vertical_padding":"py-4","mobile_horizontal_padding":"px-8","desktop_vertical_padding":"md:py-4","desktop_horizontal_padding":"md:px-8","heading":"","copy":"","heading_font_family":"font-heading","copy_font_family":"font-body","heading_bottom_spacing":16,"copy_bottom_spacing":16,"text_alignment":"text-center","desktop_heading_font_size":"md:text-xl","desktop_copy_font_size":"md:text-xl","mobile_heading_font_size":"text-xl","mobile_copy_font_size":"text-base"}},"165558694839480c53":{"type":"sales-form","blocks":{"16555869472f9df7de-0":{"type":"html","settings":{"red_line":true,"heading":"<p>Contact Sales<\/p>","heading_font_family":"font-heading","heading_bottom_spacing":0,"text_alignment":"text-center","desktop_heading_font_size":"md:text-2xl","mobile_heading_font_size":"text-xl","html_block":"<div style=\"margin:0 auto;\" class=\"pxFormGenerator\" id=\"NRCcEj1xmk2g_uGXmjI2EQ\"><\/div>"}}},"block_order":["16555869472f9df7de-0"],"settings":{"section_id":"","section_class":"","back_color":"","content_width":false,"full_width":false,"column_padding":"px-2","tile_font_family":"font-heading","mobile_vertical_padding":"py-8","mobile_horizontal_padding":"px-8","desktop_vertical_padding":"md:py-12","desktop_horizontal_padding":"md:px-8","heading_tag":"h2","heading":"","copy":"","heading_color":"#131313","heading_font_family":"font-heading","copy_font_family":"font-body","heading_bottom_spacing":16,"copy_bottom_spacing":16,"text_alignment":"text-left","desktop_heading_font_size":"md:text-xl","desktop_copy_font_size":"md:text-base","mobile_heading_font_size":"text-xl","mobile_copy_font_size":"text-base"}}},"order":["164633050094510fa7","16611418112f987853","1648581111639f05ed","16555866078815d782","1655586612f17b071f","1655586935772cb576","165558694839480c53"]}