{"sections":{"164633050094510fa7":{"type":"hero","settings":{"section_id":"","desktop_image":"shopify:\/\/shop_images\/tough-dock-banner.jpg","desktop_image_height":300,"content_desktop_alignment":"md:justify-start","text_desktop_alignment":"md:text-left","desktop_heading":"","desktop_subheading":"","copy":"","heading_tag":"h1","heading_font_size_desktop":"sm:text-5xl","heading_font_size_mobile":"text-3xl","desktop_button_text":"Click Here","desktop_button_link":"","desktop_button_text2":"","desktop_button_link2":"","desktop_text_color":"#ffffff","desktop_subheading_color":"#ffffff","button_bg":"#ffffff","button_hover_bg":"#000000","button_text":"#000000","button_hover_text":"#ffffff","button2_bg":"#ffffff","button2_border_bg":"#ffffff","button2_hover_bg":"#000000","button2_text":"#000000","button2_hover_text":"#ffffff","mobile_image":"shopify:\/\/shop_images\/mobile-tough-dock-banner.jpg","mobile_image_height":425,"text_mobile_alignment":"text-left","text_mobile_vertical_alignment":"justify-center","mobile_text_color":"#ffffff","mobile_button_color":"btn"}},"16486560366c7b7837":{"type":"brand-product","settings":{"text_alignment":"md:text-left","text_alignment_mobile":"text-left","heading":"GDS® Tough-Dock™ & GDS® Cool-Dock™","has_underline":false,"desktop_heading_font_size":"md:text-4xl","heading_font_size":"text-2xl","copy":"<p>The GDS® Tough-Dock™ and GDS® Cool-Dock™ are the newest vehicle docks in the GDS® Tech™ line of vehicle docks designed to support select Samsung Galaxy tablets in an IntelliSkin® Next Gen protective sleeve for your fleet. Take advantage of a USB Type-C connector, supporting data sync, and fast charging capabilities.<\/p>","copy_font_size":"text-base","brand_image":"shopify:\/\/shop_images\/tough-dock-hero.png","button_text_1":"Shop All","button_link_1":"\/collections\/gds-tough-dock-intelliskin-next-gen","btn_type_1":"btn-ram","button_text_2":"Request a Quote","button_link_2":"#contact","btn_type_2":"btn-dark","button_text_3":"","button_link_3":"","btn_type_3":"btn-ram","section_bg_color":"#f4f4f6"}},"1655506137ef5bb338":{"type":"ram-images","blocks":{"1655506137189f91c4-0":{"type":"image_icon","settings":{"image":"shopify:\/\/shop_images\/tab-active-pro.png","text":"<p>Tab Active Pro<\/p>","url":"","desktop_text_font_size":"md:text-lg","mobile_text_font_size":"text-lg"}},"1655506137189f91c4-1":{"type":"image_icon","settings":{"image":"shopify:\/\/shop_images\/tab-active-8.4.png","text":"<p>Tab A 8.4<\/p>","url":"","desktop_text_font_size":"md:text-lg","mobile_text_font_size":"text-lg"}},"1655506137189f91c4-2":{"type":"image_icon","settings":{"image":"shopify:\/\/shop_images\/tab-active-2.png","text":"<p>Tab Active2<\/p>","url":"","desktop_text_font_size":"md:text-lg","mobile_text_font_size":"text-lg"}},"1655506137189f91c4-3":{"type":"image_icon","settings":{"image":"shopify:\/\/shop_images\/more.png","text":"<p>More<\/p>","url":"","desktop_text_font_size":"md:text-lg","mobile_text_font_size":"text-lg"}}},"block_order":["1655506137189f91c4-0","1655506137189f91c4-1","1655506137189f91c4-2","1655506137189f91c4-3"],"settings":{"section_bg_color":"#f4f4f6","section_class":"","full_width":true,"red_line":false,"enable_slider":false,"slider_speed":2,"slider_slides":4,"desktop_per_row":"w-1\/4","mobile_per_row":"w-1\/2","justify_items":"justify-center","icon_height":150,"icon_size":200,"icon_space":0,"icon_font_size":"text-xl","icon_font_family":"font-heading","icon_text_space":32,"mobile_vertical_padding":"py-8","mobile_horizontal_padding":"px-8","desktop_vertical_padding":"md:py-12","desktop_horizontal_padding":"md:px-8","heading":"","copy":"","heading_font_family":"font-heading","copy_font_family":"font-body","heading_bottom_spacing":16,"copy_bottom_spacing":16,"text_alignment":"text-center","desktop_heading_font_size":"md:text-xl","desktop_copy_font_size":"md:text-xl","mobile_heading_font_size":"text-xl","mobile_copy_font_size":"text-base"}},"16555063710ea55464":{"type":"ram-images","blocks":{"1655506371d7ed0e5c-0":{"type":"image_icon","settings":{"image":"shopify:\/\/shop_images\/feature-1.jpg","text":"<p>Custom Form-Fit<\/p>","url":"","desktop_text_font_size":"md:text-lg","mobile_text_font_size":"text-lg"}},"1655506371d7ed0e5c-1":{"type":"image_icon","settings":{"image":"shopify:\/\/shop_images\/feature-2.jpg","text":"<p>Built-In Fan<\/p>","url":"","desktop_text_font_size":"md:text-lg","mobile_text_font_size":"text-lg"}},"1655506371d7ed0e5c-2":{"type":"image_icon","settings":{"image":"shopify:\/\/shop_images\/feature-3.jpg","text":"<p>Locking & Non-Locking<\/p>","url":"","desktop_text_font_size":"md:text-lg","mobile_text_font_size":"text-lg"}},"1655506371d7ed0e5c-3":{"type":"image_icon","settings":{"image":"shopify:\/\/shop_images\/feature-4.jpg","text":"<p>GDS® Hand-Stand™ Compatible<\/p>","url":"","desktop_text_font_size":"md:text-lg","mobile_text_font_size":"text-lg"}}},"block_order":["1655506371d7ed0e5c-0","1655506371d7ed0e5c-1","1655506371d7ed0e5c-2","1655506371d7ed0e5c-3"],"settings":{"section_bg_color":"#ffffff","section_class":"","full_width":true,"red_line":false,"enable_slider":false,"slider_speed":2,"slider_slides":4,"desktop_per_row":"w-1\/4","mobile_per_row":"w-1\/2","justify_items":"justify-center","icon_height":150,"icon_size":200,"icon_space":0,"icon_font_size":"text-xl","icon_font_family":"font-heading","icon_text_space":32,"mobile_vertical_padding":"py-8","mobile_horizontal_padding":"px-8","desktop_vertical_padding":"md:py-12","desktop_horizontal_padding":"md:px-8","heading":"<p>Key Features<\/p>","copy":"","heading_font_family":"font-heading","copy_font_family":"font-body","heading_bottom_spacing":16,"copy_bottom_spacing":16,"text_alignment":"text-left","desktop_heading_font_size":"md:text-xl","desktop_copy_font_size":"md:text-xl","mobile_heading_font_size":"text-xl","mobile_copy_font_size":"text-base"}},"1648577237754fb6a9":{"type":"brand-product","settings":{"text_alignment":"md:text-left","text_alignment_mobile":"text-left","heading":"Standard & High Speed Power Options","has_underline":true,"desktop_heading_font_size":"md:text-xl","heading_font_size":"text-xl","copy":"<p>All GDS® Tough-Dock™ and GDS® Cool-Dock™ models are available and support both mUSB and USB Type-C connections.<\/p>","copy_font_size":"text-base","brand_image":"shopify:\/\/shop_images\/power-options.jpg","button_text_1":"","button_link_1":"","btn_type_1":"btn-ram","button_text_2":"","button_link_2":"","btn_type_2":"btn-dark","button_text_3":"","button_link_3":"","btn_type_3":"btn-ram","section_bg_color":"#ffffff"}},"1648579274ae6e3e3d":{"type":"brand-product","settings":{"text_alignment":"text-left","text_alignment_mobile":"text-left","heading":"Connect Your Keyboard & Other Peripherals","has_underline":true,"desktop_heading_font_size":"md:text-xl","heading_font_size":"text-xl","copy":"<p>Customize your mobile workstation with peripheral add-ons that help improve your workflow. Our GDS® Ecosystem™ makes it easy to choose different peripherals designed to work perfectly with the GDS® Tough-Dock™ and GDS® Cool-Dock™.<\/p>","copy_font_size":"text-base","brand_image":"shopify:\/\/shop_images\/connecting-peripherals.jpg","button_text_1":"","button_link_1":"","btn_type_1":"btn-ram","button_text_2":"","button_link_2":"","btn_type_2":"btn-dark","button_text_3":"","button_link_3":"","btn_type_3":"btn-ram","section_bg_color":"#ffffff"}},"16555068413b824c19":{"type":"ram-images","blocks":{"16555068412ad1c222-0":{"type":"image_icon","settings":{"image":"shopify:\/\/shop_images\/configuration-1.jpg","text":"","url":"","desktop_text_font_size":"md:text-lg","mobile_text_font_size":"text-lg"}},"16555068412ad1c222-1":{"type":"image_icon","settings":{"image":"shopify:\/\/shop_images\/configuration-2.jpg","text":"","url":"","desktop_text_font_size":"md:text-lg","mobile_text_font_size":"text-lg"}},"16555068412ad1c222-2":{"type":"image_icon","settings":{"image":"shopify:\/\/shop_images\/configuration-3.jpg","text":"","url":"","desktop_text_font_size":"md:text-lg","mobile_text_font_size":"text-lg"}},"16555068412ad1c222-3":{"type":"image_icon","disabled":true,"settings":{"image":"shopify:\/\/shop_images\/wall-icon.webp","text":"<p>Wall \/ Workstation<\/p>","url":"","desktop_text_font_size":"md:text-lg","mobile_text_font_size":"text-lg"}}},"block_order":["16555068412ad1c222-0","16555068412ad1c222-1","16555068412ad1c222-2","16555068412ad1c222-3"],"settings":{"section_bg_color":"#ffffff","section_class":"","full_width":true,"red_line":false,"enable_slider":false,"slider_speed":2,"slider_slides":4,"desktop_per_row":"w-1\/4","mobile_per_row":"w-1\/2","justify_items":"justify-center","icon_height":300,"icon_size":300,"icon_space":32,"icon_font_size":"text-xl","icon_font_family":"font-heading","icon_text_space":32,"mobile_vertical_padding":"py-8","mobile_horizontal_padding":"px-8","desktop_vertical_padding":"md:py-12","desktop_horizontal_padding":"md:px-8","heading":"","copy":"","heading_font_family":"font-heading","copy_font_family":"font-body","heading_bottom_spacing":16,"copy_bottom_spacing":16,"text_alignment":"text-center","desktop_heading_font_size":"md:text-xl","desktop_copy_font_size":"md:text-xl","mobile_heading_font_size":"text-xl","mobile_copy_font_size":"text-base"}},"165550707457fe8f47":{"type":"sales-form","blocks":{"16555070741bd3a825-0":{"type":"html","settings":{"red_line":true,"heading":"<p>Contact Sales<\/p>","heading_font_family":"font-heading","heading_bottom_spacing":0,"text_alignment":"text-center","desktop_heading_font_size":"md:text-2xl","mobile_heading_font_size":"text-xl","html_block":"<div style=\"margin:0 auto;\" class=\"pxFormGenerator\" id=\"NRCcEj1xmk2g_uGXmjI2EQ\"><\/div>"}}},"block_order":["16555070741bd3a825-0"],"settings":{"section_id":"contact","section_class":"","back_color":"","content_width":false,"full_width":false,"column_padding":"px-2","tile_font_family":"font-heading","mobile_vertical_padding":"py-8","mobile_horizontal_padding":"px-8","desktop_vertical_padding":"md:py-12","desktop_horizontal_padding":"md:px-8","heading_tag":"h2","heading":"","copy":"","heading_color":"#131313","heading_font_family":"font-heading","copy_font_family":"font-body","heading_bottom_spacing":16,"copy_bottom_spacing":16,"text_alignment":"text-left","desktop_heading_font_size":"md:text-xl","desktop_copy_font_size":"md:text-base","mobile_heading_font_size":"text-xl","mobile_copy_font_size":"text-base"}}},"order":["164633050094510fa7","16486560366c7b7837","1655506137ef5bb338","16555063710ea55464","1648577237754fb6a9","1648579274ae6e3e3d","16555068413b824c19","165550707457fe8f47"]}