{"sections":{"165558650311dcca9b":{"type":"title-section-with-button","settings":{"text_alignment":"md:text-left","text_alignment_mobile":"text-left","heading":"Mounts by Brand","desktop_heading_font_size":"md:text-3xl","heading_font_size":"text-xl","copy":"<p>At RAM® Mounts, we’re committed to manufacturing inventive mounting solutions for the most popular devices from the world’s most respected brands. See all the RAM® Mounts Apple iPhones and iPads, Samsung galaxy phone mounts and Galaxy tablet mounts, GoPro mounts, OtterBox compatible docks and adapters, Microsoft Surface mounts, Lowrance fishfinder mounts, and more.<\/p>","copy_font_size":"text-base","btn_label":"","btn_url":"","btn_type":"btn-ram","mobile_vertical_padding":"py-8","mobile_horizontal_padding":"px-8","desktop_vertical_padding":"md:py-12","desktop_horizontal_padding":"md:px-8","title_color":"#000","section_bg_color":"#f4f4f6"}},"1655758627a5725b67":{"type":"ram-images-with-title","blocks":{"165575862790c9fe61-0":{"type":"image_icon","settings":{"image":"shopify:\/\/shop_images\/apple_4bf310dc-111b-48b4-9107-7603226f3516.png","text":"","url":"shopify:\/\/pages\/apple","desktop_text_font_size":"md:text-lg","mobile_text_font_size":"text-lg"}},"165575862790c9fe61-1":{"type":"image_icon","settings":{"image":"shopify:\/\/shop_images\/brother.jpg","text":"","url":"shopify:\/\/pages\/brother","desktop_text_font_size":"md:text-lg","mobile_text_font_size":"text-lg"}},"165575862790c9fe61-2":{"type":"image_icon","settings":{"image":"shopify:\/\/shop_images\/garmin_e0ebe79e-148b-483d-a294-e4b46f9cf946.png","text":"","url":"shopify:\/\/pages\/garmin","desktop_text_font_size":"md:text-lg","mobile_text_font_size":"text-lg"}},"165575862790c9fe61-3":{"type":"image_icon","settings":{"image":"shopify:\/\/shop_images\/gopro_b025bb4c-5b89-4c40-a2b1-4b63275880c1.png","text":"","url":"shopify:\/\/pages\/gopro","desktop_text_font_size":"md:text-lg","mobile_text_font_size":"text-lg"}},"7fd86194-1180-4894-be1a-a6a50bdbaac3":{"type":"image_icon","settings":{"image":"shopify:\/\/shop_images\/humminbird_966bb046-1a68-4af8-bffe-36a8e45e0295.png","text":"","url":"shopify:\/\/pages\/humminbird","desktop_text_font_size":"md:text-lg","mobile_text_font_size":"text-lg"}},"c6153585-9daa-40a1-a73a-418882415673":{"type":"image_icon","settings":{"image":"shopify:\/\/shop_images\/honeywell.jpg","text":"","url":"shopify:\/\/pages\/honeywell","desktop_text_font_size":"md:text-lg","mobile_text_font_size":"text-lg"}},"e58d8f04-2d30-4672-9b2d-5cfb6ea00f91":{"type":"image_icon","settings":{"image":"shopify:\/\/shop_images\/jeep.jpg","text":"","url":"shopify:\/\/pages\/jeep","desktop_text_font_size":"md:text-lg","mobile_text_font_size":"text-lg"}},"215ca042-2f29-43c1-9a49-8b809d0f14cf":{"type":"image_icon","settings":{"image":"shopify:\/\/shop_images\/kyocera.jpg","text":"","url":"shopify:\/\/pages\/kyocera","desktop_text_font_size":"md:text-lg","mobile_text_font_size":"text-lg"}},"41b1bb88-ad47-4104-8c41-14480dec028c":{"type":"image_icon","settings":{"image":"shopify:\/\/shop_images\/lowrance_cff27bf8-b0a1-4529-aa1c-b83b33e6aa01.png","text":"","url":"shopify:\/\/pages\/lowrance","desktop_text_font_size":"md:text-lg","mobile_text_font_size":"text-lg"}},"de5a079a-47fd-4cba-9682-0b65d9397043":{"type":"image_icon","settings":{"image":"shopify:\/\/shop_images\/magellan_26abbd21-671a-48e6-a41b-1ccbc2b583f2.png","text":"","url":"shopify:\/\/pages\/magellan","desktop_text_font_size":"md:text-lg","mobile_text_font_size":"text-lg"}},"a904291e-6e65-48a1-a00a-b07e2999d29f":{"type":"image_icon","settings":{"image":"shopify:\/\/shop_images\/microsoft_6f79fa46-893e-41ae-82c0-1cefe071ac22.png","text":"","url":"shopify:\/\/pages\/microsoft","desktop_text_font_size":"md:text-lg","mobile_text_font_size":"text-lg"}},"1e69a8d6-7f77-40b2-a5dc-68e7150d59a0":{"type":"image_icon","settings":{"image":"shopify:\/\/shop_images\/otterbox_3aa79b53-c3c9-4a77-891f-e74b8f23f15e.png","text":"","url":"shopify:\/\/pages\/otterbox","desktop_text_font_size":"md:text-lg","mobile_text_font_size":"text-lg"}},"119f6e77-deea-4e6e-b826-960ff80f86ef":{"type":"image_icon","settings":{"image":"shopify:\/\/shop_images\/panasonic.jpg","text":"","url":"shopify:\/\/pages\/panasonic","desktop_text_font_size":"md:text-lg","mobile_text_font_size":"text-lg"}},"45f75198-5f05-46fa-b96b-dd9de97a00ed":{"type":"image_icon","settings":{"image":"shopify:\/\/shop_images\/raymarine_031ebe17-701b-41aa-a71e-0e147bba8088.png","text":"","url":"shopify:\/\/pages\/raymarine","desktop_text_font_size":"md:text-lg","mobile_text_font_size":"text-lg"}},"909cb375-cc9e-4bba-8210-6ac78054e7ba":{"type":"image_icon","settings":{"image":"shopify:\/\/shop_images\/samsung_1a0082c6-c239-4f70-b7e9-4c233d92fb79.png","text":"","url":"shopify:\/\/pages\/samsung","desktop_text_font_size":"md:text-lg","mobile_text_font_size":"text-lg"}},"990c19df-9e09-469b-8663-7385dfa6c568":{"type":"image_icon","settings":{"image":"shopify:\/\/shop_images\/si-tex_94e65ac5-de18-4fe6-9609-bf0a19a64fa8.png","text":"","url":"shopify:\/\/pages\/si-tex","desktop_text_font_size":"md:text-lg","mobile_text_font_size":"text-lg"}},"1a10532a-8ed6-4814-be9f-7de2403b5f50":{"type":"image_icon","settings":{"image":"shopify:\/\/shop_images\/sionyx_b278c81e-8c0b-4db2-ba2e-970358497177.jpg","text":"","url":"shopify:\/\/pages\/sionyx","desktop_text_font_size":"md:text-lg","mobile_text_font_size":"text-lg"}},"4541b6b2-b39d-4d63-80d6-6cf1fd4f1239":{"type":"image_icon","settings":{"image":"shopify:\/\/shop_images\/sonim.png","text":"","url":"shopify:\/\/pages\/sonim","desktop_text_font_size":"md:text-lg","mobile_text_font_size":"text-lg"}},"20469235-4775-4423-8819-1096da99b10e":{"type":"image_icon","settings":{"image":"shopify:\/\/shop_images\/spot_3c5dd653-e92d-4f49-b32e-3721c9d854af.jpg","text":"","url":"shopify:\/\/pages\/spot","desktop_text_font_size":"md:text-lg","mobile_text_font_size":"text-lg"}},"0b9c6bf7-4180-4c9d-887e-54a1bbea2f3e":{"type":"image_icon","settings":{"image":"shopify:\/\/shop_images\/tomtom_c6e89207-1a03-4309-bfd2-c675de20caf8.png","text":"","url":"shopify:\/\/pages\/tomtom","desktop_text_font_size":"md:text-lg","mobile_text_font_size":"text-lg"}},"a2b5fd80-969f-477b-88b6-11a6dc2cc1ad":{"type":"image_icon","settings":{"image":"shopify:\/\/shop_images\/yamaha_c55dbec6-0910-4a00-9b5b-07a3b9ad27c1.jpg","text":"","url":"shopify:\/\/pages\/yamaha","desktop_text_font_size":"md:text-lg","mobile_text_font_size":"text-lg"}},"0d6e86f6-d473-40d6-8d44-24967a8e8218":{"type":"image_icon","settings":{"image":"shopify:\/\/shop_images\/zebra_bece2f32-eac6-4552-b8f7-839d2b798ec9.png","text":"","url":"shopify:\/\/pages\/zebra","desktop_text_font_size":"md:text-lg","mobile_text_font_size":"text-lg"}}},"block_order":["165575862790c9fe61-0","165575862790c9fe61-1","165575862790c9fe61-2","165575862790c9fe61-3","7fd86194-1180-4894-be1a-a6a50bdbaac3","c6153585-9daa-40a1-a73a-418882415673","e58d8f04-2d30-4672-9b2d-5cfb6ea00f91","215ca042-2f29-43c1-9a49-8b809d0f14cf","41b1bb88-ad47-4104-8c41-14480dec028c","de5a079a-47fd-4cba-9682-0b65d9397043","a904291e-6e65-48a1-a00a-b07e2999d29f","1e69a8d6-7f77-40b2-a5dc-68e7150d59a0","119f6e77-deea-4e6e-b826-960ff80f86ef","45f75198-5f05-46fa-b96b-dd9de97a00ed","909cb375-cc9e-4bba-8210-6ac78054e7ba","990c19df-9e09-469b-8663-7385dfa6c568","1a10532a-8ed6-4814-be9f-7de2403b5f50","4541b6b2-b39d-4d63-80d6-6cf1fd4f1239","20469235-4775-4423-8819-1096da99b10e","0b9c6bf7-4180-4c9d-887e-54a1bbea2f3e","a2b5fd80-969f-477b-88b6-11a6dc2cc1ad","0d6e86f6-d473-40d6-8d44-24967a8e8218"],"settings":{"section_bg_color":"#ffffff","section_class":"","full_width":false,"red_line":true,"enable_slider":false,"slider_speed":2,"slider_slides":4,"desktop_per_row":"w-1\/4","mobile_per_row":"w-1\/2","justify_items":"justify-center","icon_space":"0","icon_height":150,"icon_size":200,"icon_font_size":"text-xl","icon_font_family":"font-heading","icon_text_space":4,"mobile_vertical_padding":"py-8","mobile_horizontal_padding":"px-8","desktop_vertical_padding":"md:py-12","desktop_horizontal_padding":"md:px-8","heading":"<p>RAM® MOUNTS FOR<\/p>","copy":"","heading_font_family":"font-heading","copy_font_family":"font-body","heading_bottom_spacing":0,"copy_bottom_spacing":0,"text_alignment":"text-center","desktop_heading_font_size":"md:text-xl","desktop_copy_font_size":"md:text-9xl","mobile_heading_font_size":"text-xl","mobile_copy_font_size":"text-base"}},"1648581111639f05ed":{"type":"featured-blogs","disabled":true,"settings":{"heading":"ADVICE & <span>RAM<\/span>SPIRATION","text_desktop_alignment":"md:text-center","heading_font_size_desktop":"sm:text-xl","heading_font_size_mobile":"text-xl","mobile_vertical_padding":"py-0","mobile_horizontal_padding":"px-0","desktop_vertical_padding":"md:py-0","desktop_horizontal_padding":"md:px-0","heading_font_size_desktop_post":"sm:text-lg","article_1":"","article_2":"","article_3":"","full_width":true}}},"order":["165558650311dcca9b","1655758627a5725b67","1648581111639f05ed"]}