{"sections":{"164633050094510fa7":{"type":"hero","settings":{"section_id":"","desktop_image":"shopify:\/\/shop_images\/kayak_1a5d6735-e316-4c8b-9152-4769d846ff44.jpg","line_color":"#cd1e27","desktop_image_height":300,"content_desktop_alignment":"md:justify-start","text_desktop_alignment":"md:text-left","desktop_heading":"","desktop_subheading":"","copy":"","heading_tag":"h1","heading_font_size_desktop":"sm:text-5xl","heading_font_size_mobile":"text-3xl","desktop_button_text":"Click Here","desktop_button_link":"","desktop_button_text2":"","desktop_button_link2":"","desktop_text_color":"#ffffff","desktop_subheading_color":"#ffffff","button_bg":"#ffffff","button_hover_bg":"#000000","button_text":"#000000","button_hover_text":"#ffffff","button2_bg":"#ffffff","button2_border_bg":"#ffffff","button2_hover_bg":"#000000","button2_text":"#000000","button2_hover_text":"#ffffff","mobile_image":"shopify:\/\/shop_images\/kayak_9ee2efe3-8bb4-4377-b63e-e4ee63f21db5.jpg","mobile_image_height":425,"text_mobile_alignment":"text-left","text_mobile_vertical_alignment":"justify-center","mobile_text_color":"#ffffff","mobile_button_color":"btn"}},"1655416488804526bd":{"type":"ram-title-with-button","settings":{"text_alignment":"md:text-left","text_alignment_mobile":"text-left","heading":"Kayak Mounts","desktop_heading_font_size":"md:text-3xl","heading_font_size":"text-2xl","copy":"<p>There are countless ways to customize your kayak using ultra-rugged RAM® Mounts for a multitude of devices, making RAM® Mounts the best kayak mounts backed by anglers and enthusiasts around the world. Secure action cameras, drinks, fishfinders, cell phones, paddles, rod holders, tablets, transducers and more using your choice of ball and track bases. Explore the full line of RAM® kayak mounts below.<\/p>","copy_font_size":"text-base","btn_label":"View Catalog","btn_url":"https:\/\/issuu.com\/rammount\/docs\/on-water_catalog?fr=sZTNhMTE0MzE0MTY","btn_type":"btn-ram","section_bg_color":"#f4f4f6"}},"1655767365ce22efab":{"type":"ram-tabs-products","blocks":{"1655767365b03b7c24-1":{"type":"tab","settings":{"title":"Fishfinder Mounts","content":"","btn_label":"Shop All Kayak","btn_url":"\/collections\/kayak-fishfinder-mounts","btn_type":"btn-ram","btn_label_2":"RAM® Mount Builder","btn_url_2":"shopify:\/\/pages\/mount-builder","btn_type_2":"btn-dark","product_1":"ram-b-lo12-354-tra1","product_2":"ram-202-24-202u","product_3":"ram-b-101-g4","product_4":"ram-111b-354-tra1u"}},"fd3cc98d-b065-4934-a5cc-b5c7f6c0aca7":{"type":"tab","settings":{"title":"Rod Holders","content":"","btn_label":"Shop All Kayak","btn_url":"\/collections\/kayak-fishing-rod-holders","btn_type":"btn-ram","btn_label_2":"RAM® Mount Builder","btn_url_2":"shopify:\/\/pages\/mount-builder","btn_type_2":"btn-dark","product_1":"rap-390-rb-tra1u","product_2":"rap-434-421","product_3":"ram-114-bmp","product_4":"rap-394-ssbmpu"}},"a6faa946-e91c-4406-97f8-c68572ad34be":{"type":"tab","settings":{"title":"RAM® Tough-Track™","content":"","btn_label":"Shop All Kayak","btn_url":"\/collections\/kayak-tough-track","btn_type":"btn-ram","btn_label_2":"RAM® Mount Builder","btn_url_2":"shopify:\/\/pages\/mount-builder","btn_type_2":"btn-dark","product_1":"ram-track-exa-5bu","product_2":"rap-track-a5u","product_3":"ram-track-exa-5u","product_4":"ram-track-h4u"}},"c61bcf7b-ae82-47d6-98bd-c24f372cc2cc":{"type":"tab","settings":{"title":"Accessories","content":"","btn_label":"Shop All Kayak","btn_url":"\/collections\/kayak-accessories","btn_type":"btn-ram","btn_label_2":"RAM® Mount Builder","btn_url_2":"shopify:\/\/pages\/mount-builder","btn_type_2":"btn-dark","product_1":"ram-b-316-18-tra1-tra1u","product_2":"rap-412-2","product_3":"rap-411","product_4":"rap-431u"}},"85a4f933-b402-4450-967d-02676825bbc3":{"type":"tab","settings":{"title":"Components","content":"","btn_label":"Shop All Kayak","btn_url":"\/collections\/kayak-components","btn_type":"btn-ram","btn_label_2":"RAM® Mount Builder","btn_url_2":"shopify:\/\/pages\/mount-builder","btn_type_2":"btn-dark","product_1":"rap-b-383u","product_2":"rap-b-354-162u","product_3":"rap-b-354u-tra1","product_4":"rap-aaputu"}}},"block_order":["1655767365b03b7c24-1","fd3cc98d-b065-4934-a5cc-b5c7f6c0aca7","a6faa946-e91c-4406-97f8-c68572ad34be","c61bcf7b-ae82-47d6-98bd-c24f372cc2cc","85a4f933-b402-4450-967d-02676825bbc3"],"settings":{"mobile_vertical_padding":"py-8","mobile_horizontal_padding":"px-8","desktop_vertical_padding":"md:py-12","desktop_horizontal_padding":"md:px-8","heading":"<p>Top Mounting Solutions<\/p>","copy":"","content_vertical_padding":"md:mt-10","heading_font_family":"font-heading","copy_font_family":"font-body","heading_bottom_spacing":16,"copy_bottom_spacing":16,"text_alignment":"text-center","desktop_heading_font_size":"md:text-xl","desktop_copy_font_size":"md:text-base","mobile_heading_font_size":"text-xl","mobile_copy_font_size":"text-base"}},"16557673694fb1ad58":{"type":"brand-product","settings":{"text_alignment":"md:text-left","text_alignment_mobile":"text-left","heading":"Fishfinder Mounts","has_underline":true,"desktop_heading_font_size":"md:text-xl","heading_font_size":"text-xl","copy":"<p>RAM® has long been the go-to option for dependable and rugged marine electronic mounts to protect your investment. Featuring vibration damping, secure your fishfinder on your kayak while achieving the perfect viewing angle.<\/p>","copy_font_size":"text-base","brand_image":"shopify:\/\/shop_images\/kayak-section1.jpg","button_text_1":"Shop Fishfinder Mounts","button_link_1":"\/collections\/kayak-fishfinder-mounts","btn_type_1":"btn-ram","button_text_2":"","button_link_2":"","btn_type_2":"btn-dark","button_text_3":"","button_link_3":"","btn_type_3":"btn-ram","section_bg_color":"#ffffff"}},"165576754445ef1c63":{"type":"brand-product","settings":{"text_alignment":"md:text-left","text_alignment_mobile":"text-left","heading":"Fishing Rod Holders","has_underline":true,"desktop_heading_font_size":"md:text-xl","heading_font_size":"text-xl","copy":"<p>RAM® offers an extensive line of rod holders that are best suited to your kayak fishing needs. Whether you’re using a spinning, baitcasting or trolling rod, RAM® has you covered. Select a complete kit or mix and match to find your ideal rod holder and mounting base.<\/p>","copy_font_size":"text-base","brand_image":"shopify:\/\/shop_images\/kayak-section2.jpg","button_text_1":"Shop Fishing Rod Holders","button_link_1":"\/collections\/kayak-fishing-rod-holders","btn_type_1":"btn-ram","button_text_2":"","button_link_2":"","btn_type_2":"btn-dark","button_text_3":"","button_link_3":"","btn_type_3":"btn-ram","section_bg_color":"#ffffff"}},"16558184857ded2f91":{"type":"brand-product","settings":{"text_alignment":"md:text-left","text_alignment_mobile":"text-left","heading":"Phone, Tablet, and Camera Mounts","has_underline":true,"desktop_heading_font_size":"md:text-xl","heading_font_size":"text-xl","copy":"<p>Stay worry-free on the water with RAM® phone and camera mounts. With popular options like the RAM® X-Grip® and form-fitting cradles, take full advantage of your phone’s camera, fishfinder apps, maps, and more. Your favorite action camera brands, including GoPro, are compatible with RAM® camera mounts, which provide vibration damping.<\/p>","copy_font_size":"text-base","brand_image":"shopify:\/\/shop_images\/kayak-section3.jpg","button_text_1":"Shop Device Mounts","button_link_1":"\/collections\/kayak-phone-mounts","btn_type_1":"btn-ram","button_text_2":"","button_link_2":"","btn_type_2":"btn-dark","button_text_3":"","button_link_3":"","btn_type_3":"btn-ram","section_bg_color":"#ffffff"}},"1655820586eb95ab70":{"type":"brand-product","settings":{"text_alignment":"md:text-left","text_alignment_mobile":"text-left","heading":"RAM® Tough-Track™","has_underline":true,"desktop_heading_font_size":"md:text-xl","heading_font_size":"text-xl","copy":"<p>Whether you're looking to secure a rod holder, fishfinder, or accessories to your kayak, using a track mounting system is an ideal way to get the job done. With the RAM® Tough-Track™ and a variety of RAM® track bases, you can customize your kayak setup to best fit your fishing needs.<\/p>","copy_font_size":"text-base","brand_image":"shopify:\/\/shop_images\/kayak-section4.jpg","button_text_1":"Shop RAM® Tough-Track™","button_link_1":"\/collections\/kayak-tough-track","btn_type_1":"btn-ram","button_text_2":"","button_link_2":"","btn_type_2":"btn-dark","button_text_3":"","button_link_3":"","btn_type_3":"btn-ram","section_bg_color":"#ffffff"}},"16558324868d87050c":{"type":"brand-product","settings":{"text_alignment":"md:text-left","text_alignment_mobile":"text-left","heading":"Accessories","has_underline":true,"desktop_heading_font_size":"md:text-xl","heading_font_size":"text-xl","copy":"<p>Kayak fishing is all about adaptability. That’s why RAM® offers a variety of accessories, including transducer arms, self-leveling cup holders, and the RAM® Anchor Line Lock for kayaks. These solutions are compatible with a wide range of RAM® mounting bases, allowing you to customize your kayak setup to best fit your needs. Utilize our RAM® Roller-Ball™ to mount a Lund sport rack net for the perfect fishing net holder or as a paddle holder.<\/p>","copy_font_size":"text-base","brand_image":"shopify:\/\/shop_images\/kayak-section6.jpg","button_text_1":"Shop Accessories","button_link_1":"\/collections\/kayak-accessories","btn_type_1":"btn-ram","button_text_2":"","button_link_2":"","btn_type_2":"btn-dark","button_text_3":"","button_link_3":"","btn_type_3":"btn-ram","section_bg_color":"#ffffff"}},"1648581111639f05ed":{"type":"featured-blogs","settings":{"heading":"Advice & RAMspiration","text_desktop_alignment":"md:text-center","heading_font_size_desktop":"sm:text-xl","heading_font_size_mobile":"text-xl","mobile_vertical_padding":"py-0","mobile_horizontal_padding":"px-0","desktop_vertical_padding":"md:py-0","desktop_horizontal_padding":"md:px-0","heading_font_size_desktop_post":"sm:text-lg","article_1":"customer-spotlight\/go-to-gear-for-kayak-anglers","article_2":"mount-of-the-month\/ram-level-cup","article_3":"product-tips-tricks\/4-must-have-stand-up-paddleboard-apps-and-how-to-secure-your-phone-on-the-water","full_width":true}}},"order":["164633050094510fa7","1655416488804526bd","1655767365ce22efab","16557673694fb1ad58","165576754445ef1c63","16558184857ded2f91","1655820586eb95ab70","16558324868d87050c","1648581111639f05ed"]}