{"sections":{"1646924600656e7ef4":{"type":"hero","settings":{"section_id":"gds-tech-banner","desktop_image":"shopify:\/\/shop_images\/gds-tech-banner-real.webp","line_color":"#00b588","desktop_image_height":320,"content_desktop_alignment":"md:justify-start","text_desktop_alignment":"md:text-left","desktop_heading":"<p>GDS® Tech™<\/p>","desktop_subheading":"<p>Device Protection & Charging, Solved<\/p>","copy":"","heading_tag":"h1","heading_font_size_desktop":"sm:text-2xl","heading_font_size_mobile":"text-2xl","desktop_button_text":"GDS<sup>®<\/sup> ECOSYSTEM<sup>™<\/sup>","desktop_button_link":"shopify:\/\/collections\/gds-technology-intelliskin","desktop_button_text2":"View Catalog","desktop_button_link2":"https:\/\/issuu.com\/rammount\/docs\/gds_catalog?e=13067616\/32275290","desktop_text_color":"#2e3439","desktop_subheading_color":"#000000","button_bg":"#00b588","button_hover_bg":"#ffffff","button_text":"#2e3439","button_hover_text":"#2e3439","button2_bg":"#ffffff","button2_border_bg":"#00b588","button2_hover_bg":"#00b588","button2_text":"#000000","button2_hover_text":"#000000","mobile_image":"shopify:\/\/shop_images\/gds-tech-banner-real-mobile.webp","mobile_image_height":375,"text_mobile_alignment":"text-left","text_mobile_vertical_alignment":"justify-center","mobile_text_color":"#ffffff","mobile_button_color":"btn"}},"16497803819b991ef6":{"type":"fixed-side-menu","blocks":{"1649780381911c1926-0":{"type":"menu-list","settings":{"heading":"What is GDS<sup>®<\/sup> Tech<sup>™<\/sup>?","anchor":"what-is-gds-tech"}},"f47fcbb9-dcf4-4cb5-9506-67fd95deff6f":{"type":"menu-list","settings":{"heading":"IntelliSkin<sup>®<\/sup>","anchor":"intelliskin"}},"5cfa8a4c-3f5b-4d45-87fc-26abcd5ffafe":{"type":"menu-list","settings":{"heading":"Select Your Device","anchor":"select_device"}},"a7b766df-1d86-4720-9349-5339a624a11e":{"type":"menu-list","settings":{"heading":"GDS<sup>®<\/sup> Ecosystem<sup>™<\/sup>","anchor":"gds-ecosystem"}},"1d554d2f-28b4-4cf8-9a3e-b93240b987b0":{"type":"menu-list","disabled":true,"settings":{"heading":"Optimize GDS<sup>®<\/sup> Tech<sup>™<\/sup>","anchor":"optimize-your-gds"}},"af2d1ee0-fa48-446e-b6f8-fce9abc1a1b5":{"type":"menu-list","settings":{"heading":"Case Studies","anchor":"case-studies"}},"427d6a40-fa22-4387-9d23-3e8ec077a0b9":{"type":"menu-list","settings":{"heading":"Contact Us","anchor":"contact"}}},"block_order":["1649780381911c1926-0","f47fcbb9-dcf4-4cb5-9506-67fd95deff6f","5cfa8a4c-3f5b-4d45-87fc-26abcd5ffafe","a7b766df-1d86-4720-9349-5339a624a11e","1d554d2f-28b4-4cf8-9a3e-b93240b987b0","af2d1ee0-fa48-446e-b6f8-fce9abc1a1b5","427d6a40-fa22-4387-9d23-3e8ec077a0b9"],"settings":{"logo":"shopify:\/\/shop_images\/gds-logo.png","progress_color":"#00b588"}},"1650565611de718cec":{"type":"gds-tech","blocks":{"16505656119aa769d4-0":{"type":"multicolumn-block","settings":{"column_image":"shopify:\/\/shop_images\/always-protected-always-connected.webp","card_look":false,"full_width":false,"image_left":true,"border_right":false,"image_width":"md:w-2\/5","image_height":"h-full","subheading":"","heading":"<p>Always Protected.<br\/>Always Connected.®<\/p>","copy":"<p>The GDS® platform provides protection, charging, and data sync capabilities across a wide range of phones and tablets, making it a perfect solution for business applications like agriculture, fleet transportation, material handling, and much more. With GDS® Compatible™ IntelliSkin® protective sleeves, GDS® Docks, and GDS® Ecosystem™ accessories, simplify the process of scaling and upgrading devices while taking advantage of a standardized charging ecosystem. Explore top GDS® Technology™ solutions below.<\/p>","cta_label":"","cta_url":"","button_style":"btn-green","subheading_color":"#ffffff","heading_color":"#333333","text_color":"#525252","text_alignment":"text-left","mobile_heading_font_size":"text-xl","desktop_heading_font_size":"md:text-xl","mobile_button_font_size":"text-base","desktop_button_font_size":"md:text-base","copy_bottom_spacing":16,"desktop_col_span":"md:w-full"}},"a0021ce3-1fcd-433d-a27f-cf8826484d34":{"type":"multicolumn-block","settings":{"column_image":"shopify:\/\/shop_images\/pogo-pin-technology.webp","card_look":false,"full_width":false,"image_left":true,"border_right":false,"image_width":"md:w-2\/5","image_height":"h-full","subheading":"","heading":"<p>Pogo Pin<br\/>Technology<\/p>","heading_image":"shopify:\/\/shop_images\/d-shape.png","copy":"<p>Ruggedized GDS® Tech™ pogo pins are specifically designed to ensure compatibility across IntelliSkin® sleeves and the rest of the GDS® Ecosystem™ – including adapters, docks, chargers, keyboards, monitors, speakers, and more. Rely on pogo pin technology to protect device ports from constant plugging and unplugging.<\/p>","cta_label":"","cta_url":"","button_style":"btn-green","subheading_color":"#ffffff","heading_color":"#333333","text_color":"#525252","text_alignment":"text-left","mobile_heading_font_size":"text-xl","desktop_heading_font_size":"md:text-xl","mobile_button_font_size":"text-base","desktop_button_font_size":"md:text-base","copy_bottom_spacing":16,"desktop_col_span":"md:w-1\/2"}},"42153729-96b7-4a60-95a6-3700031eef4f":{"type":"multicolumn-block","settings":{"column_image":"shopify:\/\/shop_images\/future-proof.jpg","card_look":false,"full_width":false,"image_left":true,"border_right":false,"image_width":"md:w-2\/5","image_height":"h-full","subheading":"","heading":"<p>Future Proof<br\/>& Scalable<\/p>","copy":"<p>The modularity of GDS® vehicle docks provide the highest quality and most cost-effective solutions for tablets, including inevitable future device upgrades. With interchangeable dock cups and the new universal positioning marker on the IntelliSkin® Next Gens, it's easy to modify existing mounting systems without breaking the bank on an entirely new system.<\/p>","cta_label":"","cta_url":"","button_style":"btn-green","subheading_color":"#ffffff","heading_color":"#333333","text_color":"#525252","text_alignment":"text-left","mobile_heading_font_size":"text-xl","desktop_heading_font_size":"md:text-xl","mobile_button_font_size":"text-base","desktop_button_font_size":"md:text-base","copy_bottom_spacing":16,"desktop_col_span":"md:w-1\/2"}}},"block_order":["16505656119aa769d4-0","a0021ce3-1fcd-433d-a27f-cf8826484d34","42153729-96b7-4a60-95a6-3700031eef4f"],"settings":{"section_id":"what-is-gds-tech","section_class":"","back_color":"","content_width":false,"full_width":false,"column_padding":"px-2","tile_font_family":"font-heading","mobile_vertical_padding":"py-8","mobile_horizontal_padding":"px-8","desktop_vertical_padding":"md:py-12","desktop_horizontal_padding":"md:px-8","heading_tag":"h2","heading":"<p>WHAT IS GDS® TECH™?<\/p>","copy":"","heading_color":"#2e3439","heading_font_family":"font-heading","copy_font_family":"font-body","heading_bottom_spacing":44,"copy_bottom_spacing":16,"text_alignment":"text-center","desktop_heading_font_size":"md:text-2xl","desktop_copy_font_size":"md:text-base","mobile_heading_font_size":"text-2xl","mobile_copy_font_size":"text-base"}},"1650571533ae593ffd":{"type":"gds-tech","blocks":{"1650571533c42ad56e-0":{"type":"multicolumn-block","settings":{"column_image":"shopify:\/\/shop_images\/Screen_Shot_2022-04-21_at_4.11.15_PM.png","card_look":false,"full_width":true,"image_left":false,"border_right":false,"image_width":"md:w-full","image_height":"h-full","subheading":"","heading":"","copy":"","cta_label":"","cta_url":"","button_style":"btn-green","subheading_color":"#ffffff","heading_color":"#2e3439","text_color":"#ffffff","text_alignment":"text-left","mobile_heading_font_size":"text-xl","desktop_heading_font_size":"md:text-xl","mobile_button_font_size":"text-base","desktop_button_font_size":"md:text-base","copy_bottom_spacing":16,"desktop_col_span":"md:w-full"}},"0a1c4d1d-fef3-4acd-b78f-5000e731001f":{"type":"multicolumn-block","settings":{"column_image":"shopify:\/\/shop_images\/intelliskin-logo.png","card_look":false,"full_width":false,"image_left":true,"border_right":false,"image_width":"md:w-1\/4","image_height":"h-40","subheading":"","heading":"","copy":"<p>IntelliSkin® provides GDS® charging capabilities and military-grade drop protection for a variety of phones and tablets. By simplifying the frequent docking and undocking of consumer-oriented devices in business and field applications, extend the life of phones and tablets in any application.<\/p>","cta_label":"","cta_url":"","button_style":"btn-green","subheading_color":"#ffffff","heading_color":"#ffffff","text_color":"#525252","text_alignment":"text-left","mobile_heading_font_size":"text-xl","desktop_heading_font_size":"md:text-xl","mobile_button_font_size":"text-base","desktop_button_font_size":"md:text-base","copy_bottom_spacing":16,"desktop_col_span":"md:w-full"}},"3b360574-4d03-492d-abe1-c1b43ece6210":{"type":"multicolumn-block","settings":{"column_image":"shopify:\/\/shop_images\/drop-protection.png","card_look":false,"full_width":false,"image_left":true,"border_right":false,"image_width":"md:w-2\/5","image_height":"h-full","subheading":"","heading":"<p>Drop Protection<\/p>","copy":"<p>Having passed rigorous military-grade spec tests for withstanding shock and impact, IntelliSkin® sleeves are MIL-STD-810G drop protection certified. That means peace of mind and protection from costly phone and tablet drops.<\/p>","cta_label":"","cta_url":"","button_style":"btn-green","subheading_color":"#ffffff","heading_color":"#333333","text_color":"#525252","text_alignment":"text-left","mobile_heading_font_size":"text-lg","desktop_heading_font_size":"md:text-lg","mobile_button_font_size":"text-base","desktop_button_font_size":"md:text-base","copy_bottom_spacing":16,"desktop_col_span":"md:w-1\/3"}},"e447a726-cd68-4430-8117-0b793840dada":{"type":"multicolumn-block","settings":{"column_image":"shopify:\/\/shop_images\/intelliskin-ng.png","card_look":false,"full_width":false,"image_left":true,"border_right":false,"image_width":"md:w-2\/5","image_height":"h-full","subheading":"","heading":"<p>IntelliSkin® Next Gen<\/p>","copy":"<p>IntelliSkin®Next Gen protective sleeves feature a redesigned hybrid hard plastic shell with shock-absorbing rubber, universal positioning marker for easy docking and an integrated USB Type-C connector on the bottom for device charging even when you don’t have a GDS®Dock™available.<\/p>","cta_label":"","cta_url":"","button_style":"btn-green","subheading_color":"#ffffff","heading_color":"#333333","text_color":"#525252","text_alignment":"text-left","mobile_heading_font_size":"text-lg","desktop_heading_font_size":"md:text-lg","mobile_button_font_size":"text-base","desktop_button_font_size":"md:text-base","copy_bottom_spacing":16,"desktop_col_span":"md:w-1\/3"}},"ff3cf445-5610-492d-98c8-f1eae73bff01":{"type":"multicolumn-block","settings":{"column_image":"shopify:\/\/shop_images\/future-proof-intelliskin.png","card_look":false,"full_width":false,"image_left":true,"border_right":false,"image_width":"md:w-2\/5","image_height":"h-full","subheading":"","heading":"<p>Future Proof<\/p>","copy":"<p>As devices evolve, IntelliSkin® and GDS® Tech™ provides scalability and enables users to deploy devices with one standard for charging and data syncing. With interchangeable top cups, upgrade devices without having to replace GDS® Docks™.<\/p>","cta_label":"","cta_url":"","button_style":"btn-green","subheading_color":"#ffffff","heading_color":"#333333","text_color":"#525252","text_alignment":"text-left","mobile_heading_font_size":"text-lg","desktop_heading_font_size":"md:text-lg","mobile_button_font_size":"text-base","desktop_button_font_size":"md:text-base","copy_bottom_spacing":16,"desktop_col_span":"md:w-1\/3"}},"6cd86e77-ad23-4255-9ee5-1ae4e22b2e93":{"type":"multicolumn-block","settings":{"column_image":"shopify:\/\/shop_images\/intelliskin-phone.png","card_look":false,"full_width":false,"image_left":true,"border_right":false,"image_width":"md:w-2\/5","image_height":"h-full","subheading":"","heading":"<p>IntelliSkin®<br\/>for Phones<\/p>","copy":"","cta_label":"Shop Phone","cta_url":"\/collections\/gds-technology-intelliskin?pf_t_device=Phone","button_style":"btn-green","subheading_color":"#ffffff","heading_color":"#333333","text_color":"#ffffff","text_alignment":"text-center","mobile_heading_font_size":"text-lg","desktop_heading_font_size":"md:text-lg","mobile_button_font_size":"text-base","desktop_button_font_size":"md:text-base","copy_bottom_spacing":16,"desktop_col_span":"md:w-1\/3"}},"e10c6e3a-1a69-49a2-a072-bf3b0f661e51":{"type":"multicolumn-block","settings":{"column_image":"shopify:\/\/shop_images\/intelliskin-zebra.png","card_look":false,"full_width":false,"image_left":true,"border_right":false,"image_width":"md:w-2\/5","image_height":"h-full","subheading":"","heading":"<p>IntelliSkin®<br\/>for Handheld PC<\/p>","copy":"","cta_label":"Shop Handheld","cta_url":"\/collections\/gds-technology-intelliskin?pf_t_device=Handheld+PC","button_style":"btn-green","subheading_color":"#ffffff","heading_color":"#333333","text_color":"#ffffff","text_alignment":"text-center","mobile_heading_font_size":"text-lg","desktop_heading_font_size":"md:text-lg","mobile_button_font_size":"text-base","desktop_button_font_size":"md:text-base","copy_bottom_spacing":16,"desktop_col_span":"md:w-1\/3"}},"1606212d-da9a-4f63-a731-b1294d37717a":{"type":"multicolumn-block","settings":{"column_image":"shopify:\/\/shop_images\/intelliskin-tablet.png","card_look":false,"full_width":false,"image_left":true,"border_right":false,"image_width":"md:w-2\/5","image_height":"h-full","subheading":"","heading":"<p>IntelliSkin®<br\/>for Tablets<\/p>","copy":"","cta_label":"SHOP TABLET","cta_url":"\/collections\/gds-technology-intelliskin?pf_t_device=Tablet","button_style":"btn-green","subheading_color":"#ffffff","heading_color":"#333333","text_color":"#ffffff","text_alignment":"text-center","mobile_heading_font_size":"text-lg","desktop_heading_font_size":"md:text-lg","mobile_button_font_size":"text-base","desktop_button_font_size":"md:text-base","copy_bottom_spacing":16,"desktop_col_span":"md:w-1\/3"}}},"block_order":["1650571533c42ad56e-0","0a1c4d1d-fef3-4acd-b78f-5000e731001f","3b360574-4d03-492d-abe1-c1b43ece6210","e447a726-cd68-4430-8117-0b793840dada","ff3cf445-5610-492d-98c8-f1eae73bff01","6cd86e77-ad23-4255-9ee5-1ae4e22b2e93","e10c6e3a-1a69-49a2-a072-bf3b0f661e51","1606212d-da9a-4f63-a731-b1294d37717a"],"settings":{"section_id":"intelliskin","section_class":"","back_color":"#f4f4f6","content_width":false,"full_width":false,"column_padding":"px-2","tile_font_family":"font-heading","mobile_vertical_padding":"py-8","mobile_horizontal_padding":"px-8","desktop_vertical_padding":"md:py-12","desktop_horizontal_padding":"md:px-8","heading_tag":"h2","heading":"<p>INTELLISKIN®<\/p>","copy":"","heading_color":"#2e3439","heading_font_family":"font-heading","copy_font_family":"font-body","heading_bottom_spacing":16,"copy_bottom_spacing":16,"text_alignment":"text-center","desktop_heading_font_size":"md:text-2xl","desktop_copy_font_size":"md:text-base","mobile_heading_font_size":"text-xl","mobile_copy_font_size":"text-base"}},"16600819683a796729":{"type":"link-list-dropdown","blocks":{"16600819684adff1c3-0":{"type":"collection-list","settings":{"heading":"Apple","heading_color":"#131313","content":"<p><a href=\"\/collections\/gds-skin-ap31\" title=\"IntelliSkin® Next Gen for Apple iPad 7th, 8th & 9th Gen\">iPad 7th - 9th Gen<\/a><\/p><p><a href=\"\/collections\/gds-skin-ap32?pf_mlt_device_make_model=Apple&pf_mlt_device_make_model=iPad+%28Gen+10%29&pf_mlt_device_make_model_and_condition=true\" title=\"\/collections\/gds-skin-ap32?pf_mlt_device_make_model=Apple&pf_mlt_device_make_model=iPad+%28Gen+10%29&pf_mlt_device_make_model_and_condition=true\">iPad 10th Gen<\/a><\/p><p><a href=\"\/collections\/gds-skin-ap32\" title=\"IntelliSkin® Next Gen for Apple iPad Air 4-5 & iPad Pro 11&quot; 1st - 3rd Gen\">iPad Air 4<\/a><\/p><p><a href=\"\/collections\/gds-skin-ap32\" title=\"IntelliSkin® Next Gen for Apple iPad Air 4-5 & iPad Pro 11&quot; 1st - 3rd Gen\">iPad Air 5<\/a><\/p><p><a href=\"\/collections\/gds-skin-ap36\" title=\"IntelliSkin® Next Gen for Apple iPad mini 6\">iPad mini 6<\/a><\/p><p><a href=\"\/collections\/gds-skin-ap32\" title=\"IntelliSkin® Next Gen for Apple iPad Air 4-5 & iPad Pro 11&quot; 1st - 3rd Gen\">iPad Pro 11\" 1st - 3rd Gen<\/a><\/p><p><a href=\"\/collections\/gds-skin-ap37\" title=\"IntelliSkin® Next Gen for Apple iPad Pro 12.9\">iPad Pro 12.9 3rd - 5th Gen<\/a><\/p>"}},"962c1283-ee3a-45df-9608-b13b94eff0c3":{"type":"collection-list","settings":{"heading":"Samsung - Phone","heading_color":"#131313","content":"<p><a href=\"\/collections\/gds-skin-phone-musb?pf_mlt_device_make_model=A10&pf_mlt_device_make_model=Samsung&pf_mlt_device_make_model_and_condition=true\" title=\"\/collections\/gds-skin-phone-musb?pf_mlt_device_make_model=A10&pf_mlt_device_make_model=Samsung&pf_mlt_device_make_model_and_condition=true\">Galaxy A10<\/a><\/p><p><a href=\"\/collections\/gds-skin-phone-typec?pf_mlt_device_make_model=Samsung&pf_mlt_device_make_model=A20&pf_mlt_device_make_model_and_condition=true\" title=\"\/collections\/gds-skin-phone-typec?pf_mlt_device_make_model=Samsung&pf_mlt_device_make_model=A20&pf_mlt_device_make_model_and_condition=true\">Galaxy A20<\/a><\/p><p><a href=\"\/collections\/gds-skin-phone-typec?pf_mlt_device_make_model=S20+5G&pf_mlt_device_make_model=Samsung&pf_mlt_device_make_model_and_condition=true\" title=\"\/collections\/gds-skin-phone-typec?pf_mlt_device_make_model=S20+5G&pf_mlt_device_make_model=Samsung&pf_mlt_device_make_model_and_condition=true\">Galaxy S20 5G<\/a><\/p><p><a href=\"\/collections\/gds-skin-phone-pd?pf_mlt_device_make_model=S20+FE+5G&pf_mlt_device_make_model=Samsung&pf_mlt_device_make_model_and_condition=true\" title=\"\/collections\/gds-skin-phone-pd?pf_mlt_device_make_model=S20+FE+5G&pf_mlt_device_make_model=Samsung&pf_mlt_device_make_model_and_condition=true\">Galaxy S20 FE 5G<\/a><\/p><p><a href=\"\/collections\/gds-skin-phone-typec?pf_mlt_device_make_model=S20+Ultra+5G&pf_mlt_device_make_model=Samsung&pf_mlt_device_make_model_and_condition=true\" title=\"\/collections\/gds-skin-phone-typec?pf_mlt_device_make_model=S20+Ultra+5G&pf_mlt_device_make_model=Samsung&pf_mlt_device_make_model_and_condition=true\">Galaxy S20 Ultra 5G<\/a><\/p><p><a href=\"\/collections\/gds-skin-phone-typec?pf_mlt_device_make_model=S20+Plus+5G&pf_mlt_device_make_model=Samsung&pf_mlt_device_make_model_and_condition=true\" title=\"\/collections\/gds-skin-phone-typec?pf_mlt_device_make_model=S20+Plus+5G&pf_mlt_device_make_model=Samsung&pf_mlt_device_make_model_and_condition=true\">Galaxy S20+ 5G<\/a><\/p><p><a href=\"\/collections\/gds-skin-phone-typec?pf_mlt_device_make_model=XCover+Pro&pf_mlt_device_make_model=Samsung&pf_mlt_device_make_model_and_condition=true\" title=\"\/collections\/gds-skin-phone-typec?pf_mlt_device_make_model=XCover+Pro&pf_mlt_device_make_model=Samsung&pf_mlt_device_make_model_and_condition=true\">XCover Pro<\/a><\/p><p><a href=\"\/collections\/gds-skin-phone-pd?pf_mlt_device_make_model=XCover6+Pro&pf_mlt_device_make_model=Samsung&pf_mlt_device_make_model_and_condition=true\" title=\"\/collections\/gds-skin-phone-pd?pf_mlt_device_make_model=XCover6+Pro&pf_mlt_device_make_model=Samsung&pf_mlt_device_make_model_and_condition=true\">XCover6 Pro<\/a><\/p>"}},"fd3b83cf-ff52-49ea-a4d4-0a9453b01129":{"type":"collection-list","settings":{"heading":"Samsung - Tablet","heading_color":"#131313","content":"<p><a href=\"\/collections\/gds-skin-sam65\" title=\"\/collections\/gds-skin-sam65\">Tab A 10.1<\/a><\/p><p><a href=\"\/collections\/gds-skin-sam66\" title=\"\/collections\/gds-skin-sam66\">Tab A 10.5<\/a><\/p><p><a href=\"\/collections\/gds-skin-sam63\" title=\"\/collections\/gds-skin-sam63\">Tab A 8.0 (2018)<\/a><\/p><p><a href=\"\/collections\/gds-skin-sam55\" title=\"\/collections\/gds-skin-sam55\">Tab A 8.0 (2019)<\/a><\/p><p><a href=\"\/collections\/gds-skin-sam67\" title=\"\/collections\/gds-skin-sam67\">Tab A 8.4<\/a><\/p><p><a href=\"\/collections\/gds-skin-sam75\" title=\"\/collections\/gds-skin-sam75\">Tab A7 10.4<\/a><\/p><p><a href=\"\/collections\/gds-skin-sam80\" title=\"\/collections\/gds-skin-sam80\">Tab A7 Lite 8.7\"<\/a><\/p><p><a href=\"\/collections\/gds-skin-sam83\" title=\"\/collections\/gds-skin-sam83\">Tab A8 10.5\"<\/a><\/p><p><a href=\"\/collections\/gds-skin-sam54\" title=\"\/collections\/gds-skin-sam54\">Tab Active Pro<\/a><\/p><p><a href=\"\/collections\/gds-skin-sam62?pf_mlt_device_make_model=Samsung&pf_mlt_device_make_model=Tab+Active2&pf_mlt_device_make_model_and_condition=true\" title=\"\/collections\/gds-skin-sam62?pf_mlt_device_make_model=Samsung&pf_mlt_device_make_model=Tab+Active2&pf_mlt_device_make_model_and_condition=true\">Tab Active2<\/a><\/p><p><a href=\"\/collections\/gds-skin-sam62?pf_mlt_device_make_model=Samsung&pf_mlt_device_make_model=Tab+Active3&pf_mlt_device_make_model_and_condition=true\" title=\"\/collections\/gds-skin-sam62?pf_mlt_device_make_model=Samsung&pf_mlt_device_make_model=Tab+Active3&pf_mlt_device_make_model_and_condition=true\">Tab Active3<\/a><\/p><p><a href=\"\/collections\/gds-skin-sam64\" title=\"\/collections\/gds-skin-sam64\">Tab E 8.0<\/a><\/p><p><a href=\"\/collections\/gds-skin-sam76\" title=\"\/collections\/gds-skin-sam76\">Tab S7 11\"<\/a><\/p><p><a href=\"\/collections\/gds-skin-sam78\" title=\"\/collections\/gds-skin-sam78\">Tab S7 FE 12.4\"<\/a><\/p><p><a href=\"\/collections\/gds-skin-sam78\" title=\"\/collections\/gds-skin-sam78\">Tab S7+ 12.4\"<\/a><\/p>"}},"4454289a-586b-4002-b95b-ffefa2610a7e":{"type":"collection-list","settings":{"heading":"Zebra","heading_color":"#000000","content":"<p><a href=\"\/collections\/gds-skin-handheld-pc\" title=\"\/collections\/gds-skin-handheld-pc\">EC50 & EC55<\/a><\/p><p><a href=\"\/collections\/gds-skin-ze20c\" title=\"\/collections\/gds-skin-ze20c\">ET4x 8\"<\/a><\/p><p><a href=\"\/collections\/gds-skin-ze21c\" title=\"\/collections\/gds-skin-ze21c\">ET4x 10\"<\/a><\/p>"}}},"block_order":["16600819684adff1c3-0","962c1283-ee3a-45df-9608-b13b94eff0c3","fd3b83cf-ff52-49ea-a4d4-0a9453b01129","4454289a-586b-4002-b95b-ffefa2610a7e"],"settings":{"section_id":"select_device","section_class":"","full_width":false,"max_width":true,"grid_gap":"md:gap-0","grid_columns":"grid-cols-1","grid_columns_dt":"lg:grid-cols-1","mobile_vertical_padding":"py-4","mobile_horizontal_padding":"px-4","desktop_vertical_padding":"md:py-12","desktop_horizontal_padding":"md:px-20","heading_tag":"h2","heading":"<p><strong>Select Your Device<\/strong><\/p>","heading_color":"#000000","copy":"","copy_color":"#000000","line_color":"#00b588","heading_font_family":"font-heading","copy_font_family":"font-body","heading_bottom_spacing":16,"copy_bottom_spacing":16,"text_alignment":"text-left","desktop_heading_font_size":"md:text-xl","desktop_copy_font_size":"md:text-base","mobile_heading_font_size":"text-xl","mobile_copy_font_size":"text-base"}},"165057911134c71ca5":{"type":"gds-tech","blocks":{"1650579110830c2eee-0":{"type":"multicolumn-block","settings":{"card_look":false,"full_width":false,"image_left":false,"border_right":false,"image_width":"md:w-2\/5","image_height":"h-full","subheading":"","heading":"<p>SHOP GDS® ECOSYSTEM™<\/p>","copy":"<p>The GDS® Ecosystem™ offers everything to keep your devices protected, connected, and charged in nearly any application. Ruggedized GDS®  Technology™ pogo pins ensure compatibility across IntelliSkin® sleeves, GDS® Docks™, adapters, chargers, keyboards, speakers, monitors, and more. Most products in the GDS® Ecosystem™ are RAM® Mounts Compatible™, so you can rely on the RAM® double ball and socket system for adjustability, durability, and vibration damping.<\/p>","cta_label":"","cta_url":"","button_style":"btn-green","subheading_color":"#ffffff","heading_color":"#2e3439","text_color":"#525252","text_alignment":"text-center","mobile_heading_font_size":"text-2xl","desktop_heading_font_size":"md:text-2xl","mobile_button_font_size":"text-base","desktop_button_font_size":"md:text-base","copy_bottom_spacing":16,"desktop_col_span":"md:w-full"}},"16c8139c-d7dd-4e24-bdd7-2b9ebdfa9c83":{"type":"multicolumn-block","settings":{"column_image":"shopify:\/\/shop_images\/shop-intelliskins.jpg","card_look":false,"full_width":false,"image_left":true,"border_right":true,"image_width":"md:w-2\/5","image_height":"h-full","subheading":"","heading":"<p>IntelliSkin®<\/p>","copy":"","cta_label":"SHOP NOW","cta_url":"\/collections\/gds-technology-intelliskin","button_style":"btn-green","subheading_color":"#ffffff","heading_color":"#333333","text_color":"#ffffff","text_alignment":"text-center","mobile_heading_font_size":"text-lg","desktop_heading_font_size":"md:text-lg","mobile_button_font_size":"text-base","desktop_button_font_size":"md:text-base","copy_bottom_spacing":16,"desktop_col_span":"md:w-1\/3"}},"86afe9a5-33a8-447f-8487-1929b3b2dbe3":{"type":"multicolumn-block","settings":{"column_image":"shopify:\/\/shop_images\/gds-vehicle-docks1.webp","card_look":false,"full_width":false,"image_left":true,"border_right":true,"image_width":"md:w-2\/5","image_height":"h-full","subheading":"","heading":"<p>GDS® Docks™<\/p>","copy":"","cta_label":"SHOP NOW","cta_url":"\/collections\/gds-dock-tablet","button_style":"btn-green","subheading_color":"#ffffff","heading_color":"#333333","text_color":"#ffffff","text_alignment":"text-center","mobile_heading_font_size":"text-lg","desktop_heading_font_size":"md:text-lg","mobile_button_font_size":"text-base","desktop_button_font_size":"md:text-base","copy_bottom_spacing":16,"desktop_col_span":"md:w-1\/3"}},"99a3e2b8-41d0-477b-8f91-faca04762ed0":{"type":"multicolumn-block","settings":{"column_image":"shopify:\/\/shop_images\/gds-accessories.webp","card_look":false,"full_width":false,"image_left":true,"border_right":false,"image_width":"md:w-2\/5","image_height":"h-full","subheading":"","heading":"<p>GDS® Ergo™<\/p>","copy":"","cta_label":"SHOP NOW","cta_url":"\/collections\/gds-technology-gds-ergo","button_style":"btn-green","subheading_color":"#ffffff","heading_color":"#333333","text_color":"#ffffff","text_alignment":"text-center","mobile_heading_font_size":"text-lg","desktop_heading_font_size":"md:text-lg","mobile_button_font_size":"text-base","desktop_button_font_size":"md:text-base","copy_bottom_spacing":16,"desktop_col_span":"md:w-1\/3"}},"ec6798d8-c870-4d3a-a2ad-043d663b44a9":{"type":"banner","settings":{"banner_url":"\/collections\/gds-technology-intelliskin","banner_image":"shopify:\/\/shop_images\/gds-ecosystem.jpg","banner_hover":"shopify:\/\/shop_images\/gds-ecosystem-hover.jpg"}},"045f33a5-b3dc-4e6e-952e-ff933558303a":{"type":"multicolumn-block","settings":{"column_image":"shopify:\/\/shop_images\/tough-dock.jpg","card_look":false,"full_width":false,"image_left":true,"border_right":false,"image_width":"md:w-2\/5","image_height":"h-full","subheading":"<p>GDS® Ecosystem™<\/p>","heading":"<p>GDS® Tough-Dock™ & Cool-Dock™<\/p>","copy":"<p>The GDS® Tough-Dock™ and GDS® Cool-Dock™ are the newest vehicle docks in the GDS® Tech™ line of vehicle docks designed to support IntelliSkin® Next Gen protective sleeve for your fleet, with cooling technology.<\/p>","cta_label":"LEARN MORE","cta_url":"\/pages\/gds-tough-dock","button_style":"btn-dark","subheading_color":"#2e3439","heading_color":"#333333","text_color":"#525252","text_alignment":"text-left","mobile_heading_font_size":"text-xl","desktop_heading_font_size":"md:text-xl","mobile_button_font_size":"text-base","desktop_button_font_size":"md:text-base","copy_bottom_spacing":16,"desktop_col_span":"md:w-full"}},"c051afbd-685c-41f8-89c9-b2bd5e4d2878":{"type":"multicolumn-block","settings":{"column_image":"shopify:\/\/shop_images\/gds-hub.webp","card_look":false,"full_width":false,"image_left":true,"border_right":false,"image_width":"md:w-2\/5","image_height":"h-full","subheading":"<p>GDS® Ecosystem™<\/p>","heading":"<p>GDS® Hub™<\/p>","copy":"<p>Bring the GDS® Ecosystem™ together and power your workflow with numerous ports to ensure all your tech is working seamlessly.<\/p>","cta_label":"LEARN MORE","cta_url":"\/collections\/gds-technology-gds-hub","button_style":"btn-dark","subheading_color":"#2e3439","heading_color":"#333333","text_color":"#525252","text_alignment":"text-left","mobile_heading_font_size":"text-xl","desktop_heading_font_size":"md:text-xl","mobile_button_font_size":"text-base","desktop_button_font_size":"md:text-base","copy_bottom_spacing":16,"desktop_col_span":"md:w-full"}},"f1f322e9-b6c4-44cc-963b-ccfad1be20dc":{"type":"multicolumn-block","settings":{"column_image":"shopify:\/\/shop_images\/gds-view.jpg","card_look":false,"full_width":false,"image_left":true,"border_right":false,"image_width":"md:w-2\/5","image_height":"h-full","subheading":"<p>GDS® Ecosystem™<\/p>","heading":"<p>GDS® View™<\/p>","copy":"<p>This anti-glare, two-point capacitive touchscreen is packed with features that make it ideal for in-vehicle use.<\/p>","cta_label":"LEARN MORE","cta_url":"\/collections\/gds-view-monitor","button_style":"btn-dark","subheading_color":"#2e3439","heading_color":"#333333","text_color":"#525252","text_alignment":"text-left","mobile_heading_font_size":"text-xl","desktop_heading_font_size":"md:text-xl","mobile_button_font_size":"text-base","desktop_button_font_size":"md:text-base","copy_bottom_spacing":16,"desktop_col_span":"md:w-full"}},"4a5f28ac-05ae-43e8-a4e6-9c6cdd816501":{"type":"multicolumn-block","settings":{"column_image":"shopify:\/\/shop_images\/gds-keyboard.jpg","card_look":false,"full_width":false,"image_left":true,"border_right":false,"image_width":"md:w-2\/5","image_height":"h-full","subheading":"<p>GDS® Ecosystem™<\/p>","heading":"<p>GDS® Keyboard™<\/p>","copy":"<p>RAM® Mounts Compatible™ GDS® keyboard solutions provide durability and reliability for your mobile workstation.<\/p>","cta_label":"LEARN MORE","cta_url":"\/collections\/gds-keyboard-keyboards","button_style":"btn-dark","subheading_color":"#2e3439","heading_color":"#333333","text_color":"#525252","text_alignment":"text-left","mobile_heading_font_size":"text-xl","desktop_heading_font_size":"md:text-xl","mobile_button_font_size":"text-base","desktop_button_font_size":"md:text-base","copy_bottom_spacing":16,"desktop_col_span":"md:w-full"}},"b5a025b2-36b7-4dff-9c53-49efe43dc0c3":{"type":"multicolumn-block","settings":{"column_image":"shopify:\/\/shop_images\/gds-audio-real.jpg","card_look":false,"full_width":false,"image_left":true,"border_right":false,"image_width":"md:w-2\/5","image_height":"h-full","subheading":"<p>GDS® Ecosystem™<\/p>","heading":"<p>GDS® Audio™<\/p>","copy":"<p>Enhance your device’s sound with this wired speaker that can easily be secured with a number of RAM® mounting brackets.<\/p>","cta_label":"LEARN MORE","cta_url":"\/collections\/gds-technology-gds-audio","button_style":"btn-dark","subheading_color":"#2e3439","heading_color":"#333333","text_color":"#525252","text_alignment":"text-left","mobile_heading_font_size":"text-xl","desktop_heading_font_size":"md:text-xl","mobile_button_font_size":"text-base","desktop_button_font_size":"md:text-base","copy_bottom_spacing":16,"desktop_col_span":"md:w-full"}}},"block_order":["1650579110830c2eee-0","16c8139c-d7dd-4e24-bdd7-2b9ebdfa9c83","86afe9a5-33a8-447f-8487-1929b3b2dbe3","99a3e2b8-41d0-477b-8f91-faca04762ed0","ec6798d8-c870-4d3a-a2ad-043d663b44a9","045f33a5-b3dc-4e6e-952e-ff933558303a","c051afbd-685c-41f8-89c9-b2bd5e4d2878","f1f322e9-b6c4-44cc-963b-ccfad1be20dc","4a5f28ac-05ae-43e8-a4e6-9c6cdd816501","b5a025b2-36b7-4dff-9c53-49efe43dc0c3"],"settings":{"section_id":"gds-ecosystem","section_class":"","back_color":"","content_width":false,"full_width":false,"column_padding":"px-2","tile_font_family":"font-heading","mobile_vertical_padding":"py-8","mobile_horizontal_padding":"px-8","desktop_vertical_padding":"md:py-0","desktop_horizontal_padding":"md:px-8","heading_tag":"h2","heading":"","copy":"","heading_color":"#ffffff","heading_font_family":"font-heading","copy_font_family":"font-body","heading_bottom_spacing":16,"copy_bottom_spacing":16,"text_alignment":"text-left","desktop_heading_font_size":"md:text-xl","desktop_copy_font_size":"md:text-base","mobile_heading_font_size":"text-xl","mobile_copy_font_size":"text-base"}},"16506402879d23dada":{"type":"gds-tech","disabled":true,"blocks":{"16506402876d34f054-0":{"type":"multicolumn-block","settings":{"column_image":"shopify:\/\/shop_images\/power-delivery.jpg","card_look":true,"full_width":false,"image_left":true,"border_right":false,"image_width":"md:w-2\/5","image_height":"h-full","subheading":"","heading":"<p>Understanding<br\/>Power Delivery<\/p>","copy":"","cta_label":"LEARN MORE","cta_url":"#","button_style":"btn-transparent","subheading_color":"rgba(0,0,0,0)","heading_color":"#333333","text_color":"#ffffff","text_alignment":"text-center","mobile_heading_font_size":"text-lg","desktop_heading_font_size":"md:text-lg","mobile_button_font_size":"text-base","desktop_button_font_size":"md:text-base","copy_bottom_spacing":16,"desktop_col_span":"md:w-1\/3"}},"15709964-3af1-4cd0-b66d-d01a4b32cc9f":{"type":"multicolumn-block","settings":{"column_image":"shopify:\/\/shop_images\/intelliskin-care.jpg","card_look":true,"full_width":false,"image_left":true,"border_right":false,"image_width":"md:w-2\/5","image_height":"h-full","subheading":"","heading":"<p>Caring for<br\/>your IntelliSkin®<\/p>","copy":"","cta_label":"LEARN MORE","cta_url":"#","button_style":"btn-transparent","subheading_color":"#ffffff","heading_color":"#333333","text_color":"#ffffff","text_alignment":"text-center","mobile_heading_font_size":"text-lg","desktop_heading_font_size":"md:text-lg","mobile_button_font_size":"text-base","desktop_button_font_size":"md:text-base","copy_bottom_spacing":16,"desktop_col_span":"md:w-1\/3"}},"bb96d567-e162-470e-9db4-180f14aaef1f":{"type":"multicolumn-block","settings":{"column_image":"shopify:\/\/shop_images\/gds-faqs.webp","card_look":true,"full_width":false,"image_left":true,"border_right":false,"image_width":"md:w-2\/5","image_height":"h-full","subheading":"","heading":"<p>Commonly Asked<br\/>Questions<\/p>","copy":"","cta_label":"LEARN MORE","cta_url":"#","button_style":"btn-transparent","subheading_color":"#ffffff","heading_color":"#333333","text_color":"#ffffff","text_alignment":"text-center","mobile_heading_font_size":"text-lg","desktop_heading_font_size":"md:text-lg","mobile_button_font_size":"text-base","desktop_button_font_size":"md:text-base","copy_bottom_spacing":16,"desktop_col_span":"md:w-1\/3"}}},"block_order":["16506402876d34f054-0","15709964-3af1-4cd0-b66d-d01a4b32cc9f","bb96d567-e162-470e-9db4-180f14aaef1f"],"settings":{"section_id":"optimize-your-gds","section_class":"","back_color":"#f4f4f6","content_width":false,"full_width":false,"column_padding":"px-2","tile_font_family":"font-heading","mobile_vertical_padding":"py-8","mobile_horizontal_padding":"px-8","desktop_vertical_padding":"md:py-12","desktop_horizontal_padding":"md:px-8","heading_tag":"h2","heading":"<p>OPTIMIZE GDS®TECH™<\/p>","copy":"","heading_color":"#2e3439","heading_font_family":"font-heading","copy_font_family":"font-body","heading_bottom_spacing":56,"copy_bottom_spacing":16,"text_alignment":"text-center","desktop_heading_font_size":"md:text-2xl","desktop_copy_font_size":"md:text-base","mobile_heading_font_size":"text-xl","mobile_copy_font_size":"text-base"}},"1650643732e06dca8e":{"type":"gds-tech","blocks":{"a53dd6b2-13cf-4ccb-ba2c-f435197890c2":{"type":"case_studies","settings":{"column_image":"shopify:\/\/shop_images\/waxie-case-study.jpg","heading":"<p>Waxie<\/p>","copy":"<p>With the costs of using older technology in the warehouse adding up, WAXIE needed to move “into<\/p>","cta_label":"READ MORE","cta_url":"\/pages\/case-study-waxie","heading_color":"#2e3439","text_color":"#525252","cta_color":"#2e3439"}},"e3ef6399-2cfb-4899-98c8-3731efc52720":{"type":"case_studies","settings":{"column_image":"shopify:\/\/shop_images\/paper-transport-case-study.jpg","heading":"<p>Paper Transport, INC.<\/p>","copy":"<p>With the ELD mandate on the horizon, Paper Transport needed a solution to protect, dock, and<\/p>","cta_label":"READ MORE","cta_url":"\/pages\/case-study-paper-transport","heading_color":"#333333","text_color":"#525252","cta_color":"#2e3439"}}},"block_order":["a53dd6b2-13cf-4ccb-ba2c-f435197890c2","e3ef6399-2cfb-4899-98c8-3731efc52720"],"settings":{"section_id":"case-studies","section_class":"","back_color":"#f4f4f6","content_width":false,"full_width":false,"column_padding":"px-2","tile_font_family":"font-heading","mobile_vertical_padding":"py-8","mobile_horizontal_padding":"px-8","desktop_vertical_padding":"md:py-12","desktop_horizontal_padding":"md:px-8","heading_tag":"h2","heading":"<p>Case Studies<\/p>","copy":"","heading_color":"#2e3439","heading_font_family":"font-heading","copy_font_family":"font-body","heading_bottom_spacing":44,"copy_bottom_spacing":16,"text_alignment":"text-center","desktop_heading_font_size":"md:text-2xl","desktop_copy_font_size":"md:text-base","mobile_heading_font_size":"text-xl","mobile_copy_font_size":"text-base"}},"1650652323eabaff09":{"type":"gds-tech","blocks":{"a77b785a-f696-440c-a809-c120a96c0f20":{"type":"html","settings":{"red_line":false,"heading":"","heading_font_family":"font-heading","heading_bottom_spacing":16,"text_alignment":"text-center","desktop_heading_font_size":"md:text-xl","mobile_heading_font_size":"text-xl","html_block":"<div style=\"margin:0 auto;\" class=\"pxFormGenerator\" id=\"fJEILZLjiaJPc9OCee4HGg\"><\/div>"}}},"block_order":["a77b785a-f696-440c-a809-c120a96c0f20"],"settings":{"section_id":"contact","section_class":"","back_color":"","content_width":true,"full_width":false,"column_padding":"px-2","tile_font_family":"font-heading","mobile_vertical_padding":"py-8","mobile_horizontal_padding":"px-8","desktop_vertical_padding":"md:py-16","desktop_horizontal_padding":"md:px-8","heading_tag":"h2","heading":"<p>Get started with GDS® Tech™<\/p>","copy":"","heading_color":"#333333","heading_font_family":"font-heading","copy_font_family":"font-body","heading_bottom_spacing":36,"copy_bottom_spacing":16,"text_alignment":"text-center","desktop_heading_font_size":"md:text-2xl","desktop_copy_font_size":"md:text-base","mobile_heading_font_size":"text-xl","mobile_copy_font_size":"text-base"}},"1650653257e8c223dd":{"type":"gds-tech","blocks":{"9717a568-92cf-4d7a-b233-a2e03c8bff23":{"type":"html","settings":{"red_line":false,"heading":"","heading_font_family":"font-heading","heading_bottom_spacing":16,"text_alignment":"text-center","desktop_heading_font_size":"md:text-xl","mobile_heading_font_size":"text-xl","html_block":"<iframe class=\"catalog-embed\" allow=\"fullscreen\" src=\"\/\/e.issuu.com\/embed.html?d=gds_catalog&amp;u=rammount\" loading=\"lazy\"><\/iframe>"}}},"block_order":["9717a568-92cf-4d7a-b233-a2e03c8bff23"],"settings":{"section_id":"","section_class":"","back_color":"#f4f4f6","content_width":false,"full_width":false,"column_padding":"px-2","tile_font_family":"font-heading","mobile_vertical_padding":"py-8","mobile_horizontal_padding":"px-8","desktop_vertical_padding":"md:py-16","desktop_horizontal_padding":"md:px-8","heading_tag":"h2","heading":"<p>GDS® TECH™ CATALOG<\/p>","copy":"<p>CLICK TO ENLARGE<\/p>","heading_color":"#2e3439","heading_font_family":"font-heading","copy_font_family":"font-body","heading_bottom_spacing":28,"copy_bottom_spacing":40,"text_alignment":"text-center","desktop_heading_font_size":"md:text-2xl","desktop_copy_font_size":"md:text-base","mobile_heading_font_size":"text-xl","mobile_copy_font_size":"text-base"}}},"order":["1646924600656e7ef4","16497803819b991ef6","1650565611de718cec","1650571533ae593ffd","16600819683a796729","165057911134c71ca5","16506402879d23dada","1650643732e06dca8e","1650652323eabaff09","1650653257e8c223dd"]}