{"sections":{"16557539787551fa8a":{"type":"brand-product","settings":{"text_alignment":"md:text-left","text_alignment_mobile":"text-left","heading":"RAM® Mounts for TomTom Bridge","has_underline":false,"desktop_heading_font_size":"md:text-3xl","heading_font_size":"text-xl","copy":"<p>Simple to install and easy to use, the possibilities are endless with RAM® Mount solutions for your TomTom Bridge Device. Innovative rubber ball and socket technology allow for nearly infinite adjustment and perfect viewing angles. Constructed with the highest quality materials, you can rest assured that your TomTom Bridge Device is safe, secure and within reach. With a cutting edge TomTom Bridge Device, be sure to secure it with the world’s premier mounting solutions from RAM®.<\/p>","copy_font_size":"text-base","brand_image":"shopify:\/\/shop_images\/tomtombridge.jpg","button_text_1":"","button_link_1":"","button_text_2":"","button_link_2":"","button_text_3":"","button_link_3":"","section_bg_color":"#ffffff"}},"1655753973d6f21029":{"type":"ram-tabs-products","blocks":{"16557539731b1767c4-0":{"type":"tab","settings":{"title":"Suction Cup Mounts","content":"","btn_label":"","btn_url":"#","btn_type":"btn-ram","btn_label_2":"RAM® Mount Builder","btn_url_2":"#","btn_type_2":"btn-dark","product_1":"ram-b-347u-tom1","product_2":"ram-b-201u","product_3":"ram-b-201u-c","product_4":"ram-b-224-1u"}},"16557539731b1767c4-1":{"type":"tab","settings":{"title":"Mirror Mounts","content":"","btn_label":"","btn_url":"","btn_type":"btn-ram","btn_label_2":"RAM® Mount Builder","btn_url_2":"","btn_type_2":"btn-dark","product_1":"ram-b-347u-tom1","product_2":"ram-b-201u","product_3":"ram-b-201u-c","product_4":"ram-b-231z-rvmu"}},"16557539731b1767c4-2":{"type":"tab","settings":{"title":"Flat Surface Mounts","content":"","btn_label":"","btn_url":"","btn_type":"btn-ram","btn_label_2":"RAM® Mount Builder","btn_url_2":"","btn_type_2":"btn-dark","product_1":"ram-b-347u-tom1","product_2":"ram-b-201u","product_3":"ram-b-201u-c","product_4":"ram-b-202u"}}},"block_order":["16557539731b1767c4-0","16557539731b1767c4-1","16557539731b1767c4-2"],"settings":{"mobile_vertical_padding":"py-8","mobile_horizontal_padding":"px-8","desktop_vertical_padding":"md:py-12","desktop_horizontal_padding":"md:px-8","heading":"","copy":"","heading_font_family":"font-heading","copy_font_family":"font-body","heading_bottom_spacing":16,"copy_bottom_spacing":16,"text_alignment":"text-center","desktop_heading_font_size":"md:text-xl","desktop_copy_font_size":"md:text-base","mobile_heading_font_size":"text-xl","mobile_copy_font_size":"text-base"}},"16557540750e0e1bd3":{"type":"brand-product","settings":{"text_alignment":"md:text-left","text_alignment_mobile":"text-left","heading":"Suction Cup Mount with TomTom Bridge Adapter Base","has_underline":true,"desktop_heading_font_size":"md:text-xl","heading_font_size":"text-xl","copy":"<p>The RAM® Twist-Lock™ Suction Cup Mount consists of a 3.25\" twist lock suction cup base, double socket system, 2\" X 1.7\" adapter base and installation hardware. The suction cup, twist lock base is designed to have a strong hold on glass and non-porous plastic surfaces, including the <a href=\"\/products\/rap-279c\" target=\"_blank\" title=\"RAM® Portable Friction Dashboard Base\">RAM® Portable Friction Dashboard Base<\/a>. This mount does not require any drilling for installation. The included hardware allows attachment of the TomTom Bridge dock to the mount.<\/p>","copy_font_size":"text-base","brand_image":"shopify:\/\/shop_images\/ramb166tom1iu3.jpg","button_text_1":"","button_link_1":"","button_text_2":"","button_link_2":"","button_text_3":"","button_link_3":"","section_bg_color":"#ffffff"}},"1655754182625749a7":{"type":"brand-product","settings":{"text_alignment":"md:text-left","text_alignment_mobile":"text-left","heading":"Mirror Mount with TomTom Bridge Adapter Base","has_underline":true,"desktop_heading_font_size":"md:text-xl","heading_font_size":"text-xl","copy":"<p>The Universal Mirror Mount consists of a zinc coated u-bolt base, long double socket system, 2\" X 1.7\" adapter base and installation hardware. Included in this package is hardware that will accommodate rails from 0.50\" to 1.25\" in diameter. The base includes black cover caps to be placed over the exposed ends of the u-bolt. The included composite rail adapter can narrow the rail to a minimum width of 0.5\". The included hardware allows attachment of the TomTom Bridge dock to the mount. TomTom Bridge and dock not included with purchase.<\/p>","copy_font_size":"text-base","brand_image":"shopify:\/\/shop_images\/ramb149zctom1iu3.jpg","button_text_1":"","button_link_1":"","button_text_2":"","button_link_2":"","button_text_3":"","button_link_3":"","section_bg_color":"#ffffff"}},"1655754919c66172fb":{"type":"brand-product","settings":{"text_alignment":"md:text-left","text_alignment_mobile":"text-left","heading":"Flat Mount with TomTom Bridge Adapter Base","has_underline":true,"desktop_heading_font_size":"md:text-xl","heading_font_size":"text-xl","copy":"<p>The Flat Surface Drill-Down Mount consists of the 2.5\" diameter round base with 1\" ball, double socket arm, 2\" X 1.7\" adapter base and installation hardware. TomTom Bridge and dock not included with purchase.<\/p>","copy_font_size":"text-base","brand_image":"shopify:\/\/shop_images\/ramb202tom1iu1.jpg","button_text_1":"","button_link_1":"","button_text_2":"","button_link_2":"","button_text_3":"","button_link_3":"","section_bg_color":"#ffffff"}},"1648581111639f05ed":{"type":"featured-blogs","disabled":true,"settings":{"heading":"ADVICE & <span>RAM<\/span>SPIRATION","text_desktop_alignment":"md:text-center","heading_font_size_desktop":"sm:text-xl","heading_font_size_mobile":"text-xl","mobile_vertical_padding":"py-0","mobile_horizontal_padding":"px-0","desktop_vertical_padding":"md:py-0","desktop_horizontal_padding":"md:px-0","heading_font_size_desktop_post":"sm:text-lg","article_1":"","article_2":"","article_3":"","full_width":true}}},"order":["16557539787551fa8a","1655753973d6f21029","16557540750e0e1bd3","1655754182625749a7","1655754919c66172fb","1648581111639f05ed"]}