{"sections":{"16564340366a5262d5":{"type":"hero-carousel","blocks":{"a3c42d2e-f0fd-44cf-a44c-44d69675f8bc":{"type":"slide","settings":{"page_url":"","desktop_image":"shopify:\/\/shop_images\/arcs-foundation_2x_f3854a9b-ad08-44a6-837f-448aff92ef24.jpg","video_url":"","mobile_image":"shopify:\/\/shop_images\/arcs-foundation-mobile.jpg","mobile_video_url":"","slide_btn_color":"#000000"}},"b2e5e286-57e1-4fa1-8bec-188415607114":{"type":"slide","settings":{"page_url":"","desktop_image":"shopify:\/\/shop_images\/pacific-science-center_2x_1.jpg","video_url":"","mobile_image":"shopify:\/\/shop_images\/pacific-science-center-mobile.jpg","mobile_video_url":"","slide_btn_color":"#000000"}},"8459dd65-150d-4d3c-94c4-a846e15f72df":{"type":"slide","settings":{"page_url":"","desktop_image":"shopify:\/\/shop_images\/seattle-childrens_2x_34f6763f-75e9-4131-85f3-d6bc5985b6a7.jpg","video_url":"","mobile_image":"shopify:\/\/shop_images\/seattle-childrens-mobile.jpg","mobile_video_url":"","slide_btn_color":"#000000"}},"e95a2bf0-6b08-4c13-9533-456192bbd092":{"type":"slide","settings":{"page_url":"","desktop_image":"shopify:\/\/shop_images\/Arboretum_2x_041688e4-3554-4261-8dac-6209efd2693d.jpg","video_url":"","mobile_image":"shopify:\/\/shop_images\/Arboretum-mobile.jpg","mobile_video_url":"","slide_btn_color":"#000000"}}},"block_order":["a3c42d2e-f0fd-44cf-a44c-44d69675f8bc","b2e5e286-57e1-4fa1-8bec-188415607114","8459dd65-150d-4d3c-94c4-a846e15f72df","e95a2bf0-6b08-4c13-9533-456192bbd092"],"settings":{"enable_arrow":false,"enable_autoplay":true,"slider_speed":2}},"1656434804089b027b":{"type":"ram-title-with-button","settings":{"text_alignment":"md:text-left","text_alignment_mobile":"text-left","heading":"Giving Back","desktop_heading_font_size":"md:text-3xl","heading_font_size":"text-2xl","copy":"<p>RAM® Mounts remains dedicated to providing jobs and supporting our local communities. Since our founding, RAM® has supported organizations that affect our employees and customers. Some of these areas include health and human services, arts and cultural programs, education, environmental, and community services. Below are some of the organizations we support:<\/p>","copy_font_size":"text-base","btn_label":"","btn_url":"#","btn_type":"btn-ram","section_bg_color":"#ffffff"}},"1648581111639f05ed":{"type":"featured-blogs","disabled":true,"settings":{"heading":"ADVICE & <span>RAM<\/span>SPIRATION","text_desktop_alignment":"md:text-center","heading_font_size_desktop":"sm:text-xl","heading_font_size_mobile":"text-xl","mobile_vertical_padding":"py-0","mobile_horizontal_padding":"px-0","desktop_vertical_padding":"md:py-0","desktop_horizontal_padding":"md:px-0","heading_font_size_desktop_post":"sm:text-lg","article_1":"","article_2":"","article_3":"","full_width":true}},"16581855974bf0355f":{"type":"link-list","blocks":{"16581855979950f4ee-0":{"type":"collection-list","settings":{"heading":"","content":"<p><a href=\"http:\/\/www.uwmedicine.org\/airlift-nw\/aircare\/washington\" target=\"_blank\">Airlift NW<\/a><\/p><p><a href=\"https:\/\/www.arboretumfoundation.org\/\" target=\"_blank\">Arboretum Foundation<\/a><\/p><p><a href=\"https:\/\/www.arcsfoundation.org\/\" target=\"_blank\">ARCS Foundation<\/a><\/p><p><a href=\"https:\/\/biglife.org\/\" target=\"_blank\">Big Life<\/a><\/p><p><a href=\"https:\/\/www.eastsideprep.org\/\" target=\"_blank\">Eastside Prep School<\/a><\/p><p><a href=\"https:\/\/www.epiphanyschool.org\/\" target=\"_blank\">Epiphany School<\/a><\/p><p><a href=\"http:\/\/www.wgaesf.org\/site\/c.dwJTKiO0JgI8G\/b.6021361\/k.8BED\/WGAESF_Home.htm\" target=\"_blank\">Evans Scholars Foundation<\/a><\/p><p><a href=\"http:\/\/www.forestridge.org\/page\" target=\"_blank\">Forest Ridge School<\/a><\/p><p><a href=\"http:\/\/www.fredhutch.org\/en.html\" target=\"_blank\">Fred Hutch Cancer Research Center<\/a><\/p><p><a href=\"https:\/\/www.apsfh.com\/\" target=\"_blank\">Friday Harbor Animal Shelter<\/a><\/p><p><a href=\"http:\/\/www.sjisd.wednet.edu\/fhhs\" target=\"_blank\">Friday Harbor High School<\/a><\/p><p><a href=\"https:\/\/islandwood.org\/\" target=\"_blank\">Islandwood<\/a><\/p><p><a href=\"http:\/\/www.lotusland.org\/\" target=\"_blank\">Lotusland Santa Barbara<\/a><\/p><p><a href=\"http:\/\/www.marysplaceseattle.org\/\" target=\"_blank\">Mary's Place<\/a><\/p>"}},"33dd1556-23a0-44bf-a72b-ca0afc34f658":{"type":"collection-list","settings":{"heading":"","content":"<p><a href=\"http:\/\/www.museumofflight.org\/\" target=\"_blank\">Museum of Flight<\/a><\/p><p><a href=\"http:\/\/www.pnb.org\/\" target=\"_blank\">Pacific Northwest Ballet<\/a><\/p><p><a href=\"https:\/\/www.pacificsciencecenter.org\/\" target=\"_blank\">Pacific Science Center<\/a><\/p><p><a href=\"https:\/\/washington.providence.org\/supportive-housing\/regina-house\/\" target=\"_blank\">Providence Regina House<\/a><\/p><p><a href=\"http:\/\/www.redcross.org\/\" target=\"_blank\">Red Cross<\/a><\/p><p><a href=\"http:\/\/www.salvationarmy.org\/\" target=\"_blank\">Salvation Army<\/a><\/p><p><a href=\"http:\/\/sjiagguild.com\/\" target=\"_blank\">San Juan Islands Agricultural Guild<\/a><\/p><p><a href=\"http:\/\/www.seadocsociety.org\/\" target=\"_blank\">Sea Doc Society<\/a><\/p><p><a href=\"https:\/\/www.sealifer3.org\/\" target=\"_blank\" title=\"Sea Life Response, Rehabilitation, & Research\">SR3<\/a><\/p><p><a href=\"http:\/\/www.seattleaquarium.org\/?gclid=CLHPhvHM-8YCFURcfgodDGwO2A\" target=\"_blank\">Seattle Aquarium<\/a><\/p><p><a href=\"http:\/\/www.seattleartmuseum.org\/visit\/seattle-art-museum\" target=\"_blank\">Seattle Art Museum<\/a><\/p><p><a href=\"https:\/\/www.seattlechildrens.org\/\" target=\"_blank\">Seattle Children’s Hospital<\/a><\/p><p><a href=\"http:\/\/www.seattle.gov\/fire\/\" target=\"_blank\">Seattle Fire Department<\/a><\/p><p><a href=\"http:\/\/seattleopera.org\/\" target=\"_blank\">Seattle Opera<\/a><\/p>"}},"f67f370e-f17c-457f-89e4-e01a4b7cc757":{"type":"collection-list","settings":{"heading":"","content":"<p><a href=\"http:\/\/www.seattle.gov\/police\/\" target=\"_blank\">Seattle Police Department<\/a><\/p><p><a href=\"http:\/\/www.ugm.org\/site\/PageServer?pagename=default\">Seattle Union Gospel Mission<\/a><\/p><p><a href=\"https:\/\/www.stjude.org\/\">St. Jude Hospital<\/a><\/p><p><a href=\"http:\/\/ucdavis.edu\/\" target=\"_blank\">University of California Davis<\/a><\/p><p><a href=\"http:\/\/www.washington.edu\/\" target=\"_blank\">University of Washington<\/a><\/p><p><a href=\"https:\/\/botanicgardens.uw.edu\/washington-park-arboretum\/\" target=\"_blank\">Washington Park Arboretum<\/a><\/p><p><a href=\"https:\/\/wsu.edu\/\" target=\"_blank\">Washington State University<\/a><\/p><p><a href=\"http:\/\/www.westmont.edu\/\" target=\"_blank\">Westmont College<\/a><\/p><p><a href=\"http:\/\/www.westseattlefoodbank.org\/\" target=\"_blank\">West Seattle Food Bank<\/a><\/p><p><a href=\"http:\/\/wildfelids.org\/\" target=\"_blank\">Wild Felid Advocacy Center<\/a><\/p><p><a href=\"https:\/\/wolfhollowwildlife.org\/\">Wolf Hollow WRC<\/a><\/p><p><a href=\"https:\/\/animalshelterwrv.org\/\" target=\"_blank\">Wood River Valley Animal Shelter<\/a><\/p><p><a href=\"http:\/\/www.zoo.org\/\" target=\"_blank\">Woodland Park Zoo<\/a><\/p><p><a href=\"http:\/\/www.ymca.net\/\" target=\"_blank\">YMCA<\/a><\/p>"}}},"block_order":["16581855979950f4ee-0","33dd1556-23a0-44bf-a72b-ca0afc34f658","f67f370e-f17c-457f-89e4-e01a4b7cc757"],"settings":{"section_id":"","section_class":"","full_width":false,"grid_gap":"md:gap-4","grid_columns":"grid-cols-2","grid_columns_dt":"lg:grid-cols-3","mobile_vertical_padding":"py-4","mobile_horizontal_padding":"px-4","desktop_vertical_padding":"md:py-8","desktop_horizontal_padding":"md:px-0","heading_tag":"h2","heading":"","copy":"","heading_font_family":"font-heading","copy_font_family":"font-body","heading_bottom_spacing":0,"copy_bottom_spacing":0,"text_alignment":"text-center","desktop_heading_font_size":"md:text-xl","desktop_copy_font_size":"md:text-base","mobile_heading_font_size":"text-xl","mobile_copy_font_size":"text-base"}}},"order":["16564340366a5262d5","1656434804089b027b","1648581111639f05ed","16581855974bf0355f"]}