{"sections":{"164633050094510fa7":{"type":"hero","settings":{"section_id":"","desktop_image":"shopify:\/\/shop_images\/camera_2a9e8f61-f79a-4f8f-9b31-60a10271f23d.jpg","line_color":"#cd1e27","desktop_image_height":300,"content_desktop_alignment":"md:justify-start","text_desktop_alignment":"md:text-left","desktop_heading":"","desktop_subheading":"","copy":"","heading_tag":"h1","heading_font_size_desktop":"sm:text-5xl","heading_font_size_mobile":"text-3xl","desktop_button_text":"Click Here","desktop_button_link":"","desktop_button_text2":"","desktop_button_link2":"","desktop_text_color":"#ffffff","desktop_subheading_color":"#ffffff","button_bg":"#ffffff","button_hover_bg":"#000000","button_text":"#000000","button_hover_text":"#ffffff","button2_bg":"#ffffff","button2_border_bg":"#ffffff","button2_hover_bg":"#000000","button2_text":"#000000","button2_hover_text":"#ffffff","mobile_image":"shopify:\/\/shop_images\/camera_4949ef96-fef3-49c1-a17a-08b17c3a4666.jpg","mobile_image_height":425,"text_mobile_alignment":"text-left","text_mobile_vertical_alignment":"justify-center","mobile_text_color":"#ffffff","mobile_button_color":"btn"}},"1661295208661025cd":{"type":"ram-title-with-button","settings":{"text_alignment":"md:text-left","text_alignment_mobile":"text-left","heading":"Camera Mounts","desktop_heading_font_size":"md:text-3xl","heading_font_size":"text-2xl","copy":"<p>Capture the best photos and videos possible with camera mounting solutions from RAM® Mounts. With the RAM® ball and socket system, dampen shock and vibration for a steady shot while easily positioning your action camera at the perfect angle. Made with the highest quality materials, depend on RAM® to help you get the shot. Explore the full line of RAM® camera mounts below.<\/p>","copy_font_size":"text-base","btn_label":"Shop All","btn_url":"\/collections\/camera-mounts-complete-kits","btn_type":"btn-ram","section_bg_color":"#f4f4f6"}},"16588636214a09ad55":{"type":"ram-custom-products","blocks":{"1658863621332a9914-0":{"type":"products","settings":{"single_product":"ram-b-166-a-gop1u"}},"1658863621332a9914-1":{"type":"products","settings":{"single_product":"ram-b-149z-gop1u"}},"1658863621332a9914-2":{"type":"products","settings":{"single_product":"rap-425-4-a-gop1"}},"1658863621332a9914-3":{"type":"products","settings":{"single_product":"rap-b-gop2-a-gop1u"}}},"block_order":["1658863621332a9914-0","1658863621332a9914-1","1658863621332a9914-2","1658863621332a9914-3"],"settings":{"full_width":false,"mobile_vertical_padding":"py-8","mobile_horizontal_padding":"px-8","desktop_vertical_padding":"md:py-12","desktop_horizontal_padding":"md:px-8","heading":"<p>Top Suggested Products<\/p>","copy":"","content_vertical_padding":"md:mt-10","heading_font_family":"font-heading","copy_font_family":"font-body","heading_bottom_spacing":16,"copy_bottom_spacing":16,"text_alignment":"text-center","desktop_heading_font_size":"md:text-2xl","desktop_copy_font_size":"md:text-base","mobile_heading_font_size":"text-xl","mobile_copy_font_size":"text-base"}},"1655760169540d09a1":{"type":"brand-product","settings":{"text_alignment":"md:text-left","text_alignment_mobile":"text-left","heading":"Universal Action Camera Adapter","has_underline":true,"desktop_heading_font_size":"md:text-xl","heading_font_size":"text-xl","copy":"<p>Replace the factory mounting bracket of your favorite action camera with this universal adapter. The rubber ball design dampens shock and vibration to help extend the life of your camera, and allows you to take advantage of RAM® mounting solutions like extension poles as well as suction cup and U-bolt bases.<\/p>","copy_font_size":"text-base","brand_image":"shopify:\/\/shop_images\/cameramounts-section1.jpg","button_text_1":"","button_link_1":"","btn_type_1":"btn-ram","button_text_2":"","button_link_2":"","btn_type_2":"btn-dark","button_text_3":"","button_link_3":"","btn_type_3":"btn-ram","section_bg_color":"#ffffff"}},"1655760276c26a46f1":{"type":"brand-product","settings":{"text_alignment":"md:text-left","text_alignment_mobile":"text-left","heading":"¼”-20 Threaded Ball Adapter","has_underline":true,"desktop_heading_font_size":"md:text-xl","heading_font_size":"text-xl","copy":"<p>For any camera with a ¼”-20 thread, this adapter featuring a RAM® rubber ball attaches to enable use of RAM® Mounting Systems™. Get a steady shot every time thanks to shock and vibration damping, and choose from an expansive selection of mounting bases for nearly unlimited camera mounting options.<\/p>","copy_font_size":"text-base","brand_image":"shopify:\/\/shop_images\/cameramounts-section2.jpg","button_text_1":"","button_link_1":"","btn_type_1":"btn-ram","button_text_2":"","button_link_2":"","btn_type_2":"btn-dark","button_text_3":"","button_link_3":"","btn_type_3":"btn-ram","section_bg_color":"#ffffff"}},"1648581111639f05ed":{"type":"featured-blogs","disabled":true,"settings":{"heading":"ADVICE & <span>RAM<\/span>SPIRATION","text_desktop_alignment":"md:text-center","heading_font_size_desktop":"sm:text-xl","heading_font_size_mobile":"text-xl","mobile_vertical_padding":"py-0","mobile_horizontal_padding":"px-0","desktop_vertical_padding":"md:py-0","desktop_horizontal_padding":"md:px-0","heading_font_size_desktop_post":"sm:text-lg","article_1":"","article_2":"","article_3":"","full_width":true}}},"order":["164633050094510fa7","1661295208661025cd","16588636214a09ad55","1655760169540d09a1","1655760276c26a46f1","1648581111639f05ed"]}