{"sections":{"164633050094510fa7":{"type":"hero","settings":{"section_id":"","desktop_image":"shopify:\/\/shop_images\/wireless-banner.jpg","line_color":"#cd1e27","desktop_image_height":300,"content_desktop_alignment":"md:justify-start","text_desktop_alignment":"md:text-left","desktop_heading":"","desktop_subheading":"","copy":"","heading_tag":"h1","heading_font_size_desktop":"sm:text-5xl","heading_font_size_mobile":"text-3xl","desktop_button_text":"Click Here","desktop_button_link":"","desktop_button_text2":"","desktop_button_link2":"","desktop_text_color":"#ffffff","desktop_subheading_color":"#ffffff","button_bg":"#ffffff","button_hover_bg":"#000000","button_text":"#000000","button_hover_text":"#ffffff","button2_bg":"#ffffff","button2_border_bg":"#ffffff","button2_hover_bg":"#000000","button2_text":"#000000","button2_hover_text":"#ffffff","mobile_image":"shopify:\/\/shop_images\/wireless-charger.jpg","mobile_image_height":425,"text_mobile_alignment":"text-left","text_mobile_vertical_alignment":"justify-center","mobile_text_color":"#ffffff","mobile_button_color":"btn"}},"1655416488804526bd":{"type":"ram-title-with-button","settings":{"text_alignment":"md:text-left","text_alignment_mobile":"text-left","heading":"Wireless Charging Phone Mounts","desktop_heading_font_size":"md:text-3xl","heading_font_size":"text-2xl","copy":"<p>RAM® Mounts is proud to introduce the world’s first patented, universal waterproof wireless charging phone mounts. Both the RAM® Tough-Charge™ with X-Grip® Technology and the RAM® Quick-Grip™ Wireless feature Qi charging capabilities, and are compatible with the RAM® double ball and socket mounting system for the ideal placement of your device. These wireless chargers for cars are MagSafe Charger friendly and do not effect the magnetic mounting capabilities. For the best motorcycle phone mount with wireless charger, see the U-bolt handlebar mounts below.<\/p>","copy_font_size":"text-base","btn_label":"","btn_url":"","btn_type":"btn-ram","section_bg_color":"#f4f4f6"}},"1655767365ce22efab":{"type":"ram-tabs-products","blocks":{"1655767365b03b7c24-1":{"type":"tab","settings":{"title":"RAM® Tough-Charge™","content":"","btn_label":"Shop All Wireless Chargers","btn_url":"\/collections\/wireless-charging-mounts-tough-charge","btn_type":"btn-ram","btn_label_2":"RAM® Mount Builder","btn_url_2":"https:\/\/rammount.com\/pages\/mount-builder","btn_type_2":"btn-dark","product_1":"ram-hol-un12wb","product_2":"ram-hol-un12wb-v7m-1","product_3":"ram-b-149z-a-un12w-v7m-1","product_4":"ram-b-400-a-un12w-v7m-1"}},"fd3cc98d-b065-4934-a5cc-b5c7f6c0aca7":{"type":"tab","settings":{"title":"RAM® Quick-Grip™","content":"","btn_label":"Shop All Wireless Chargers","btn_url":"\/collections\/wireless-charging-mounts-quick-grip","btn_type":"btn-ram","btn_label_2":"RAM® Mount Builder","btn_url_2":"https:\/\/rammount.com\/pages\/mount-builder","btn_type_2":"btn-dark","product_1":"ram-hol-un14wb-1","product_2":"ram-hol-un14wb-v7m-1","product_3":"ram-b-166-un14w-1","product_4":"ram-b-400-a-un14w-v7m-1"}},"9cffc9df-43f7-493a-8ad0-97eccf30ba31":{"type":"tab","settings":{"title":"Apple MagSafe","content":"","btn_label":"Shop All MagSafe","btn_url":"https:\/\/rammount.com\/collections\/apple-magsafe-mounts","btn_type":"btn-ram","btn_label_2":"RAM® Mount Builder","btn_url_2":"https:\/\/rammount.com\/pages\/mount-builder","btn_type_2":"btn-dark","product_1":"rap-b-202-ap-magu","product_2":"ram-b-102-ap-magu","product_3":"ram-hol-un15wbu","product_4":"ram-b-166-un15wu"}}},"block_order":["1655767365b03b7c24-1","fd3cc98d-b065-4934-a5cc-b5c7f6c0aca7","9cffc9df-43f7-493a-8ad0-97eccf30ba31"],"settings":{"mobile_vertical_padding":"py-8","mobile_horizontal_padding":"px-8","desktop_vertical_padding":"md:py-12","desktop_horizontal_padding":"md:px-8","heading":"<p>Top Mounting Solutions<\/p>","copy":"","content_vertical_padding":"md:mt-10","heading_font_family":"font-heading","copy_font_family":"font-body","heading_bottom_spacing":16,"copy_bottom_spacing":16,"text_alignment":"text-center","desktop_heading_font_size":"md:text-xl","desktop_copy_font_size":"md:text-base","mobile_heading_font_size":"text-xl","mobile_copy_font_size":"text-base"}},"16557673694fb1ad58":{"type":"brand-product","settings":{"text_alignment":"md:text-left","text_alignment_mobile":"text-left","heading":"RAM® Tough-Charge™ with X-Grip® Technology","has_underline":true,"desktop_heading_font_size":"md:text-xl","heading_font_size":"text-xl","copy":"<p>Featuring popular, spring-loaded RAM® X-Grip® technology, this phone holder’s arms expand and contract to secure nearly any phone while delivering Qi wireless charging. Each arm includes rubber-coated caps, and the open design keeps your phone, buttons, and switches fully functional.<\/p>","copy_font_size":"text-base","brand_image":"shopify:\/\/shop_images\/wireless-tough-charge.jpg","button_text_1":"","button_link_1":"","btn_type_1":"btn-ram","button_text_2":"","button_link_2":"","btn_type_2":"btn-dark","button_text_3":"","button_link_3":"","btn_type_3":"btn-ram","section_bg_color":"#ffffff"}},"1658958000843af3d5":{"type":"brand-product","settings":{"text_alignment":"md:text-left","text_alignment_mobile":"text-left","heading":"RAM® Quick-Grip™ Wireless","has_underline":true,"desktop_heading_font_size":"md:text-xl","heading_font_size":"text-xl","copy":"<p>As part of the spring-loaded RAM® Quick-Grip™ family of phone holders, take advantage of one-handed placement and removal of your phone as well as Qi wireless charging. Top and bottom docking cups with rubber inserts provide a secure fit, with your phone screen remaining fully functional.<\/p>","copy_font_size":"text-base","brand_image":"shopify:\/\/shop_images\/wireless-QG.jpg","button_text_1":"","button_link_1":"","btn_type_1":"btn-ram","button_text_2":"","button_link_2":"","btn_type_2":"btn-dark","button_text_3":"","button_link_3":"","btn_type_3":"btn-ram","section_bg_color":"#ffffff"}},"165576754445ef1c63":{"type":"brand-product","settings":{"text_alignment":"md:text-left","text_alignment_mobile":"text-left","heading":"Waterproof","has_underline":true,"desktop_heading_font_size":"md:text-xl","heading_font_size":"text-xl","copy":"<p>From on-water applications to protecting your wireless charging phone holder from accidental spills, the RAM® Tough-Charge™ and RAM® Quick-Grip™ are fully waterproof. A silicone sleeve is also included to ensure the USB connection is kept waterproof as well.<\/p>","copy_font_size":"text-base","brand_image":"shopify:\/\/shop_images\/wireless-waterproof.jpg","button_text_1":"","button_link_1":"","btn_type_1":"btn-ram","button_text_2":"","button_link_2":"","btn_type_2":"btn-dark","button_text_3":"","button_link_3":"","btn_type_3":"btn-ram","section_bg_color":"#ffffff"}},"16558184857ded2f91":{"type":"brand-product","settings":{"text_alignment":"md:text-left","text_alignment_mobile":"text-left","heading":"Universal","has_underline":true,"desktop_heading_font_size":"md:text-xl","heading_font_size":"text-xl","copy":"<p>Pair the RAM® Tough-Charge™ and RAM® Quick-Grip™ with any phone and case that supports Qi wireless charging. The RAM® Tough-Charge™ features a support leg that can easily be adjusted or removed for added security and the RAM® Quick-Grip™ features top & bottom cups which are designed to hold different sizes of phones firmly in place.<\/p>","copy_font_size":"text-base","brand_image":"shopify:\/\/shop_images\/wireless-universal.jpg","button_text_1":"","button_link_1":"","btn_type_1":"btn-ram","button_text_2":"","button_link_2":"","btn_type_2":"btn-dark","button_text_3":"","button_link_3":"","btn_type_3":"btn-ram","section_bg_color":"#ffffff"}},"1655846091c2f100f6":{"type":"brand-product","settings":{"text_alignment":"md:text-left","text_alignment_mobile":"text-left","heading":"Safety Tethers Included","has_underline":true,"desktop_heading_font_size":"md:text-xl","heading_font_size":"text-xl","copy":"<p>Designed for outdoor applications and rugged use, each RAM® Tough-Charge™ and RAM®Quick-Grip™ includes a safety tether. <\/p>","copy_font_size":"text-base","brand_image":"shopify:\/\/shop_images\/wireless-tethers.jpg","button_text_1":"","button_link_1":"","btn_type_1":"btn-ram","button_text_2":"","button_link_2":"","btn_type_2":"btn-dark","button_text_3":"","button_link_3":"","btn_type_3":"btn-ram","section_bg_color":"#ffffff"}},"16558461088ab2c3aa":{"type":"brand-product","settings":{"text_alignment":"md:text-left","text_alignment_mobile":"text-left","heading":"Power Accessories","has_underline":true,"desktop_heading_font_size":"md:text-xl","heading_font_size":"text-xl","copy":"<p>The RAM® Tough-Charge™ and RAM® Quick-Grip™ supports power output up to 10W. Depending on your use case, Qi charging capabilities can be delivered directly via USB, with a cigarette lighter adapter charger, or with a hardwire charger.<\/p>","copy_font_size":"text-base","brand_image":"shopify:\/\/shop_images\/wireless-power-accessories.jpg","button_text_1":"Shop Accessories","button_link_1":"\/collections\/wireless-charging-mounts-accessories","btn_type_1":"btn-ram","button_text_2":"","button_link_2":"","btn_type_2":"btn-dark","button_text_3":"","button_link_3":"","btn_type_3":"btn-ram","section_bg_color":"#ffffff"}}},"order":["164633050094510fa7","1655416488804526bd","1655767365ce22efab","16557673694fb1ad58","1658958000843af3d5","165576754445ef1c63","16558184857ded2f91","1655846091c2f100f6","16558461088ab2c3aa"]}