{"sections":{"1655758627a5725b67":{"type":"ram-images-with-title","blocks":{"d5b0fd5a-b55c-4bb6-9151-af97472f8ddb":{"type":"image_icon","settings":{"image":"shopify:\/\/shop_images\/RAM_Mounts_Powersports_Catalog-1.jpg","text":"<p>Powersports Catalog<\/p>","url":"https:\/\/issuu.com\/rammount\/docs\/powersports_catalog?fr=sNmI0YzQ1ODMwMTA","desktop_text_font_size":"md:text-lg","mobile_text_font_size":"text-lg"}},"165575862790c9fe61-0":{"type":"image_icon","settings":{"image":"shopify:\/\/shop_images\/Aviation_catalog2_56adde24-3db2-47d7-b3cb-852cfcc2f5e5.jpg","text":"<p>Aviation Catalog<\/p>","url":"https:\/\/issuu.com\/rammount\/docs\/aviation_catalog?fr=sMTkwYzQ1ODMwMTA","desktop_text_font_size":"md:text-lg","mobile_text_font_size":"text-lg"}},"165575862790c9fe61-1":{"type":"image_icon","settings":{"image":"shopify:\/\/shop_images\/Apple_catalog.jpg","text":"<p>Apple Catalog<\/p>","url":"https:\/\/issuu.com\/rammount\/docs\/apple_solutions_catalog?fr=sNGY4NzE0MzE0MTY","desktop_text_font_size":"md:text-lg","mobile_text_font_size":"text-lg"}},"165575862790c9fe61-2":{"type":"image_icon","settings":{"image":"shopify:\/\/shop_images\/catalog-material-handling2.jpg","text":"<p>Material Handling Catalog<\/p>","url":"https:\/\/issuu.com\/rammount\/docs\/material_handling_catalog_5b7551219447a6?e=13067616\/56849126","desktop_text_font_size":"md:text-lg","mobile_text_font_size":"text-lg"}},"165575862790c9fe61-3":{"type":"image_icon","settings":{"image":"shopify:\/\/shop_images\/Zebra_catalog.jpg","text":"<p>Zebra Catalog<\/p>","url":"https:\/\/issuu.com\/rammount\/docs\/zebra_catalog?fr=sMDhjYjE0MzE0MTY","desktop_text_font_size":"md:text-lg","mobile_text_font_size":"text-lg"}},"7fd86194-1180-4894-be1a-a6a50bdbaac3":{"type":"image_icon","settings":{"image":"shopify:\/\/shop_images\/Bicycle_catalog2.jpg","text":"<p>Bicycle Catalog<\/p>","url":"https:\/\/issuu.com\/rammount\/docs\/cycle_mounts?e=13067616\/47867624","desktop_text_font_size":"md:text-lg","mobile_text_font_size":"text-lg"}},"c6153585-9daa-40a1-a73a-418882415673":{"type":"image_icon","settings":{"image":"shopify:\/\/shop_images\/off-road_catalog.jpg","text":"<p>Off-Road Catalog<\/p>","url":"https:\/\/issuu.com\/rammount\/docs\/off-road_catalog?fr=sNDllZDE0MzE0MTY","desktop_text_font_size":"md:text-lg","mobile_text_font_size":"text-lg"}},"e58d8f04-2d30-4672-9b2d-5cfb6ea00f91":{"type":"image_icon","settings":{"image":"shopify:\/\/shop_images\/Catalog_GDS.jpg","text":"<p>GDS® Technology™ Catalog<\/p>","url":"https:\/\/issuu.com\/rammount\/docs\/gds_catalog?e=13067616\/32275290","desktop_text_font_size":"md:text-lg","mobile_text_font_size":"text-lg"}},"215ca042-2f29-43c1-9a49-8b809d0f14cf":{"type":"image_icon","settings":{"image":"shopify:\/\/shop_images\/Honeywell_catalog.jpg","text":"<p>Honeywell Catalog<\/p>","url":"https:\/\/issuu.com\/rammount\/docs\/honeywell_catalog?fr=sYjM2YzE0MzE0MTY","desktop_text_font_size":"md:text-lg","mobile_text_font_size":"text-lg"}},"41b1bb88-ad47-4104-8c41-14480dec028c":{"type":"image_icon","settings":{"image":"shopify:\/\/shop_images\/On-Road_catalog.jpg","text":"<p>On-Road Catalog<\/p>","url":"https:\/\/issuu.com\/rammount\/docs\/on-road_catalog?fr=sYmY0ZTE0MzE0MTY","desktop_text_font_size":"md:text-lg","mobile_text_font_size":"text-lg"}},"de5a079a-47fd-4cba-9682-0b65d9397043":{"type":"image_icon","settings":{"image":"shopify:\/\/shop_images\/On-Water_catalog.jpg","text":"<p>On-Water Catalog<\/p>","url":"https:\/\/issuu.com\/rammount\/docs\/on-water_catalog?fr=sZTNhMTE0MzE0MTY","desktop_text_font_size":"md:text-lg","mobile_text_font_size":"text-lg"}},"a904291e-6e65-48a1-a00a-b07e2999d29f":{"type":"image_icon","settings":{"image":"shopify:\/\/shop_images\/Samsung-Mounting-Solutions-catalog.jpg","text":"<p>Samsung Catalog<\/p>","url":"https:\/\/issuu.com\/rammount\/docs\/samsung_solutions_catalog?fr=sZTU1ZTM5ODIz","desktop_text_font_size":"md:text-lg","mobile_text_font_size":"text-lg"}},"1e69a8d6-7f77-40b2-a5dc-68e7150d59a0":{"type":"image_icon","settings":{"image":"shopify:\/\/shop_images\/Accessibility_catalog.jpg","text":"<p>Accessibility Catalog<\/p>","url":"https:\/\/issuu.com\/rammount\/docs\/accessibility_catalog?fr=sMmNhMDM5ODIz","desktop_text_font_size":"md:text-lg","mobile_text_font_size":"text-lg"}},"119f6e77-deea-4e6e-b826-960ff80f86ef":{"type":"image_icon","settings":{"image":"shopify:\/\/shop_images\/catalog-agriculture.jpg","text":"<p>Agriculture Catalog<\/p>","url":"https:\/\/issuu.com\/rammount\/docs\/agriculture_catalog?e=13067616\/58616511","desktop_text_font_size":"md:text-lg","mobile_text_font_size":"text-lg"}}},"block_order":["d5b0fd5a-b55c-4bb6-9151-af97472f8ddb","165575862790c9fe61-0","165575862790c9fe61-1","165575862790c9fe61-2","165575862790c9fe61-3","7fd86194-1180-4894-be1a-a6a50bdbaac3","c6153585-9daa-40a1-a73a-418882415673","e58d8f04-2d30-4672-9b2d-5cfb6ea00f91","215ca042-2f29-43c1-9a49-8b809d0f14cf","41b1bb88-ad47-4104-8c41-14480dec028c","de5a079a-47fd-4cba-9682-0b65d9397043","a904291e-6e65-48a1-a00a-b07e2999d29f","1e69a8d6-7f77-40b2-a5dc-68e7150d59a0","119f6e77-deea-4e6e-b826-960ff80f86ef"],"settings":{"section_bg_color":"#ffffff","section_class":"","full_width":true,"red_line":true,"enable_slider":false,"slider_speed":2,"slider_slides":4,"desktop_per_row":"w-1\/4","mobile_per_row":"w-full","justify_items":"justify-start","icon_space":"pb-8","icon_height":250,"icon_size":175,"icon_font_size":"text-xl","icon_font_family":"font-heading","icon_text_space":16,"mobile_vertical_padding":"py-9","mobile_horizontal_padding":"px-8","desktop_vertical_padding":"md:py-8","desktop_horizontal_padding":"md:px-9","heading":"<p>Catalogs<\/p>","copy":"","heading_font_family":"font-body","copy_font_family":"font-body","heading_bottom_spacing":64,"copy_bottom_spacing":0,"text_alignment":"text-center","desktop_heading_font_size":"md:text-4xl","desktop_copy_font_size":"md:text-9xl","mobile_heading_font_size":"text-xl","mobile_copy_font_size":"text-base"}},"1648581111639f05ed":{"type":"featured-blogs","disabled":true,"settings":{"heading":"ADVICE & <span>RAM<\/span>SPIRATION","text_desktop_alignment":"md:text-center","heading_font_size_desktop":"sm:text-xl","heading_font_size_mobile":"text-xl","mobile_vertical_padding":"py-0","mobile_horizontal_padding":"px-0","desktop_vertical_padding":"md:py-0","desktop_horizontal_padding":"md:px-0","heading_font_size_desktop_post":"sm:text-lg","article_1":"","article_2":"","article_3":"","full_width":true}}},"order":["1655758627a5725b67","1648581111639f05ed"]}