{"sections":{"164633050094510fa7":{"type":"hero","settings":{"section_id":"","desktop_image":"shopify:\/\/shop_images\/xbox.jpg","desktop_image_height":300,"content_desktop_alignment":"md:justify-start","text_desktop_alignment":"md:text-left","desktop_heading":"","desktop_subheading":"","copy":"","heading_tag":"h1","heading_font_size_desktop":"sm:text-5xl","heading_font_size_mobile":"text-3xl","desktop_button_text":"Click Here","desktop_button_link":"","desktop_button_text2":"","desktop_button_link2":"","desktop_text_color":"#ffffff","desktop_subheading_color":"#ffffff","button_bg":"#ffffff","button_hover_bg":"#000000","button_text":"#000000","button_hover_text":"#ffffff","button2_bg":"#ffffff","button2_border_bg":"#ffffff","button2_hover_bg":"#000000","button2_text":"#000000","button2_hover_text":"#ffffff","mobile_image":"shopify:\/\/shop_images\/xboxmobile.jpg","mobile_image_height":425,"text_mobile_alignment":"text-left","text_mobile_vertical_alignment":"justify-center","mobile_text_color":"#ffffff","mobile_button_color":"btn"}},"16486560366c7b7837":{"type":"brand-product","settings":{"text_alignment":"md:text-left","text_alignment_mobile":"text-left","heading":"Xbox Adaptive Controller Mounts","has_underline":false,"desktop_heading_font_size":"md:text-4xl","heading_font_size":"text-2xl","copy":"<p>RAM® Mounts has partnered directly with Microsoft to create inclusive gaming mounting solutions for the Xbox Adaptive Controller. From all-in-one kits like wheelchair track mounts and universal body mounts to individual compatible components, find an adaptive solution that works for you. When you're not using the Xbox Adaptive Controller, the versatile RAM® Mounts system makes it easy to swap out the controller for a phone or tablet cradle. Explore the full line of RAM® adaptive kits and components for Xbox below.<\/p>","copy_font_size":"text-base","brand_image":"shopify:\/\/shop_images\/xboxLogo.png","button_text_1":"","button_link_1":"","btn_type_1":"btn-ram","button_text_2":"","button_link_2":"","btn_type_2":"btn-dark","button_text_3":"","button_link_3":"","btn_type_3":"btn-ram","section_bg_color":"#f4f4f6"}},"16555857714b633130":{"type":"ram-custom-products","blocks":{"1655585771d25b0852-0":{"type":"products","settings":{"single_product":"ram-238-wct-2-ms2"}},"1655585771d25b0852-1":{"type":"products","settings":{"single_product":"ram-238-wct-9-ms2"}},"1655585771d25b0852-2":{"type":"products","settings":{"single_product":"rap-400-2-238-ms2"}},"1655585771d25b0852-3":{"type":"products","settings":{"single_product":"ram-bm-l1-293-ms2"}}},"block_order":["1655585771d25b0852-0","1655585771d25b0852-1","1655585771d25b0852-2","1655585771d25b0852-3"],"settings":{"full_width":false,"mobile_vertical_padding":"py-8","mobile_horizontal_padding":"px-8","desktop_vertical_padding":"md:py-12","desktop_horizontal_padding":"md:px-8","heading":"<p>Xbox Adaptive Kits<\/p>","copy":"<p>Whether you're looking for a wheelchair track mount or universal body mount to enable use of the Xbox Adaptive Controller, you'll find a variety of RAM® adaptive kits. RAM® wheelchair track mounts include hardware packs for compatibility with most major wheelchair brands. With the universal body mount, comfortably strap the kit to your leg, arm, or abdomen, or choose the RAM® Tough-Claw™ for mounting directly to your wheelchair's arm or other railing.<\/p>","content_vertical_padding":"md:mt-10","heading_font_family":"font-heading","copy_font_family":"font-body","heading_bottom_spacing":16,"copy_bottom_spacing":16,"text_alignment":"text-left","desktop_heading_font_size":"md:text-xl","desktop_copy_font_size":"md:text-base","mobile_heading_font_size":"text-xl","mobile_copy_font_size":"text-base"}},"1648581111639f05ed":{"type":"featured-blogs","disabled":true,"settings":{"heading":"ADVICE & <span>RAM<\/span>SPIRATION","text_desktop_alignment":"md:text-center","heading_font_size_desktop":"sm:text-xl","heading_font_size_mobile":"text-xl","mobile_vertical_padding":"py-0","mobile_horizontal_padding":"px-0","desktop_vertical_padding":"md:py-0","desktop_horizontal_padding":"md:px-0","heading_font_size_desktop_post":"sm:text-lg","article_1":"","article_2":"","article_3":"","full_width":true}},"165558601453b543cf":{"type":"ram-custom-products","blocks":{"16555860146b365112-0":{"type":"products","settings":{"single_product":"ram-238-wct"}},"16555860146b365112-1":{"type":"products","settings":{"single_product":"rap-400u"}},"16555860146b365112-2":{"type":"products","settings":{"single_product":"rap-200-2u"}},"16555860146b365112-3":{"type":"products","settings":{"single_product":"ram-238-ms2"}}},"block_order":["16555860146b365112-0","16555860146b365112-1","16555860146b365112-2","16555860146b365112-3"],"settings":{"full_width":false,"mobile_vertical_padding":"py-8","mobile_horizontal_padding":"px-8","desktop_vertical_padding":"md:py-12","desktop_horizontal_padding":"md:px-8","heading":"<p>Xbox Adaptive Components<\/p>","copy":"<p>Want to build your own custom solution or add on to your existing RAM® system? Choose from individual adaptive components to enable use of the Xbox Adaptive Controller, including the RAM® Tough-Claw™, swivel arm for wheelchair tracks, and the diamond base adapter with hardware.<\/p>","content_vertical_padding":"md:mt-10","heading_font_family":"font-heading","copy_font_family":"font-body","heading_bottom_spacing":16,"copy_bottom_spacing":16,"text_alignment":"text-left","desktop_heading_font_size":"md:text-xl","desktop_copy_font_size":"md:text-base","mobile_heading_font_size":"text-xl","mobile_copy_font_size":"text-base"}}},"order":["164633050094510fa7","16486560366c7b7837","16555857714b633130","1648581111639f05ed","165558601453b543cf"]}