{"sections":{"164633050094510fa7":{"type":"hero","settings":{"section_id":"","desktop_image":"shopify:\/\/shop_images\/ZOLEO.jpg","line_color":"#cd1e27","desktop_image_height":300,"content_desktop_alignment":"md:justify-start","text_desktop_alignment":"md:text-left","desktop_heading":"","desktop_subheading":"","copy":"","heading_tag":"h1","heading_font_size_desktop":"sm:text-5xl","heading_font_size_mobile":"text-3xl","desktop_button_text":"Click Here","desktop_button_link":"","desktop_button_text2":"","desktop_button_link2":"","desktop_text_color":"#ffffff","desktop_subheading_color":"#ffffff","button_bg":"#ffffff","button_hover_bg":"#000000","button_text":"#000000","button_hover_text":"#ffffff","button2_bg":"#ffffff","button2_border_bg":"#ffffff","button2_hover_bg":"#000000","button2_text":"#000000","button2_hover_text":"#ffffff","mobile_image":"shopify:\/\/shop_images\/ZOLEO-mobile.jpg","mobile_image_height":425,"text_mobile_alignment":"text-left","text_mobile_vertical_alignment":"justify-center","mobile_text_color":"#ffffff","mobile_button_color":"btn"}},"1655416488804526bd":{"type":"ram-title-with-button","settings":{"text_alignment":"md:text-left","text_alignment_mobile":"text-left","heading":"Mounts for ZOLEO®","desktop_heading_font_size":"md:text-3xl","heading_font_size":"text-2xl","copy":"<p>Escape into the backcountry without compromising your safety, your business, or your loved ones' peace of mind with the ZOLEO® satellite communicator. By extending your smartphone's coverage to everywhere on Earth, the ZOLEO® device enables a seamless global messaging system, location sharing, SOS alerting, and automated check-ins at the touch of a button. Discover mounting solutions for ZOLEO® below.<\/p>","copy_font_size":"text-base","btn_label":"","btn_url":"","btn_type":"btn-ram","section_bg_color":"#f4f4f6"}},"1655767365ce22efab":{"type":"ram-tabs-products","blocks":{"1655767365b03b7c24-1":{"type":"tab","settings":{"title":"RAM® X-Grip™","content":"","btn_label":"Shop All RAM®  X-Grip®  Kits","btn_url":"https:\/\/rammount.com\/search?pf_mlt_device_make_model=ZOLEO&pf_mlt_device_make_model_and_condition=true&pf_t_product_line=RAM+X-Grip&q=","btn_type":"btn-ram","btn_label_2":"RAM® Mount Builder","btn_url_2":"shopify:\/\/pages\/mount-builder","btn_type_2":"btn-dark","product_1":"rap-b-102-un7u","product_2":"rap-b-272-a-un7u","product_3":"ram-hol-un7-400u","product_4":"rap-hol-un7b-354-tra1u"}},"fd3cc98d-b065-4934-a5cc-b5c7f6c0aca7":{"type":"tab","settings":{"title":"RAM® Tough-Ball™","content":"","btn_label":"Shop All RAM®  Tough-Ball™  Kits","btn_url":"https:\/\/rammount.com\/search?pf_mlt_device_make_model=ZOLEO&pf_mlt_device_make_model_and_condition=true&pf_t_product_line=Tough-Ball&q=","btn_type":"btn-ram","btn_label_2":"RAM® Mount Builder","btn_url_2":"shopify:\/\/pages\/mount-builder","btn_type_2":"btn-dark","product_1":"rap-b-379u-252025","product_2":"rap-b-224-a-379-252025u","product_3":"ram-b-400-a-366u","product_4":"rap-b-231-2-a-379-252025u"}}},"block_order":["1655767365b03b7c24-1","fd3cc98d-b065-4934-a5cc-b5c7f6c0aca7"],"settings":{"mobile_vertical_padding":"py-8","mobile_horizontal_padding":"px-8","desktop_vertical_padding":"md:py-12","desktop_horizontal_padding":"md:px-8","heading":"<p>Top Mounting Solutions<\/p>","copy":"","content_vertical_padding":"md:mt-10","heading_font_family":"font-heading","copy_font_family":"font-body","heading_bottom_spacing":16,"copy_bottom_spacing":16,"text_alignment":"text-center","desktop_heading_font_size":"md:text-xl","desktop_copy_font_size":"md:text-base","mobile_heading_font_size":"text-xl","mobile_copy_font_size":"text-base"}},"165576754445ef1c63":{"type":"brand-product","settings":{"text_alignment":"md:text-left","text_alignment_mobile":"text-left","heading":"RAM® Tough-Ball™ for ZOLEO®","has_underline":true,"desktop_heading_font_size":"md:text-xl","heading_font_size":"text-xl","copy":"<p>For ZOLEO® devices with the ¼”-20 camera adapter, the RAM® Tough-Ball™ is your go-to. Shop the RAM® Tough-Ball™ and popular kits below.<\/p>","copy_font_size":"text-base","brand_image":"shopify:\/\/shop_images\/ZSL01413_80df6e6e-95bc-45be-bef9-4fa2b8bb69d4.jpg","button_text_1":"Shop RAM® Tough-Ball™  Mounts","button_link_1":"https:\/\/rammount.com\/search?pf_mlt_device_make_model=ZOLEO&pf_mlt_device_make_model_and_condition=true&pf_t_product_line=Tough-Ball&q=","btn_type_1":"btn-ram","button_text_2":"Learn More","button_link_2":"shopify:\/\/blogs\/product-tips-tricks\/ram-zoleo","btn_type_2":"btn-dark","button_text_3":"","button_link_3":"","btn_type_3":"btn-ram","section_bg_color":"#ffffff"}},"16557673694fb1ad58":{"type":"brand-product","settings":{"text_alignment":"md:text-left","text_alignment_mobile":"text-left","heading":"RAM® X-Grip® for ZOLEO®","has_underline":true,"desktop_heading_font_size":"md:text-xl","heading_font_size":"text-xl","copy":"<p>For ZOLEO® devices without the ¼”-20 camera adapter, the RAM® X-Grip® Universal Holder is the perfect fit. Shop the RAM® X-Grip® and popular kits below.<\/p>","copy_font_size":"text-base","brand_image":"shopify:\/\/shop_images\/MAI01719.jpg","button_text_1":"Shop RAM® X-Grip® Mounts","button_link_1":"https:\/\/rammount.com\/search?pf_mlt_device_make_model=ZOLEO&pf_mlt_device_make_model_and_condition=true&pf_t_product_line=RAM+X-Grip&q=","btn_type_1":"btn-ram","button_text_2":"Learn More","button_link_2":"shopify:\/\/blogs\/product-tips-tricks\/ram-zoleo","btn_type_2":"btn-dark","button_text_3":"","button_link_3":"","btn_type_3":"btn-ram","section_bg_color":"#ffffff"}}},"order":["164633050094510fa7","1655416488804526bd","1655767365ce22efab","165576754445ef1c63","16557673694fb1ad58"]}