{"sections":{"164633050094510fa7":{"type":"hero","settings":{"section_id":"","desktop_image":"shopify:\/\/shop_images\/dirt-bike_4dcf9bdd-e9ac-4b61-afcf-7b0a3706d84c.jpg","line_color":"#cd1e27","desktop_image_height":300,"content_desktop_alignment":"md:justify-start","text_desktop_alignment":"md:text-left","desktop_heading":"","desktop_subheading":"","copy":"","heading_tag":"h1","heading_font_size_desktop":"sm:text-5xl","heading_font_size_mobile":"text-3xl","desktop_button_text":"Click Here","desktop_button_link":"","desktop_button_text2":"","desktop_button_link2":"","desktop_text_color":"#ffffff","desktop_subheading_color":"#ffffff","button_bg":"#ffffff","button_hover_bg":"#000000","button_text":"#000000","button_hover_text":"#ffffff","button2_bg":"#ffffff","button2_border_bg":"#ffffff","button2_hover_bg":"#000000","button2_text":"#000000","button2_hover_text":"#ffffff","mobile_image":"shopify:\/\/shop_images\/dirt-bike_57f08b31-a886-4847-800e-2c3c613d13d0.jpg","mobile_image_height":425,"text_mobile_alignment":"text-left","text_mobile_vertical_alignment":"justify-center","mobile_text_color":"#ffffff","mobile_button_color":"btn"}},"1655416488804526bd":{"type":"ram-title-with-button","settings":{"text_alignment":"md:text-left","text_alignment_mobile":"text-left","heading":"Dirt Bike","desktop_heading_font_size":"md:text-3xl","heading_font_size":"text-2xl","copy":"<p>Riders who take their dirt bikes to the limit choose RAM® Mounts to keep their favorite devices safe. With our modular rail mounting solutions, you have several options for securing your action camera or other devices while keeping them accessible and secure – wherever your dirt bike takes you. Explore the full line of RAM® dirt bike mounts below.<\/p>","copy_font_size":"text-base","btn_label":"View Catalog","btn_url":"https:\/\/issuu.com\/rammount\/docs\/off-road_catalog?fr=sNDllZDE0MzE0MTY","btn_type":"btn-ram","section_bg_color":"#f4f4f6"}},"165541670761b7f135":{"type":"partner-logos","disabled":true,"blocks":{"165541670775cccaae-1":{"type":"image_icon","settings":{"image":"shopify:\/\/shop_images\/platform-science.png","text":"","url":"","desktop_text_font_size":"md:text-lg","mobile_text_font_size":"text-lg"}},"165541670775cccaae-0":{"type":"image_icon","settings":{"image":"shopify:\/\/shop_images\/omnitracs.png","text":"","url":"","desktop_text_font_size":"md:text-lg","mobile_text_font_size":"text-lg"}},"165541670775cccaae-2":{"type":"image_icon","settings":{"image":"shopify:\/\/shop_images\/peoplenet_1f191611-006c-4349-8fad-a723a0c49357.png","text":"","url":"","desktop_text_font_size":"md:text-lg","mobile_text_font_size":"text-lg"}},"961b8dce-fb5d-46e5-8ba9-46de6feb6a4d":{"type":"image_icon","settings":{"image":"shopify:\/\/shop_images\/samsung_d37c3cb0-c61c-4e8c-8d56-0863a30ce01e.png","text":"","url":"","desktop_text_font_size":"md:text-lg","mobile_text_font_size":"text-lg"}}},"block_order":["165541670775cccaae-1","165541670775cccaae-0","165541670775cccaae-2","961b8dce-fb5d-46e5-8ba9-46de6feb6a4d"],"settings":{"section_bg_color":"#000000","section_class":"","full_width":true,"red_line":false,"enable_slider":false,"slider_speed":2,"slider_slides":3,"desktop_per_row":"w-1\/4","mobile_per_row":"w-full","justify_items":"justify-center","icon_height":100,"icon_size":225,"icon_space":0,"icon_font_size":"text-xl","icon_font_family":"font-heading","icon_text_space":4,"mobile_vertical_padding":"py-4","mobile_horizontal_padding":"px-8","desktop_vertical_padding":"md:py-4","desktop_horizontal_padding":"md:px-8","heading":"","copy":"","heading_font_family":"font-heading","copy_font_family":"font-body","heading_bottom_spacing":16,"copy_bottom_spacing":16,"text_alignment":"text-center","desktop_heading_font_size":"md:text-xl","desktop_copy_font_size":"md:text-xl","mobile_heading_font_size":"text-xl","mobile_copy_font_size":"text-base"}},"1655767365ce22efab":{"type":"ram-tabs-products","blocks":{"1655767365b03b7c24-1":{"type":"tab","settings":{"title":"Phone Mounts","content":"","btn_label":"Shop All Dirt Bike","btn_url":"\/collections\/dirt-bike-phone-mounts","btn_type":"btn-ram","btn_label_2":"RAM® Mount Builder","btn_url_2":"shopify:\/\/pages\/mount-builder","btn_type_2":"btn-dark","product_1":"ram-hol-un7-400u","product_2":"ram-hol-pd4-400-1u","product_3":"ram-b-149z-a-pd3u","product_4":"ram-b-174-un10"}},"fd3cc98d-b065-4934-a5cc-b5c7f6c0aca7":{"type":"tab","settings":{"title":"Camera Mounts","content":"","btn_label":"Shop All Dirt Bike","btn_url":"\/collections\/dirt-bike-camera-mounts","btn_type":"btn-ram","btn_label_2":"RAM® Mount Builder","btn_url_2":"shopify:\/\/pages\/mount-builder","btn_type_2":"btn-dark","product_1":"ram-b-408-112-15-a-gop1u","product_2":"ram-b-149z-a-gop1u","product_3":"ram-b-174-gop1u","product_4":"ram-b-400-a-366u"}},"a6faa946-e91c-4406-97f8-c68572ad34be":{"type":"tab","settings":{"title":"GPS Mounts","content":"","btn_label":"Shop All Dirt Bike","btn_url":"\/collections\/dirt-bike-gps-mounts","btn_type":"btn-ram","btn_label_2":"RAM® Mount Builder","btn_url_2":"shopify:\/\/pages\/mount-builder","btn_type_2":"btn-dark","product_1":"ram-b-149z-un4u","product_2":"ram-b-149z-ga46","product_3":"ram-b-149z-ga55u","product_4":"ram-b-149z-to10u"}},"4a843802-4fd4-44a2-a21b-3127892cc139":{"type":"tab","settings":{"title":"Components","content":"","btn_label":"Shop All Dirt Bike","btn_url":"\/collections\/dirt-bike-components","btn_type":"btn-ram","btn_label_2":"RAM® Mount Builder","btn_url_2":"shopify:\/\/pages\/mount-builder","btn_type_2":"btn-dark","product_1":"rap-b-401u","product_2":"ram-b-408-75-1u","product_3":"ram-b-411u","product_4":"ram-b-410u"}},"0d254d27-613e-444e-bce7-a0fac627f2f5":{"type":"tab","disabled":true,"settings":{"title":"","content":"","btn_label":"","btn_url":"","btn_type":"btn-ram","btn_label_2":"","btn_url_2":"","btn_type_2":"btn-ram","product_1":"","product_2":"","product_3":"","product_4":""}}},"block_order":["1655767365b03b7c24-1","fd3cc98d-b065-4934-a5cc-b5c7f6c0aca7","a6faa946-e91c-4406-97f8-c68572ad34be","4a843802-4fd4-44a2-a21b-3127892cc139","0d254d27-613e-444e-bce7-a0fac627f2f5"],"settings":{"mobile_vertical_padding":"py-8","mobile_horizontal_padding":"px-8","desktop_vertical_padding":"md:py-12","desktop_horizontal_padding":"md:px-8","heading":"<p>Top Mounting Solutions<\/p>","copy":"","content_vertical_padding":"md:mt-10","heading_font_family":"font-heading","copy_font_family":"font-body","heading_bottom_spacing":16,"copy_bottom_spacing":16,"text_alignment":"text-center","desktop_heading_font_size":"md:text-xl","desktop_copy_font_size":"md:text-base","mobile_heading_font_size":"text-xl","mobile_copy_font_size":"text-base"}},"16557673694fb1ad58":{"type":"brand-product","settings":{"text_alignment":"md:text-left","text_alignment_mobile":"text-left","heading":"Phone Mounts","has_underline":true,"desktop_heading_font_size":"md:text-xl","heading_font_size":"text-xl","copy":"<p>Compatible with a wide variety of motorcycle bases, RAM® offers several popular phone mounts for dirt bikes. The top-selling RAM® X-Grip® cradle supports phones in cases and sleeves, with the included safety tether providing added security for your phone.<\/p>","copy_font_size":"text-base","brand_image":"shopify:\/\/shop_images\/dirtbike-section1.jpg","button_text_1":"Shop Phone Mounts","button_link_1":"\/collections\/dirt-bike-phone-mounts","btn_type_1":"btn-ram","button_text_2":"","button_link_2":"","btn_type_2":"btn-dark","button_text_3":"","button_link_3":"","btn_type_3":"btn-ram","section_bg_color":"#ffffff"}},"165576754445ef1c63":{"type":"brand-product","settings":{"text_alignment":"md:text-left","text_alignment_mobile":"text-left","heading":"Camera Mounts","has_underline":true,"desktop_heading_font_size":"md:text-xl","heading_font_size":"text-xl","copy":"<p>With RAM®, attaching your action camera to your dirt bike is made easy. Utilizing a universal action camera adapter, mount your camera exactly where you want it with a wide selection of RAM®motorcycle bases.<\/p>","copy_font_size":"text-base","brand_image":"shopify:\/\/shop_images\/dirtbike-section2.jpg","button_text_1":"Shop Camera Mounts","button_link_1":"\/collections\/dirt-bike-camera-mounts","btn_type_1":"btn-ram","button_text_2":"","button_link_2":"","btn_type_2":"btn-dark","button_text_3":"","button_link_3":"","btn_type_3":"btn-ram","section_bg_color":"#ffffff"}},"16558184857ded2f91":{"type":"brand-product","settings":{"text_alignment":"md:text-left","text_alignment_mobile":"text-left","heading":"GPS Mounts","has_underline":true,"desktop_heading_font_size":"md:text-xl","heading_font_size":"text-xl","copy":"<p>If you need to mount your GPS device on your dirt bike, RAM® form-fit cradles are an ideal solution for brands like Garmin, Magellan, TomTom, and more. Pair your GPS and cradle with a compatible motorcycle base to take advantage of the rugged and versatile RAM® double ball and socket system.<\/p>","copy_font_size":"text-base","brand_image":"shopify:\/\/shop_images\/dirtbike-section3.jpg","button_text_1":"Shop GPS Mounts","button_link_1":"\/collections\/dirt-bike-gps-mounts","btn_type_1":"btn-ram","button_text_2":"","button_link_2":"","btn_type_2":"btn-dark","button_text_3":"","button_link_3":"","btn_type_3":"btn-ram","section_bg_color":"#ffffff"}},"1648581111639f05ed":{"type":"featured-blogs","disabled":true,"settings":{"heading":"ADVICE & <span>RAM<\/span>SPIRATION","text_desktop_alignment":"md:text-center","heading_font_size_desktop":"sm:text-xl","heading_font_size_mobile":"text-xl","mobile_vertical_padding":"py-0","mobile_horizontal_padding":"px-0","desktop_vertical_padding":"md:py-0","desktop_horizontal_padding":"md:px-0","heading_font_size_desktop_post":"sm:text-lg","article_1":"","article_2":"","article_3":"","full_width":true}}},"order":["164633050094510fa7","1655416488804526bd","165541670761b7f135","1655767365ce22efab","16557673694fb1ad58","165576754445ef1c63","16558184857ded2f91","1648581111639f05ed"]}