{"sections":{"164633050094510fa7":{"type":"hero","settings":{"section_id":"","desktop_image":"shopify:\/\/shop_images\/galaxy-tabactive3-banner.jpg","line_color":"#cd1e27","desktop_image_height":300,"content_desktop_alignment":"md:justify-start","text_desktop_alignment":"md:text-left","desktop_heading":"","desktop_subheading":"","copy":"","heading_tag":"h1","heading_font_size_desktop":"sm:text-5xl","heading_font_size_mobile":"text-3xl","desktop_button_text":"Click Here","desktop_button_link":"","desktop_button_text2":"","desktop_button_link2":"","desktop_text_color":"#ffffff","desktop_subheading_color":"#ffffff","button_bg":"#ffffff","button_hover_bg":"#000000","button_text":"#000000","button_hover_text":"#ffffff","button2_bg":"#ffffff","button2_border_bg":"#ffffff","button2_hover_bg":"#000000","button2_text":"#000000","button2_hover_text":"#ffffff","mobile_image":"shopify:\/\/shop_images\/mobile-tabactive3-banner.jpg","mobile_image_height":425,"text_mobile_alignment":"text-left","text_mobile_vertical_alignment":"justify-center","mobile_text_color":"#ffffff","mobile_button_color":"btn"}},"16486560366c7b7837":{"type":"brand-product","settings":{"text_alignment":"md:text-left","text_alignment_mobile":"text-center","heading":"Galaxy Tab Active3","has_underline":false,"desktop_heading_font_size":"md:text-4xl","heading_font_size":"text-2xl","copy":"<p>RAM® Mounts are locked and loaded with brand new Samsung Galaxy Tab Active3 mounts and compatible RAM® components designed to take on the most rugged environments. Whether it is a powered dock, Samsung ELD tablet mounting system, or IntelliSkin® and GDS® Tech™, RAM® Mounts has everything you need to build the perfect mounting solution for your new Samsung Galaxy Tab Active3.<\/p>","copy_font_size":"text-base","brand_image":"shopify:\/\/shop_images\/samsung.png","button_text_1":"Shop All Tab Active3","button_link_1":"\/collections\/samsung-galaxy-tablet-mounts?pf_mlt_device_make_model=Samsung&pf_mlt_device_make_model=Tab+Active3&pf_mlt_device_make_model_and_condition=true","btn_type_1":"btn-ram","button_text_2":"","button_link_2":"","btn_type_2":"btn-dark","button_text_3":"","button_link_3":"","btn_type_3":"btn-ram","section_bg_color":"#f4f4f6"}},"1648577237754fb6a9":{"type":"brand-product","settings":{"text_alignment":"text-left","text_alignment_mobile":"text-left","heading":"Form-Fit Powered Docks","has_underline":true,"desktop_heading_font_size":"md:text-xl","heading_font_size":"text-xl","copy":"<p>These Samsung Galaxy Tab Active3 powered vehicle docks include power and power + data options, non-locking, combination lock, keyed lock and dual USB versions. All holders conveniently connect to nearly any RAM® vehicle mount base, while the rubber ball and socket mounting system allows users to efficiently switch between portrait and landscape modes.<\/p>","copy_font_size":"text-base","brand_image":"shopify:\/\/shop_images\/section-1_01da690b-9cbd-4c07-a727-0febeb4e5bce.jpg","button_text_1":"Shop Form-Fit","button_link_1":"\/collections\/samsung-galaxy-tablet-mounts?pf_mlt_device_make_model=Samsung&pf_mlt_device_make_model=Tab+Active3&pf_mlt_device_make_model_and_condition=true&pf_t_features=Powered","btn_type_1":"btn-ram","button_text_2":"","button_link_2":"","btn_type_2":"btn-dark","button_text_3":"","button_link_3":"","btn_type_3":"btn-ram","section_bg_color":"#ffffff"}},"e2ce0fe0-22e2-4f66-adfb-1fa076897f6a":{"type":"brand-product","settings":{"text_alignment":"md:text-left","text_alignment_mobile":"text-left","heading":"NFC Compatible","has_underline":true,"desktop_heading_font_size":"md:text-xl","heading_font_size":"text-xl","copy":"<p>Make scanning easier than ever by adding an NFC repeater to your Samsung Galaxy Tab Active3. With this NFC repeater, tablet operators no longer need to remove the device from its docking station to scan — simply install the repeater on your docking station and give easy access to programs like Tap To Pay, asset tracking, time management, and more.<\/p>","copy_font_size":"text-base","brand_image":"shopify:\/\/shop_images\/front-edited.jpg","button_text_1":"Shop NFC Repeaters","button_link_1":"https:\/\/rammount.com\/collections\/samsung-galaxy-tablet-mounts?pf_mlt_device_make_model=Samsung&pf_mlt_device_make_model=Tab+Active3&pf_mlt_device_make_model_and_condition=true&pf_t_features=NFC+Repeater","btn_type_1":"btn-ram","button_text_2":"","button_link_2":"","btn_type_2":"btn-dark","button_text_3":"","button_link_3":"","btn_type_3":"btn-ram","section_bg_color":"#fff"}},"1648579274ae6e3e3d":{"type":"brand-product","settings":{"text_alignment":"text-left","text_alignment_mobile":"text-left","heading":"Connect Your Keyboard & Other Peripherals","has_underline":true,"desktop_heading_font_size":"md:text-xl","heading_font_size":"text-xl","copy":"<p>Turn your Samsung Galaxy Tab Active3 into a mobile workstation with the GDS® Ecosystem™. Supporting a fully customizable space, the GDS® Ecosystem™ offers vehicle docks, power accesories, keyboards, and more to emulate your office, on the go.<\/p>","copy_font_size":"text-base","brand_image":"shopify:\/\/shop_images\/section-2_792f8494-767d-46c7-a7ce-7dd10a879d4e.jpg","button_text_1":"","button_link_1":"","btn_type_1":"btn-ram","button_text_2":"","button_link_2":"","btn_type_2":"btn-dark","button_text_3":"","button_link_3":"","btn_type_3":"btn-ram","section_bg_color":"#ffffff"}},"16485795249e42f7ab":{"type":"brand-product","settings":{"text_alignment":"text-left","text_alignment_mobile":"text-left","heading":"6-Port Charging Docks","has_underline":true,"desktop_heading_font_size":"md:text-xl","heading_font_size":"text-xl","copy":"<p>This RAM® 6-Port desktop dock charging station was designed specifically to support up to six Samsung Galaxy Tab Active3, Tab Active Pro and\/or Tab Active2 devices for simultaneous charging. These desktop docks reduce the amount of charging cords needed to charge each device by consolidating power through one cord and providing each Samsung tablet with its own charging bay to reduce clutter.<\/p>","copy_font_size":"text-base","brand_image":"shopify:\/\/shop_images\/section-3_444e5e8b-c09a-4df6-9fe1-95c1bbeb1efe.jpg","button_text_1":"Shop Desktop Docks","button_link_1":"\/collections\/samsung-galaxy-tablet-mounts?pf_mlt_device_make_model=Samsung&pf_mlt_device_make_model=Tab+Active3&pf_mlt_device_make_model_and_condition=true&pf_t_mount_function=Stand%2FPlatform","btn_type_1":"btn-ram","button_text_2":"","button_link_2":"","btn_type_2":"btn-dark","button_text_3":"","button_link_3":"","btn_type_3":"btn-ram","section_bg_color":"#ffffff"}},"1652724895402d40c8":{"type":"brand-product","settings":{"text_alignment":"md:text-left","text_alignment_mobile":"text-left","heading":"RAM® Skin™","has_underline":true,"desktop_heading_font_size":"md:text-xl","heading_font_size":"text-xl","copy":"<p>The RAM® Skin™ for Samsung Galaxy Tab Active3 features GDS® Ergo™ attachment points for shoulder straps as well as an open space on the back to attach a GDS® Hand-Stand™ Kickstand and Hand Strap. The RAM® Skin™ is compatible with our designated Tab Active3 cradles and mounts.<\/p>","copy_font_size":"text-base","brand_image":"shopify:\/\/shop_images\/section-4.jpg","button_text_1":"Shop RAM® Skin™","button_link_1":"https:\/\/www.ramm\/products\/ram-skin-sam73ount.com\/images\/consumer\/brands\/samsung\/tab-active-pro\/tabpro-locking-docks.jpg","btn_type_1":"btn-ram","button_text_2":"","button_link_2":"","btn_type_2":"btn-dark","button_text_3":"","button_link_3":"","btn_type_3":"btn-ram","section_bg_color":"#ffffff"}},"1648581111639f05ed":{"type":"featured-blogs","disabled":true,"settings":{"heading":"ADVICE & <span>RAM<\/span>SPIRATION","text_desktop_alignment":"md:text-center","heading_font_size_desktop":"sm:text-xl","heading_font_size_mobile":"text-xl","mobile_vertical_padding":"py-0","mobile_horizontal_padding":"px-0","desktop_vertical_padding":"md:py-0","desktop_horizontal_padding":"md:px-0","heading_font_size_desktop_post":"sm:text-lg","article_1":"","article_2":"","article_3":"","full_width":true}},"1652725417aecd0a8b":{"type":"brand-product","settings":{"text_alignment":"md:text-left","text_alignment_mobile":"text-left","heading":"IntelliSkin® Next Gen with GDS® Tech™","has_underline":true,"desktop_heading_font_size":"md:text-xl","heading_font_size":"text-xl","copy":"<p>The IntelliSkin® Next Gen protective sleeve for the Samsung Galaxy Tab Active3 includes a redesigned hard plastic shell with soft, shock-absorbing rubber, and an integrated USB Type-C connector at the bottom of the skin allows for device charging even when you don’t have a GDS® Dock™ available. The IntelliSkin® Next Gen for the TA3 includes a slot for the Samsung S-Pen and is compatible with a variety of GDS® Docks™ and accessories, as well as new docking cups for upgrading existing GDS® vehicle docks.<\/p>","copy_font_size":"text-base","brand_image":"shopify:\/\/shop_images\/section-5.jpg","button_text_1":"Shop IntelliSkin®","button_link_1":"\/collections\/samsung-galaxy-tablet-mounts?pf_mlt_device_make_model=Samsung&pf_mlt_device_make_model=Tab+Active3&pf_mlt_device_make_model_and_condition=true&pf_t_product_line=GDS+Tech","btn_type_1":"btn-ram","button_text_2":"","button_link_2":"","btn_type_2":"btn-dark","button_text_3":"","button_link_3":"","btn_type_3":"btn-ram","section_bg_color":"#ffffff"}},"16527255615d4d0f10":{"type":"brand-product","settings":{"text_alignment":"md:text-left","text_alignment_mobile":"text-left","heading":"RAM® Tough-Case™ For ELD Mounting","has_underline":true,"desktop_heading_font_size":"md:text-xl","heading_font_size":"text-xl","copy":"<p>For an all-in-one Samsung ELD tablet mounting system, the RAM® Tough-Case™ is a rugged two-piece enclosure for the Samsung Galaxy Tab Active3 with a built-in coiled power cable that tethers the device inside of any vehicle. This case allows you to create a hardwired connection to the Samsung ELD tablet using a custom USB Type-C connector, with a stretch of up to 7 feet which offers maximum tablet mobility while staying connected. Your connection will remain secured and protected with the use of oversized strain relief built into the RAM® Tough-Case™. The back of the case is intentionally left fully exposed to optimize cooling of the tablet's battery.<\/p>","copy_font_size":"text-base","brand_image":"shopify:\/\/shop_images\/section-6.jpg","button_text_1":"Shop RAM® Tough-Case™","button_link_1":"\/collections\/samsung-galaxy-tablet-mounts?pf_mlt_device_make_model=Samsung&pf_mlt_device_make_model=Tab+Active3&pf_mlt_device_make_model_and_condition=true&pf_t_product_line=Tough-Case","btn_type_1":"btn-ram","button_text_2":"","button_link_2":"","btn_type_2":"btn-dark","button_text_3":"","button_link_3":"","btn_type_3":"btn-ram","section_bg_color":"#ffffff"}}},"order":["164633050094510fa7","16486560366c7b7837","1648577237754fb6a9","e2ce0fe0-22e2-4f66-adfb-1fa076897f6a","1648579274ae6e3e3d","16485795249e42f7ab","1652724895402d40c8","1648581111639f05ed","1652725417aecd0a8b","16527255615d4d0f10"]}