{"sections":{"16619679148865200d":{"type":"ram-title-with-button","settings":{"text_alignment":"md:text-left","text_alignment_mobile":"text-left","heading":"Careers","desktop_heading_font_size":"md:text-3xl","heading_font_size":"text-2xl","copy":"<p>Technological innovation within the agriculture industry has taken off at an unprecedented rate in recent years, and RAM® Mounts has worked closely alongside vehicle and display manufacturers to provide farmers with the best in-cab experience possible. Our trusted partnerships include companies like Agco, Precision Planting, Trimble, and many more. Depend on RAM® to provide a wide range of mounting solutions built specifically with agriculture in mind.<\/p>","copy_font_size":"text-base","btn_label":"Current Openings","btn_url":"#join","btn_type":"btn-ram","section_bg_color":"#ffffff"}},"1661968614cf872a38":{"type":"link-list-dropdown","settings":{"section_id":"","section_class":"","full_width":false,"max_width":false,"grid_gap":"md:gap-4","grid_columns":"grid-cols-2","grid_columns_dt":"lg:grid-cols-4","mobile_vertical_padding":"py-4","mobile_horizontal_padding":"px-4","desktop_vertical_padding":"md:py-8","desktop_horizontal_padding":"md:px-0","heading_tag":"h2","heading":"<p><strong>Our Culture<\/strong><\/p>","heading_color":"#000000","copy":"<p><strong>Taking Action:<\/strong> We move efficiently and responsibly to achieve the intended results<\/p><p><\/p><p><strong>Commitment:<\/strong> We persevere through the challenges we face<\/p><p><\/p><p><strong>Honoring Relationships:<\/strong> We believe in being candid, learning from each other,<br\/>and finding joy in the work we do<\/p><p><\/p><p><strong>Customer Focus:<\/strong> We listen carefully and respond effectively to provide the best solutions<\/p>","copy_color":"#000000","line_color":"#CD1E27","heading_font_family":"font-heading","copy_font_family":"font-body","heading_bottom_spacing":16,"copy_bottom_spacing":16,"text_alignment":"text-left","desktop_heading_font_size":"md:text-3xl","desktop_copy_font_size":"md:text-base","mobile_heading_font_size":"text-xl","mobile_copy_font_size":"text-base"}},"16619688690aa7d6cb":{"type":"link-list","blocks":{"1661968869249a425d-0":{"type":"collection-list","settings":{"heading":"","content":"<p>- Paid holidays<\/p><p><\/p><p>- Paid parental leave<\/p><p><\/p><p>- Paid time off<\/p><p><\/p><p>- Medical and dental insurance<\/p><p><\/p><p>- 401K matching program<\/p><p><\/p><p>- Individual access to a 401K - specialist<\/p>"}},"5770842e-a8ef-425c-b749-4802b995607d":{"type":"collection-list","settings":{"heading":"","content":"<p>- Employee assistance program<\/p><p>- “Service Stars” employee recognition program<\/p><p>- Quarterly employee luncheon<\/p><p>- Product discounts<\/p><p>- Employee of the month reward program<\/p><p>- Monthly employee newsletter<\/p>"}}},"block_order":["1661968869249a425d-0","5770842e-a8ef-425c-b749-4802b995607d"],"settings":{"section_id":"","section_class":"","full_width":false,"grid_gap":"md:gap-4","grid_columns":"grid-cols-2","grid_columns_dt":"lg:grid-cols-2","mobile_vertical_padding":"py-4","mobile_horizontal_padding":"px-4","desktop_vertical_padding":"md:py-8","desktop_horizontal_padding":"md:px-0","heading_tag":"h2","heading":"<p><strong>Our Benefits<\/strong><\/p>","copy":"<p>There are opportunities at NPI for motivated and passionate people of all backgrounds, experiences, and skill levels. At NPI, employees enjoy the following benefits:<\/p>","heading_font_family":"font-heading","copy_font_family":"font-body","heading_bottom_spacing":16,"copy_bottom_spacing":16,"text_alignment":"text-left","desktop_heading_font_size":"md:text-3xl","desktop_copy_font_size":"md:text-base","mobile_heading_font_size":"text-xl","mobile_copy_font_size":"text-base"}},"1661969129eb089cf3":{"type":"link-list","settings":{"section_id":"","section_class":"","full_width":false,"grid_gap":"md:gap-4","grid_columns":"grid-cols-2","grid_columns_dt":"lg:grid-cols-4","mobile_vertical_padding":"py-4","mobile_horizontal_padding":"px-4","desktop_vertical_padding":"md:py-8","desktop_horizontal_padding":"md:px-0","heading_tag":"h2","heading":"<p><strong>Transparency in Coverage<\/strong><\/p>","copy":"<p>This <a href=\"https:\/\/www.cigna.com\/legal\/compliance\/machine-readable-files\" target=\"_blank\"><span style=\"text-decoration:underline\"><strong>link<\/strong><\/span><\/a> leads to the machine-readable files that are made available in response to the federal Transparency in Coverage Rule and includes negotiated service rates and out-of-network allowed amounts between health plans and healthcare providers. The machine readable files are formatted to allow researchers, regulators, and application developers to more easily access and analyze data.<\/p>","heading_font_family":"font-heading","copy_font_family":"font-body","heading_bottom_spacing":16,"copy_bottom_spacing":16,"text_alignment":"text-left","desktop_heading_font_size":"md:text-3xl","desktop_copy_font_size":"md:text-base","mobile_heading_font_size":"text-xl","mobile_copy_font_size":"text-base"}},"166067985356c60b48":{"type":"multicolumn-text","blocks":{"16606798535c6ccfef-0":{"type":"multicolumn-text","settings":{"heading":"","copy":"","html":"<div style=\"height: 800px; overflow: auto; -webkit-overflow-scrolling: touch;\"><iframe src=\"https:\/\/www.paycomonline.net\/v4\/ats\/web.php\/jobs?clientkey=2C08DDEBE13333904A50B2E559225553\" style=\"width: 100%; height: 99%; border: none;\"><\/iframe><\/div>","text_color":"#ffffff","button_text_color":"#000000","button_text_color_hover":"#ffffff","mobile_heading_font_size":"text-xl","desktop_heading_font_size":"md:text-xl","mobile_content_font_size":"text-base","desktop_content_font_size":"md:text-base","copy_bottom_spacing":16,"desktop_col_span":"md:w-full","column_text_alignment":"text-center"}}},"block_order":["16606798535c6ccfef-0"],"settings":{"section_id":"join","section_class":"","full_width":false,"column_padding":"px-2","tile_font_family":"font-heading","mobile_vertical_padding":"py-8","mobile_horizontal_padding":"px-8","desktop_vertical_padding":"md:py-0","desktop_horizontal_padding":"md:px-8","heading_tag":"h2","heading":"<p>Join Our Team<\/p>","copy":"","heading_font_family":"font-heading","copy_font_family":"font-body","heading_bottom_spacing":16,"copy_bottom_spacing":16,"text_alignment":"text-left","desktop_heading_font_size":"md:text-3xl","desktop_copy_font_size":"md:text-base","mobile_heading_font_size":"text-xl","mobile_copy_font_size":"text-base"}}},"order":["16619679148865200d","1661968614cf872a38","16619688690aa7d6cb","1661969129eb089cf3","166067985356c60b48"]}