{"sections":{"166257093414d4b1e9":{"type":"hero","settings":{"section_id":"","desktop_image":"shopify:\/\/shop_images\/122A8438-_2.jpg","line_color":"#cd1e27","desktop_image_height":300,"content_desktop_alignment":"md:justify-start","text_desktop_alignment":"md:text-left","desktop_heading":"","desktop_subheading":"","copy":"","heading_tag":"h1","heading_font_size_desktop":"sm:text-5xl","heading_font_size_mobile":"text-3xl","desktop_button_text":"Click Here","desktop_button_link":"","desktop_button_text2":"","desktop_button_link2":"","desktop_text_color":"#ffffff","desktop_subheading_color":"#ffffff","button_bg":"#ffffff","button_hover_bg":"#000000","button_text":"#000000","button_hover_text":"#ffffff","button2_bg":"#ffffff","button2_border_bg":"#ffffff","button2_hover_bg":"#000000","button2_text":"#000000","button2_hover_text":"#ffffff","mobile_image":"shopify:\/\/shop_images\/blog-mobile_c47d1f9d-d886-4bff-942b-064341fa52d4.jpg","mobile_image_height":375,"text_mobile_alignment":"text-left","text_mobile_vertical_alignment":"justify-center","mobile_text_color":"#ffffff","mobile_button_color":"btn"}},"16625709930ad6b3c2":{"type":"copy","settings":{"main":false,"hide_title":false,"text_alignment":"text-left","heading":"","desktop_heading_font_size":"md:text-2xl","heading_font_size":"text-xl","copy":"<p>Inspiration can strike at any moment and the RAM® community has your back with with unique setups to fuel your imagination. Explore the RAM® Blog to discover new ways to mount anything anywhere.<\/p>","copy_font_size":"text-lg","full_width":false}},"16625716607845eccc":{"type":"featured-article","settings":{"heading":"Featured Post","text_desktop_alignment":"md:text-left","heading_font_size_desktop":"sm:text-2xl","heading_font_size_mobile":"text-2xl","mobile_vertical_padding":"py-0","mobile_horizontal_padding":"px-6","desktop_vertical_padding":"md:py-0","desktop_horizontal_padding":"md:px-0","heading_font_size_desktop_post":"sm:text-lg","article":"news\/user-inspired-kit-rugged-quick-disconnect-wheelchair-mount","show_image":true,"image_height":"small","show_date":true,"show_author":false,"text_desktop_alignment_post":"md:text-left"}},"166257207791166a5c":{"type":"featured-blogs-2","blocks":{"fc643fa5-978c-4ca7-b58d-c72933e3cc01":{"type":"blog-block","settings":{"blog":"news"}},"b0624f3b-df83-44c6-aa39-2fe0ece3529a":{"type":"blog-block","settings":{"blog":"customer-spotlight"}},"d282b4f2-62b2-417c-8fe5-8be3606c6441":{"type":"blog-block","settings":{"blog":"mount-of-the-month"}},"fbede52a-ba1e-461b-ad46-29ff64609dee":{"type":"blog-block","settings":{"blog":"new-products"}},"2a008246-d847-49c6-b3f9-14b93a4eaec2":{"type":"blog-block","settings":{"blog":"product-tips-tricks"}},"3a1a9b09-c779-4c0d-aa95-34f9904814fa":{"type":"blog-block","settings":{"blog":"success-stories"}},"e5e952e8-9370-4254-b113-0bbf7d39eefc":{"type":"blog-block","disabled":true,"settings":{"blog":""}}},"block_order":["fc643fa5-978c-4ca7-b58d-c72933e3cc01","b0624f3b-df83-44c6-aa39-2fe0ece3529a","d282b4f2-62b2-417c-8fe5-8be3606c6441","fbede52a-ba1e-461b-ad46-29ff64609dee","2a008246-d847-49c6-b3f9-14b93a4eaec2","3a1a9b09-c779-4c0d-aa95-34f9904814fa","e5e952e8-9370-4254-b113-0bbf7d39eefc"],"settings":{"heading":"Blogs By Category","text_desktop_alignment":"md:text-center","heading_font_size_desktop":"sm:text-xl","heading_font_size_mobile":"text-xl","mobile_vertical_padding":"py-0","mobile_horizontal_padding":"px-6","desktop_vertical_padding":"md:py-0","desktop_horizontal_padding":"md:px-0","heading_font_size_desktop_post":"sm:text-xl","full_width":false}}},"order":["166257093414d4b1e9","16625709930ad6b3c2","16625716607845eccc","166257207791166a5c"]}