{"sections":{"164633050094510fa7":{"type":"hero","settings":{"section_id":"","desktop_image":"shopify:\/\/shop_images\/at-home.jpg","desktop_image_height":300,"content_desktop_alignment":"md:justify-start","text_desktop_alignment":"md:text-left","desktop_heading":"","desktop_subheading":"","copy":"","heading_tag":"h1","heading_font_size_desktop":"sm:text-5xl","heading_font_size_mobile":"text-3xl","desktop_button_text":"Click Here","desktop_button_link":"","desktop_button_text2":"","desktop_button_link2":"","desktop_text_color":"#ffffff","desktop_subheading_color":"#ffffff","button_bg":"#ffffff","button_hover_bg":"#000000","button_text":"#000000","button_hover_text":"#ffffff","button2_bg":"#ffffff","button2_border_bg":"#ffffff","button2_hover_bg":"#000000","button2_text":"#000000","button2_hover_text":"#ffffff","mobile_image":"shopify:\/\/shop_images\/at-home_da12c73f-515f-43ef-a24d-c35131ad41b3.jpg","mobile_image_height":425,"text_mobile_alignment":"text-left","text_mobile_vertical_alignment":"justify-center","mobile_text_color":"#ffffff","mobile_button_color":"btn"}},"1655416488804526bd":{"type":"ram-title-with-button","settings":{"text_alignment":"md:text-left","text_alignment_mobile":"text-left","heading":"At Home","desktop_heading_font_size":"md:text-3xl","heading_font_size":"text-2xl","copy":"<p>RAM® Mounts not only make life easier in the most demanding environments – they can also make life easier at home. From accessibility mounts and charging solutions to phone and tablet holders, you can apply RAM® in your daily life whether you’re cooking, gaming, streaming, or vlogging. Explore all the ways RAM® mounting solutions can make your home a little more comfortable below.<\/p>","copy_font_size":"text-base","btn_label":"","btn_url":"","btn_type":"btn-ram","section_bg_color":"#f4f4f6"}},"16554166145aec01f7":{"type":"ram-images-with-title","blocks":{"1655416613578bb07f-0":{"type":"image_icon","settings":{"image":"shopify:\/\/shop_images\/accessibility.jpg","text":"<p>Accessibility<\/p>","url":"shopify:\/\/pages\/at-home-accessibility","desktop_text_font_size":"md:text-lg","mobile_text_font_size":"text-lg"}},"1655416613578bb07f-1":{"type":"image_icon","settings":{"image":"shopify:\/\/shop_images\/blogging.jpg","text":"<p>Blogging<\/p>","url":"shopify:\/\/pages\/at-home-blogging","desktop_text_font_size":"md:text-lg","mobile_text_font_size":"text-lg"}},"1655416613578bb07f-2":{"type":"image_icon","settings":{"image":"shopify:\/\/shop_images\/phone-and-tablet.jpg","text":"<p>Phones & Tablets<\/p>","url":"shopify:\/\/pages\/at-home-phone-and-tablet-mounts","desktop_text_font_size":"md:text-lg","mobile_text_font_size":"text-lg"}},"1655416613578bb07f-3":{"type":"image_icon","settings":{"image":"shopify:\/\/shop_images\/under-cabinet.jpg","text":"<p>Under Cabinet<\/p>","url":"shopify:\/\/pages\/at-home-under-cabinet","desktop_text_font_size":"md:text-lg","mobile_text_font_size":"text-lg"}}},"block_order":["1655416613578bb07f-0","1655416613578bb07f-1","1655416613578bb07f-2","1655416613578bb07f-3"],"settings":{"section_bg_color":"#ffffff","section_class":"","full_width":false,"red_line":true,"enable_slider":false,"slider_speed":2,"slider_slides":4,"desktop_per_row":"w-1\/4","mobile_per_row":"w-1\/2","justify_items":"justify-center","icon_space":"pb-0","icon_height":150,"icon_size":200,"icon_font_size":"text-xl","icon_font_family":"font-heading","icon_text_space":20,"mobile_vertical_padding":"py-8","mobile_horizontal_padding":"px-8","desktop_vertical_padding":"md:py-12","desktop_horizontal_padding":"md:px-8","heading":"<p>RAM® Mounts for<\/p>","copy":"","heading_font_family":"font-heading","copy_font_family":"font-body","heading_bottom_spacing":40,"copy_bottom_spacing":16,"text_alignment":"text-center","desktop_heading_font_size":"md:text-2xl","desktop_copy_font_size":"md:text-xl","mobile_heading_font_size":"text-xl","mobile_copy_font_size":"text-base"}},"165541670761b7f135":{"type":"partner-logos","disabled":true,"blocks":{"165541670775cccaae-1":{"type":"image_icon","settings":{"image":"shopify:\/\/shop_images\/platform-science.png","text":"","url":"","desktop_text_font_size":"md:text-lg","mobile_text_font_size":"text-lg"}},"165541670775cccaae-0":{"type":"image_icon","settings":{"image":"shopify:\/\/shop_images\/omnitracs.png","text":"","url":"","desktop_text_font_size":"md:text-lg","mobile_text_font_size":"text-lg"}},"165541670775cccaae-2":{"type":"image_icon","settings":{"image":"shopify:\/\/shop_images\/peoplenet_1f191611-006c-4349-8fad-a723a0c49357.png","text":"","url":"","desktop_text_font_size":"md:text-lg","mobile_text_font_size":"text-lg"}},"961b8dce-fb5d-46e5-8ba9-46de6feb6a4d":{"type":"image_icon","settings":{"image":"shopify:\/\/shop_images\/samsung_d37c3cb0-c61c-4e8c-8d56-0863a30ce01e.png","text":"","url":"","desktop_text_font_size":"md:text-lg","mobile_text_font_size":"text-lg"}}},"block_order":["165541670775cccaae-1","165541670775cccaae-0","165541670775cccaae-2","961b8dce-fb5d-46e5-8ba9-46de6feb6a4d"],"settings":{"section_bg_color":"#000000","section_class":"","full_width":true,"red_line":false,"enable_slider":false,"slider_speed":2,"slider_slides":3,"desktop_per_row":"w-1\/4","mobile_per_row":"w-full","justify_items":"justify-center","icon_height":100,"icon_size":225,"icon_space":0,"icon_font_size":"text-xl","icon_font_family":"font-heading","icon_text_space":4,"mobile_vertical_padding":"py-4","mobile_horizontal_padding":"px-8","desktop_vertical_padding":"md:py-4","desktop_horizontal_padding":"md:px-8","heading":"","copy":"","heading_font_family":"font-heading","copy_font_family":"font-body","heading_bottom_spacing":16,"copy_bottom_spacing":16,"text_alignment":"text-center","desktop_heading_font_size":"md:text-xl","desktop_copy_font_size":"md:text-xl","mobile_heading_font_size":"text-xl","mobile_copy_font_size":"text-base"}},"165540489801ed57c6":{"type":"sales-form","disabled":true,"blocks":{"165540489804b345a0-0":{"type":"html","settings":{"red_line":true,"heading":"<p>Contact Sales<\/p>","heading_font_family":"font-heading","heading_bottom_spacing":0,"text_alignment":"text-center","desktop_heading_font_size":"md:text-2xl","mobile_heading_font_size":"text-xl","html_block":"<div style=\"margin:0 auto;\" class=\"pxFormGenerator\" id=\"NRCcEj1xmk2g_uGXmjI2EQ\"><\/div>"}}},"block_order":["165540489804b345a0-0"],"settings":{"section_id":"contact","section_class":"","back_color":"","content_width":false,"full_width":false,"column_padding":"px-2","tile_font_family":"font-heading","mobile_vertical_padding":"py-8","mobile_horizontal_padding":"px-8","desktop_vertical_padding":"md:py-12","desktop_horizontal_padding":"md:px-8","heading_tag":"h2","heading":"","copy":"","heading_color":"#131313","heading_font_family":"font-heading","copy_font_family":"font-body","heading_bottom_spacing":16,"copy_bottom_spacing":16,"text_alignment":"text-left","desktop_heading_font_size":"md:text-xl","desktop_copy_font_size":"md:text-base","mobile_heading_font_size":"text-xl","mobile_copy_font_size":"text-base"}},"1648581111639f05ed":{"type":"featured-blogs","disabled":true,"settings":{"heading":"ADVICE & <span>RAM<\/span>SPIRATION","text_desktop_alignment":"md:text-center","heading_font_size_desktop":"sm:text-xl","heading_font_size_mobile":"text-xl","mobile_vertical_padding":"py-0","mobile_horizontal_padding":"px-0","desktop_vertical_padding":"md:py-0","desktop_horizontal_padding":"md:px-0","heading_font_size_desktop_post":"sm:text-lg","article_1":"","article_2":"","article_3":"","full_width":true}}},"order":["164633050094510fa7","1655416488804526bd","16554166145aec01f7","165541670761b7f135","165540489801ed57c6","1648581111639f05ed"]}