{"sections":{"1658778631fe0eff80":{"type":"title-section","settings":{"text_alignment":"md:text-center","text_alignment_mobile":"text-center","heading":"Past RAM® Mounts Events","desktop_heading_font_size":"md:text-2xl","heading_font_size":"text-2xl","copy":"<p><a href=\"\/pages\/events\" title=\"Events\">View Current Event Schedule<\/a><\/p>","copy_font_size":"text-base","mobile_vertical_padding":"py-8","mobile_horizontal_padding":"px-8","desktop_vertical_padding":"md:py-8","desktop_horizontal_padding":"md:px-8","title_color":"#000000","copy_color":"#cd1e27","section_bg_color":"#ffffff"}},"16587779142b6d192e":{"type":"multicolumn-events","blocks":{"8e71c115-bb52-47a3-9145-0da6b650b268":{"type":"multicolumn-text","settings":{"desktop_col_span":"lg:w-1\/3","column_text_alignment":"text-left","event_title":"<p>SEMA<\/p>","event_date":"<p>11\/1\/2022 - 11\/4\/2022<\/p>","event_location":"<p>Las Vegas Convention Center<br\/>Booth West Hall 60038<\/p>","event_info":"Event Information","event_link":"https:\/\/www.semashow.com\/","mobile_heading_font_size":"text-xl","desktop_heading_font_size":"md:text-xl","mobile_content_font_size":"text-base","desktop_content_font_size":"md:text-base"}},"3ba7398a-d50e-4c7e-b906-4ef3a893ebfb":{"type":"multicolumn-text","settings":{"desktop_col_span":"lg:w-1\/3","column_text_alignment":"text-left","event_title":"<p>ATA\/MCE 2022<\/p>","event_date":"<p>10\/23\/2022 - 10\/25\/2022<\/p>","event_location":"<p>San Diego Convention Center and Marriott Marquis<br\/>Booth 16044<\/p>","event_info":"Event Information","event_link":"https:\/\/mce.trucking.org\/","mobile_heading_font_size":"text-xl","desktop_heading_font_size":"md:text-xl","mobile_content_font_size":"text-base","desktop_content_font_size":"md:text-base"}},"c80e5153-2897-4c3e-a782-9e6ea2fc1c0d":{"type":"multicolumn-text","settings":{"desktop_col_span":"lg:w-1\/3","column_text_alignment":"text-left","event_title":"<p>IACP<\/p>","event_date":"<p>10\/16\/2022 - 10\/18\/2022<\/p>","event_location":"<p>Dallas, TX<br\/>Booth 3625<\/p>","event_info":"Event Information","event_link":"https:\/\/www.theiacpconference.org\/","mobile_heading_font_size":"text-xl","desktop_heading_font_size":"md:text-xl","mobile_content_font_size":"text-base","desktop_content_font_size":"md:text-base"}},"f13d9633-f90e-44d8-b316-174799ce1c8e":{"type":"multicolumn-text","settings":{"desktop_col_span":"lg:w-1\/3","column_text_alignment":"text-left","event_title":"<p>AUSA<\/p>","event_date":"<p>10\/10\/2022 - 10\/12\/2022<\/p>","event_location":"<p>Washington, DC<br\/>Booth 8202<\/p>","event_info":"Event Information","event_link":"https:\/\/meetings.ausa.org\/annual\/2022\/","mobile_heading_font_size":"text-xl","desktop_heading_font_size":"md:text-xl","mobile_content_font_size":"text-base","desktop_content_font_size":"md:text-base"}},"29b29856-816a-4ca3-a053-8f51c50a5371":{"type":"multicolumn-text","settings":{"desktop_col_span":"lg:w-1\/3","column_text_alignment":"text-left","event_title":"<p>Hannay's Dealer Show<\/p>","event_date":"<p>9\/13\/2022 - 9\/14\/2022<\/p>","event_location":"<p>Alexandria, MN<\/p>","event_info":"Event Information","event_link":"","mobile_heading_font_size":"text-xl","desktop_heading_font_size":"md:text-xl","mobile_content_font_size":"text-base","desktop_content_font_size":"md:text-base"}},"7d2e00d0-04a4-406c-92f7-dd9c8b1854ba":{"type":"multicolumn-text","settings":{"desktop_col_span":"lg:w-1\/3","column_text_alignment":"text-left","event_title":"<p>NVP Le Mans<\/p>","event_date":"<p>8\/19\/2022 - 8\/21\/2022<\/p>","event_location":"<p>Madison, WI<br\/>Booth 422<\/p>","event_info":"","event_link":"","mobile_heading_font_size":"text-xl","desktop_heading_font_size":"md:text-xl","mobile_content_font_size":"text-base","desktop_content_font_size":"md:text-base"}},"0edd5e1a-84c6-4557-95e8-8a873c78a99e":{"type":"multicolumn-text","settings":{"desktop_col_span":"lg:w-1\/3","column_text_alignment":"text-left","event_title":"<p>Trimble Insight<\/p>","event_date":"<p>8\/14\/2022 - 8\/17\/2022<\/p>","event_location":"<p>Orlando, FL<br\/>Booth 806<\/p>","event_info":"Event Information","event_link":"https:\/\/transportation.trimble.com\/insight-2022","mobile_heading_font_size":"text-xl","desktop_heading_font_size":"md:text-xl","mobile_content_font_size":"text-base","desktop_content_font_size":"md:text-base"}},"16587779139b9af635-0":{"type":"multicolumn-text","settings":{"desktop_col_span":"lg:w-1\/3","column_text_alignment":"text-left","event_title":"<p>ICAST<\/p>","event_date":"<p>7\/19\/2022 - 7\/22\/2022<\/p>","event_location":"<p>Orlando, FL<br\/>Booth 5605<\/p>","event_info":"Event Information","event_link":"https:\/\/icastfishing.org\/","mobile_heading_font_size":"text-xl","desktop_heading_font_size":"md:text-xl","mobile_content_font_size":"text-base","desktop_content_font_size":"md:text-base"}},"41051d7a-b1af-49f9-84ee-9c6589dff01d":{"type":"multicolumn-text","settings":{"desktop_col_span":"lg:w-1\/3","column_text_alignment":"text-left","event_title":"<p>Overland Expo PNW<\/p>","event_date":"<p>7\/8\/2022 - 7\/10\/2022<\/p>","event_location":"<p>Deschutes County Fairgrounds<\/p>","event_info":"Event Information","event_link":"https:\/\/www.overlandexpo.com\/compass\/overland-expo-heads-to-the-pacific-northwest-with-new-fourth-annual-event\/","mobile_heading_font_size":"text-xl","desktop_heading_font_size":"md:text-xl","mobile_content_font_size":"text-base","desktop_content_font_size":"md:text-base"}},"3dbe3c05-e3d7-4424-8383-3be026d7775b":{"type":"multicolumn-text","settings":{"desktop_col_span":"lg:w-1\/3","column_text_alignment":"text-left","event_title":"<p>Solera Outlook<\/p>","event_date":"<p>5\/24\/2022 - 5\/26\/2022<\/p>","event_location":"<p>New Orleans<br\/>Booth TBD<\/p>","event_info":"Event Information","event_link":"https:\/\/outlook.solera.com\/","mobile_heading_font_size":"text-xl","desktop_heading_font_size":"md:text-xl","mobile_content_font_size":"text-base","desktop_content_font_size":"md:text-base"}},"c69254e6-5438-4824-8a50-de0b56c01e18":{"type":"multicolumn-text","settings":{"desktop_col_span":"lg:w-1\/3","column_text_alignment":"text-left","event_title":"<p>Government Fleet Expo<\/p>","event_date":"<p>5\/23\/2022 - 5\/26\/2022<\/p>","event_location":"<p>Detroit, MI<br\/>Booth 217<\/p>","event_info":"Event Information","event_link":"https:\/\/www.governmentfleetexpo.com\/","mobile_heading_font_size":"text-xl","desktop_heading_font_size":"md:text-xl","mobile_content_font_size":"text-base","desktop_content_font_size":"md:text-base"}},"b77f8516-454c-42f1-96a6-dc80e6d4d407":{"type":"multicolumn-text","settings":{"desktop_col_span":"lg:w-1\/3","column_text_alignment":"text-left","event_title":"<p>Waste Expo<\/p>","event_date":"<p>5\/9\/2022 - 5\/12\/202<\/p>","event_location":"<p>Las Vegas Convention Center<br\/>Booth 3943<\/p>","event_info":"Event Information","event_link":"https:\/\/www.wasteexpo.com\/en\/home.html","mobile_heading_font_size":"text-xl","desktop_heading_font_size":"md:text-xl","mobile_content_font_size":"text-base","desktop_content_font_size":"md:text-base"}},"d451edb9-1c2c-4f59-85d9-15c52323e44d":{"type":"multicolumn-text","settings":{"desktop_col_span":"lg:w-1\/3","column_text_alignment":"text-left","event_title":"<p>MODEX<\/p>","event_date":"<p>3\/28\/2022 - 3\/31\/2022<\/p>","event_location":"<p>Georgia World Congress Center<br\/>Booth B3227<\/p>","event_info":"Event Information","event_link":"https:\/\/www.modexshow.com\/","mobile_heading_font_size":"text-xl","desktop_heading_font_size":"md:text-xl","mobile_content_font_size":"text-base","desktop_content_font_size":"md:text-base"}},"b4127f37-41af-4f24-adfa-fe07ffc9361e":{"type":"multicolumn-text","settings":{"desktop_col_span":"lg:w-1\/3","column_text_alignment":"text-left","event_title":"<p>TCA Annual Conference<\/p>","event_date":"<p>3\/19\/2022 - 3\/22\/2022<\/p>","event_location":"<p>Wynn Las Vegas<br\/>Booth 241<\/p>","event_info":"Event Information","event_link":"https:\/\/www.truckload2022.com\/","mobile_heading_font_size":"text-xl","desktop_heading_font_size":"md:text-xl","mobile_content_font_size":"text-base","desktop_content_font_size":"md:text-base"}},"24162275-e24e-4b28-9691-2af41a13565b":{"type":"multicolumn-text","settings":{"desktop_col_span":"lg:w-1\/3","column_text_alignment":"text-left","event_title":"<p>TMC\/ATA<\/p>","event_date":"<p>3\/7\/2022 - 3\/10\/2022<\/p>","event_location":"<p>Orange County Convention Center<br\/>Booth : Platform Science<\/p>","event_info":"Event Information","event_link":"https:\/\/tmc.trucking.org\/","mobile_heading_font_size":"text-xl","desktop_heading_font_size":"md:text-xl","mobile_content_font_size":"text-base","desktop_content_font_size":"md:text-base"}},"72f08f11-4cb6-4f06-8a72-f509d1b8dff9":{"type":"multicolumn-text","settings":{"desktop_col_span":"lg:w-1\/3","column_text_alignment":"text-left","event_title":"<p>New & Upcoming Products<\/p>","event_date":"<p>2\/23\/2022<\/p>","event_location":"<p>RAM®Live: Interactive Web Series<br\/>Wednesday, February 23rd at 10am PST<\/p>","event_info":"Event Information","event_link":"","mobile_heading_font_size":"text-xl","desktop_heading_font_size":"md:text-xl","mobile_content_font_size":"text-base","desktop_content_font_size":"md:text-base"}},"d12fff02-998d-4640-a00c-0fc2367a645a":{"type":"multicolumn-text","settings":{"desktop_col_span":"lg:w-1\/3","column_text_alignment":"text-left","event_title":"<p>World of Concrete<\/p>","event_date":"<p>1\/18\/2022 - 1\/20\/2022<\/p>","event_location":"<p>Las Vegas Convention Center<br\/>Booth W752<\/p>","event_info":"Event Information","event_link":"https:\/\/www.worldofconcrete.com\/en\/attendee.html","mobile_heading_font_size":"text-xl","desktop_heading_font_size":"md:text-xl","mobile_content_font_size":"text-base","desktop_content_font_size":"md:text-base"}},"c3c11dbe-6718-4af5-8e0d-08b993c693c7":{"type":"multicolumn-text","settings":{"desktop_col_span":"lg:w-1\/3","column_text_alignment":"text-left","event_title":"<p>2021 Holiday Gift Guide<\/p>","event_date":"<p>11\/10\/2021<\/p>","event_location":"<p>RAM®Live: Interactive Web Series<br\/>Wednesday, November 10th at 10am PST<\/p>","event_info":"Event Information","event_link":"","mobile_heading_font_size":"text-xl","desktop_heading_font_size":"md:text-xl","mobile_content_font_size":"text-base","desktop_content_font_size":"md:text-base"}},"b03c9ad5-f3ac-4b16-beb1-c45904298a73":{"type":"multicolumn-text","settings":{"desktop_col_span":"lg:w-1\/3","column_text_alignment":"text-left","event_title":"<p>ATA 2021 Management Conference & Expo<\/p>","event_date":"<p>10\/23\/2021 - 10\/26\/2021<\/p>","event_location":"<p>Nashville, TN<br\/>Booth #5079<\/p>","event_info":"Event Information","event_link":"https:\/\/mce.trucking.org\/","mobile_heading_font_size":"text-xl","desktop_heading_font_size":"md:text-xl","mobile_content_font_size":"text-base","desktop_content_font_size":"md:text-base"}},"eddf67e8-4801-4a5a-a998-74c85ebd72ca":{"type":"multicolumn-text","settings":{"desktop_col_span":"lg:w-1\/3","column_text_alignment":"text-left","event_title":"<p>Warehouse Workflow<\/p>","event_date":"<p>10\/13\/2021<\/p>","event_location":"<p>RAM®Live: Interactive Web Series<br\/>Wednesday, October 13th at 10am PDT<\/p>","event_info":"Event Information","event_link":"","mobile_heading_font_size":"text-xl","desktop_heading_font_size":"md:text-xl","mobile_content_font_size":"text-base","desktop_content_font_size":"md:text-base"}},"7f50b0cd-3463-40ec-b889-f34bad28e301":{"type":"multicolumn-text","settings":{"desktop_col_span":"lg:w-1\/3","column_text_alignment":"text-left","event_title":"<p>Off-Road Mounting Solutions<\/p>","event_date":"<p>9\/15\/2021<\/p>","event_location":"<p>RAM®Live: Interactive Web Series<br\/>Wednesday, September 15th at 10am PDT<\/p>","event_info":"Event Information","event_link":"","mobile_heading_font_size":"text-xl","desktop_heading_font_size":"md:text-xl","mobile_content_font_size":"text-base","desktop_content_font_size":"md:text-base"}},"3348696a-74f0-42bd-9496-1dfac0f26597":{"type":"multicolumn-text","settings":{"desktop_col_span":"lg:w-1\/3","column_text_alignment":"text-left","event_title":"<p>Latest Aviation Mounting Solutions<\/p>","event_date":"<p>8\/18\/2021<\/p>","event_location":"<p>RAM®Live: Interactive Web Series<br\/>Wednesday, August 18th at 10am PDT<\/p>","event_info":"Event Information","event_link":"","mobile_heading_font_size":"text-xl","desktop_heading_font_size":"md:text-xl","mobile_content_font_size":"text-base","desktop_content_font_size":"md:text-base"}}},"block_order":["8e71c115-bb52-47a3-9145-0da6b650b268","3ba7398a-d50e-4c7e-b906-4ef3a893ebfb","c80e5153-2897-4c3e-a782-9e6ea2fc1c0d","f13d9633-f90e-44d8-b316-174799ce1c8e","29b29856-816a-4ca3-a053-8f51c50a5371","7d2e00d0-04a4-406c-92f7-dd9c8b1854ba","0edd5e1a-84c6-4557-95e8-8a873c78a99e","16587779139b9af635-0","41051d7a-b1af-49f9-84ee-9c6589dff01d","3dbe3c05-e3d7-4424-8383-3be026d7775b","c69254e6-5438-4824-8a50-de0b56c01e18","b77f8516-454c-42f1-96a6-dc80e6d4d407","d451edb9-1c2c-4f59-85d9-15c52323e44d","b4127f37-41af-4f24-adfa-fe07ffc9361e","24162275-e24e-4b28-9691-2af41a13565b","72f08f11-4cb6-4f06-8a72-f509d1b8dff9","d12fff02-998d-4640-a00c-0fc2367a645a","c3c11dbe-6718-4af5-8e0d-08b993c693c7","b03c9ad5-f3ac-4b16-beb1-c45904298a73","eddf67e8-4801-4a5a-a998-74c85ebd72ca","7f50b0cd-3463-40ec-b889-f34bad28e301","3348696a-74f0-42bd-9496-1dfac0f26597"],"settings":{"section_class":"","full_width":false,"column_padding":"px-2","tile_font_family":"font-heading","mobile_vertical_padding":"py-8","mobile_horizontal_padding":"px-8","desktop_vertical_padding":"md:py-12","desktop_horizontal_padding":"md:px-8","heading_tag":"h2","heading":"","copy":"","heading_font_family":"font-heading","copy_font_family":"font-body","text_alignment":"text-center","desktop_heading_font_size":"md:text-xl","desktop_copy_font_size":"md:text-base","mobile_heading_font_size":"text-xl","mobile_copy_font_size":"text-base"}}},"order":["1658778631fe0eff80","16587779142b6d192e"]}