{"sections":{"164633050094510fa7":{"type":"hero","settings":{"section_id":"","desktop_image":"shopify:\/\/shop_images\/tabpro-banner.jpg","desktop_image_height":300,"content_desktop_alignment":"md:justify-start","text_desktop_alignment":"md:text-left","desktop_heading":"","desktop_subheading":"","copy":"","heading_tag":"h1","heading_font_size_desktop":"sm:text-5xl","heading_font_size_mobile":"text-3xl","desktop_button_text":"Click Here","desktop_button_link":"","desktop_button_text2":"","desktop_button_link2":"","desktop_text_color":"#ffffff","desktop_subheading_color":"#ffffff","button_bg":"#ffffff","button_hover_bg":"#000000","button_text":"#000000","button_hover_text":"#ffffff","button2_bg":"#ffffff","button2_border_bg":"#ffffff","button2_hover_bg":"#000000","button2_text":"#000000","button2_hover_text":"#ffffff","mobile_image":"shopify:\/\/shop_images\/mobile-tabpro-banner.jpg","mobile_image_height":425,"text_mobile_alignment":"text-left","text_mobile_vertical_alignment":"justify-center","mobile_text_color":"#ffffff","mobile_button_color":"btn"}},"16486560366c7b7837":{"type":"brand-product","settings":{"text_alignment":"md:text-left","text_alignment_mobile":"text-center","heading":"Tab Active Pro","has_underline":false,"desktop_heading_font_size":"md:text-4xl","heading_font_size":"text-2xl","copy":"<p>No matter where the Samsung Galaxy Tab Active Pro is needed, RAM® has you covered with a range of protective skins and powered docks for nearly any application. Turn to the IntelliSkin® Next Generation sleeve for use with existing products in the GDS® Ecosystem™, or take advantage of a variety of powered cradles to keep the Tab Active Pro charged and secure while on the go.<\/p>","copy_font_size":"text-base","brand_image":"shopify:\/\/shop_images\/samsung.png","button_text_1":"Shop All Tab Active Pro","button_link_1":"\/collections\/samsung-galaxy-tablet-mounts?pf_mlt_device_make_model=Tab+Active+Pro&pf_mlt_device_make_model_and_condition=true&sort=extra-sort1-descending","btn_type_1":"btn-ram","button_text_2":"","button_link_2":"","btn_type_2":"btn-dark","button_text_3":"","button_link_3":"","btn_type_3":"btn-ram","section_bg_color":"#f4f4f6"}},"1648577237754fb6a9":{"type":"brand-product","settings":{"text_alignment":"text-left","text_alignment_mobile":"text-left","heading":"Intelliskin® with GDS® Tech™","has_underline":true,"desktop_heading_font_size":"md:text-xl","heading_font_size":"text-xl","copy":"<p>The first of its kind, IntelliSkin® Next Generation protective sleeve for the Tab Active Pro features several enhancements to the original IntelliSkin®. A redesign of the skin combines a hard plastic shell with soft, shock-absorbing rubber, while the exterior’s ruggedized GDS® contacts are now flat to collect less dirt and allow for easier cleaning.<\/p>","copy_font_size":"text-base","brand_image":"shopify:\/\/shop_images\/tabpro-intelliskin.jpg","button_text_1":"Shop IntelliSkin®","button_link_1":"\/collections\/samsung-galaxy-tablet-mounts?pf_mlt_device_make_model=Tab+Active+Pro&pf_mlt_device_make_model_and_condition=true&pf_t_product_line=IntelliSkin+Next+Gen&sort=extra-sort1-descending","btn_type_1":"btn-ram","button_text_2":"","button_link_2":"","btn_type_2":"btn-dark","button_text_3":"","button_link_3":"","btn_type_3":"btn-ram","section_bg_color":"#ffffff"}},"1648579274ae6e3e3d":{"type":"brand-product","settings":{"text_alignment":"text-left","text_alignment_mobile":"text-left","heading":"RAM® Skin™","has_underline":true,"desktop_heading_font_size":"md:text-xl","heading_font_size":"text-xl","copy":"<p>Designed for use with RAM® EZ-Roll’r™ powered cradles, the RAM® Skin™ features military-grade drop protection and a built-in S Pen holder. For even more versatility in the field, look to compatible GDS® Ergo™ accessories like the GDS® Hand-Stand™ and shoulder strap.<\/p>","copy_font_size":"text-base","brand_image":"shopify:\/\/shop_images\/tabpro-ram-skin.jpg","button_text_1":"Shop RAM® Skin™","button_link_1":"\/collections\/samsung-galaxy-tablet-mounts?pf_mlt_device_make_model=Tab+Active+Pro&pf_mlt_device_make_model_and_condition=true&pf_t_product_line=RAM+Skin&sort=extra-sort1-descending","btn_type_1":"btn-ram","button_text_2":"","button_link_2":"","btn_type_2":"btn-dark","button_text_3":"","button_link_3":"","btn_type_3":"btn-ram","section_bg_color":"#ffffff"}},"16485795249e42f7ab":{"type":"brand-product","settings":{"text_alignment":"text-left","text_alignment_mobile":"text-left","heading":"RAM® EZ-Roll'r™ Vehicle Docks","has_underline":true,"desktop_heading_font_size":"md:text-xl","heading_font_size":"text-xl","copy":"<p>These three Tab Active Pro powered cradles are part of the RAM® EZ-Roll’r™ family for simple placement and removal of the device. Available in non-locking, combination lock, and keyed lock versions, all three cradles are compatible with the RAM® Skin™ protective sleeve and a wide variety of RAM® mounting bases.<\/p>","copy_font_size":"text-base","brand_image":"shopify:\/\/shop_images\/tabpro-ezrollr-docks.jpg","button_text_1":"Shop RAM® EZ-Roll’r™","button_link_1":"\/collections\/samsung-galaxy-tablet-mounts?pf_mlt_device_make_model=Tab+Active+Pro&pf_mlt_device_make_model_and_condition=true&pf_t_product_line=EZ-Roll%27r&sort=extra-sort1-descending","btn_type_1":"btn-ram","button_text_2":"","button_link_2":"","btn_type_2":"btn-dark","button_text_3":"","button_link_3":"","btn_type_3":"btn-ram","section_bg_color":"#ffffff"}},"1652724895402d40c8":{"type":"brand-product","settings":{"text_alignment":"md:text-left","text_alignment_mobile":"text-left","heading":"Key & Combo Locking Vehicle Docks","has_underline":true,"desktop_heading_font_size":"md:text-xl","heading_font_size":"text-xl","copy":"<p>Key and combination locking cradles for the Tab Active Pro provide both charging and data transfer capabilities via integrated GDS® pogo pins. Compatible with GDS® hardwire and cigarette lighter adapter chargers, these cradles are ready to meet the demands of field workers in numerous fields and industries.<\/p>","copy_font_size":"text-base","brand_image":"shopify:\/\/shop_images\/tabpro-locking-docks.jpg","button_text_1":"Shop Key Locking","button_link_1":"\/collections\/samsung-galaxy-tablet-mounts?pf_mlt_device_make_model=Tab+Active+Pro&pf_mlt_device_make_model_and_condition=true&pf_t_features=Key+Locking","btn_type_1":"btn-ram","button_text_2":"Shop Combo Locking","button_link_2":"\/collections\/samsung-galaxy-tablet-mounts?pf_mlt_device_make_model=Tab+Active+Pro&pf_mlt_device_make_model_and_condition=true&pf_t_features=Combo+Locking","btn_type_2":"btn-dark","button_text_3":"","button_link_3":"","btn_type_3":"btn-ram","section_bg_color":"#ffffff"}},"1648581111639f05ed":{"type":"featured-blogs","disabled":true,"settings":{"heading":"ADVICE & <span>RAM<\/span>SPIRATION","text_desktop_alignment":"md:text-center","heading_font_size_desktop":"sm:text-xl","heading_font_size_mobile":"text-xl","mobile_vertical_padding":"py-0","mobile_horizontal_padding":"px-0","desktop_vertical_padding":"md:py-0","desktop_horizontal_padding":"md:px-0","heading_font_size_desktop_post":"sm:text-lg","article_1":"","article_2":"","article_3":"","full_width":true}},"1652725417aecd0a8b":{"type":"brand-product","settings":{"text_alignment":"md:text-left","text_alignment_mobile":"text-left","heading":"GDS® Vehicle Docks","has_underline":true,"desktop_heading_font_size":"md:text-xl","heading_font_size":"text-xl","copy":"<p>Designed for IntelliSkin® Next Generation, the latest GDS® vehicle dock includes a universal positioning marker for compatibility and cost-effective upgrades. The bottom docking cup includes 18 GDS® pogo pins as well as a USB Type-C pigtail, bringing in-vehicle charging capabilities to any Tab Active Pro with IntelliSkin®. The GDS® Tough-Dock™ is a custom form-fit docking station with a built-in cavity for accomodating the GDS® Hand-Stand™. Upgrade to GDS® Cool-Dock™ to include a built-in fan to protect long term battery life.<\/p>","copy_font_size":"text-base","brand_image":"shopify:\/\/shop_images\/tabpro-gds-vehicle-docks.jpg","button_text_1":"Shop GDS® Vehicle Docks","button_link_1":"\/collections\/samsung-galaxy-tablet-mounts?pf_mlt_device_make_model=Tab+Active+Pro&pf_mlt_device_make_model_and_condition=true&pf_t_product_line=GDS+Tech","btn_type_1":"btn-ram","button_text_2":"","button_link_2":"","btn_type_2":"btn-dark","button_text_3":"","button_link_3":"","btn_type_3":"btn-ram","section_bg_color":"#ffffff"}},"16527255615d4d0f10":{"type":"brand-product","settings":{"text_alignment":"md:text-left","text_alignment_mobile":"text-left","heading":"GDS® Desktop Docks","has_underline":true,"desktop_heading_font_size":"md:text-xl","heading_font_size":"text-xl","copy":"<p>The latest GDS® desktop charging station is designed to support up to six Next Generation IntelliSkin®-enabled Tab Active Pro devices simultaneously. Eliminate all but one power cord and ensure devices are both charged and securely docked when not in use.<\/p>","copy_font_size":"text-base","brand_image":"shopify:\/\/shop_images\/tabpro-gds-desktop-docks.jpg","button_text_1":"Shop GDS® Desktop Docks","button_link_1":"\/collections\/samsung-galaxy-tablet-mounts?pf_mlt_device_make_model=Tab+Active+Pro&pf_mlt_device_make_model_and_condition=true&pf_mlt_vehicle=Home%2FOffice%2FWorkstation&pf_mlt_vehicle_and_condition=true&pf_t_product_line=GDS+Tech","btn_type_1":"btn-ram","button_text_2":"","button_link_2":"","btn_type_2":"btn-dark","button_text_3":"","button_link_3":"","btn_type_3":"btn-ram","section_bg_color":"#ffffff"}}},"order":["164633050094510fa7","16486560366c7b7837","1648577237754fb6a9","1648579274ae6e3e3d","16485795249e42f7ab","1652724895402d40c8","1648581111639f05ed","1652725417aecd0a8b","16527255615d4d0f10"]}