{"sections":{"164633050094510fa7":{"type":"hero","settings":{"section_id":"","desktop_image":"shopify:\/\/shop_images\/powerboat_9c84a49a-6a74-4b45-82ed-5713260f1137.jpg","line_color":"#cd1e27","desktop_image_height":300,"content_desktop_alignment":"md:justify-start","text_desktop_alignment":"md:text-left","desktop_heading":"","desktop_subheading":"","copy":"","heading_tag":"h1","heading_font_size_desktop":"sm:text-5xl","heading_font_size_mobile":"text-3xl","desktop_button_text":"Click Here","desktop_button_link":"","desktop_button_text2":"","desktop_button_link2":"","desktop_text_color":"#ffffff","desktop_subheading_color":"#ffffff","button_bg":"#ffffff","button_hover_bg":"#000000","button_text":"#000000","button_hover_text":"#ffffff","button2_bg":"#ffffff","button2_border_bg":"#ffffff","button2_hover_bg":"#000000","button2_text":"#000000","button2_hover_text":"#ffffff","mobile_image":"shopify:\/\/shop_images\/powerboat_ceebb800-57bb-4e5c-acad-17297f8b7003.jpg","mobile_image_height":425,"text_mobile_alignment":"text-left","text_mobile_vertical_alignment":"justify-center","mobile_text_color":"#ffffff","mobile_button_color":"btn"}},"1655416488804526bd":{"type":"ram-title-with-button","settings":{"text_alignment":"md:text-left","text_alignment_mobile":"text-left","heading":"Boating Mounts","desktop_heading_font_size":"md:text-3xl","heading_font_size":"text-2xl","copy":"<p>Whether you’re fishing, entertaining, or just riding the waves, RAM® Mounts offers everything you need to outfit your powerboat, sailboat, Jon boat, or bass boat with rugged mounting solutions. Explore mounts for fishing rod holders, action cameras, cup holders, fishfinders, LED spotlights, cell phones, tablets, trolling motor stabilizers, and more. Rod holders for bass boats come in many varieties including a boat rail mount system, clamping mounts for no drill applications, drill down mounts for flat surfaces and even dual fishfinder mounting. Explore everything you need for your vessel below.<\/p>","copy_font_size":"text-base","btn_label":"View Catalog","btn_url":"https:\/\/issuu.com\/rammount\/docs\/on-water_catalog?fr=sZTNhMTE0MzE0MTY","btn_type":"btn-ram","section_bg_color":"#f4f4f6"}},"1655767365ce22efab":{"type":"ram-tabs-products","blocks":{"1655767365b03b7c24-1":{"type":"tab","settings":{"title":"Fishfinder Mounts","content":"","btn_label":"Shop All Boating","btn_url":"\/collections\/powerboat-fishfinder-mounts","btn_type":"btn-ram","btn_label_2":"RAM® Mount Builder","btn_url_2":"shopify:\/\/pages\/mount-builder","btn_type_2":"btn-dark","product_1":"ram-111u","product_2":"ram-d-111u-c","product_3":"ram-101-lo12","product_4":"ram-d-115-c"}},"fd3cc98d-b065-4934-a5cc-b5c7f6c0aca7":{"type":"tab","settings":{"title":"Rod Holders","content":"","btn_label":"Shop All Boating","btn_url":"\/collections\/powerboat-fishing-rod-holders","btn_type":"btn-ram","btn_label_2":"RAM® Mount Builder","btn_url_2":"shopify:\/\/pages\/mount-builder","btn_type_2":"btn-dark","product_1":"rap-433-bmp","product_2":"ram-114-bmp","product_3":"rap-434-bmp","product_4":"ram-114-bu"}},"3228c45c-d06d-46f1-9044-10134d9836f6":{"type":"tab","settings":{"title":"Accessories","content":"","btn_label":"Shop All Boating","btn_url":"\/collections\/powerboat-accessories","btn_type":"btn-ram","btn_label_2":"RAM® Mount Builder","btn_url_2":"shopify:\/\/pages\/mount-builder","btn_type_2":"btn-dark","product_1":"rap-400-202u","product_2":"rap-b-417-400u","product_3":"ram-track-exa-13u","product_4":"ram-b-126"}},"a6faa946-e91c-4406-97f8-c68572ad34be":{"type":"tab","settings":{"title":"Components","content":"","btn_label":"Shop All Boating","btn_url":"\/collections\/powerboat-components","btn_type":"btn-ram","btn_label_2":"RAM® Mount Builder","btn_url_2":"shopify:\/\/pages\/mount-builder","btn_type_2":"btn-dark","product_1":"rap-b-386-18u","product_2":"rap-b-400u","product_3":"rap-b-354u-tra1","product_4":"rap-aaputu"}}},"block_order":["1655767365b03b7c24-1","fd3cc98d-b065-4934-a5cc-b5c7f6c0aca7","3228c45c-d06d-46f1-9044-10134d9836f6","a6faa946-e91c-4406-97f8-c68572ad34be"],"settings":{"mobile_vertical_padding":"py-8","mobile_horizontal_padding":"px-8","desktop_vertical_padding":"md:py-12","desktop_horizontal_padding":"md:px-8","heading":"<p>Top Mounting Solutions<\/p>","copy":"","content_vertical_padding":"md:mt-10","heading_font_family":"font-heading","copy_font_family":"font-body","heading_bottom_spacing":16,"copy_bottom_spacing":16,"text_alignment":"text-center","desktop_heading_font_size":"md:text-xl","desktop_copy_font_size":"md:text-base","mobile_heading_font_size":"text-xl","mobile_copy_font_size":"text-base"}},"1648581111639f05ed":{"type":"featured-blogs","disabled":true,"settings":{"heading":"ADVICE & <span>RAM<\/span>SPIRATION","text_desktop_alignment":"md:text-center","heading_font_size_desktop":"sm:text-xl","heading_font_size_mobile":"text-xl","mobile_vertical_padding":"py-0","mobile_horizontal_padding":"px-0","desktop_vertical_padding":"md:py-0","desktop_horizontal_padding":"md:px-0","heading_font_size_desktop_post":"sm:text-lg","article_1":"","article_2":"","article_3":"","full_width":true}},"16558350860b300f48":{"type":"brand-product","settings":{"text_alignment":"md:text-left","text_alignment_mobile":"text-left","heading":"Fishfinder Mounts","has_underline":true,"desktop_heading_font_size":"md:text-xl","heading_font_size":"text-xl","copy":"<p>Marine electronic mounts including depth finders, chart plotters and fish finders from RAM® Mounts are dependable and rugged solutions for everyone from the casual angler to the professional. With a variety of mounting bases including drill-down, suction cup, track, and clamping options, secure your fishfinder while adding maximum versatility thanks to the RAM® ball and socket system. Our best fishfinder mounts are designed for all boats so you don't have to guess if you can mount to your sail boat, Jon boat, or even a dingy.<\/p>","copy_font_size":"text-base","brand_image":"shopify:\/\/shop_images\/powerboat-section1_32cc42f9-c3fe-45c8-87b6-96f55524dc2a.jpg","button_text_1":"Shop Fishfinder Boats","button_link_1":"\/collections\/powerboat-fishfinder-mounts","btn_type_1":"btn-ram","button_text_2":"","button_link_2":"","btn_type_2":"btn-dark","button_text_3":"","button_link_3":"","btn_type_3":"btn-ram","section_bg_color":"#ffffff"}},"165583528276dff98b":{"type":"brand-product","settings":{"text_alignment":"md:text-left","text_alignment_mobile":"text-left","heading":"Phone, Tablet, and Camera Mounts","has_underline":true,"desktop_heading_font_size":"md:text-xl","heading_font_size":"text-xl","copy":"<p>RAM® camera, cell phone, and tablet mounts protect your expensive devices and secure them wherever you need them most on your boat. In addition, these mounts give you the ability to adjust your mobile devices so they’re in the ideal position when taking photos and video, using fishfinder apps, or keeping the kids entertained.<\/p>","copy_font_size":"text-base","brand_image":"shopify:\/\/shop_images\/powerboat-section2.jpg","button_text_1":"Shop Device Mounts","button_link_1":"\/collections\/powerboat-phone-mounts","btn_type_1":"btn-ram","button_text_2":"","button_link_2":"","btn_type_2":"btn-dark","button_text_3":"","button_link_3":"","btn_type_3":"btn-ram","section_bg_color":"#ffffff"}},"165583535399afed5e":{"type":"brand-product","settings":{"text_alignment":"md:text-left","text_alignment_mobile":"text-left","heading":"Fishing Rod Holders","has_underline":true,"desktop_heading_font_size":"md:text-xl","heading_font_size":"text-xl","copy":"<p>With popular rod holders for boating like the RAM ROD® and RAM® Tube™ series, anglers have trusted RAM® out on the water for years. Choose a complete fishing rod holder kit, or select your preferred mounting base and pair it with the rod holder that best suits your fishing needs. In additon, our mounts are extremely versatile and work perfectly for trolling fishing rod holders for bass boats.<\/p>","copy_font_size":"text-base","brand_image":"shopify:\/\/shop_images\/powerboat-section3.jpg","button_text_1":"Shop Fishing Rod Holders","button_link_1":"\/collections\/powerboat-fishing-rod-holders","btn_type_1":"btn-ram","button_text_2":"","button_link_2":"","btn_type_2":"btn-dark","button_text_3":"","button_link_3":"","btn_type_3":"btn-ram","section_bg_color":"#ffffff"}},"165583540088a954fe":{"type":"brand-product","settings":{"text_alignment":"md:text-left","text_alignment_mobile":"text-left","heading":"Accessories","has_underline":true,"desktop_heading_font_size":"md:text-xl","heading_font_size":"text-xl","copy":"<p>Enhance your boating experience with RAM® accessories, including self-leveling cup holders, LED spotlight mounts, mirror mounts, and more. Utilize our RAM® Roller-Ball™ to mount a Lund sport rack net for the perfect fishing net holder or as a paddle holder. With the RAM® trolling motor stabilizer mount, protect your motor and boat from damage while on the road and in the water.<\/p>","copy_font_size":"text-base","brand_image":"shopify:\/\/shop_images\/powerboat-section4.jpg","button_text_1":"Shop Accessories","button_link_1":"\/collections\/powerboat-accessories","btn_type_1":"btn-ram","button_text_2":"","button_link_2":"","btn_type_2":"btn-dark","button_text_3":"","button_link_3":"","btn_type_3":"btn-ram","section_bg_color":"#ffffff"}}},"order":["164633050094510fa7","1655416488804526bd","1655767365ce22efab","1648581111639f05ed","16558350860b300f48","165583528276dff98b","165583535399afed5e","165583540088a954fe"]}