{"sections":{"165367076151011f76":{"type":"ram-title-with-button","settings":{"text_alignment":"md:text-left","text_alignment_mobile":"text-left","heading":"AGRICULTURE","desktop_heading_font_size":"md:text-3xl","heading_font_size":"text-2xl","copy":"<p>Technological innovation within the agriculture industry has taken off at an unprecedented rate in recent years, and RAM®Mounts has worked closely alongside vehicle and display manufacturers to provide farmers with the best in-cab experience possible. Our trusted partnerships include companies like Agco, Precision Planting, Trimble, and many more. Depend on RAM®to provide a wide range of mounting solutions built specifically with agriculture in mind.<\/p>","copy_font_size":"text-base","btn_label":"VIEW CATALOG","btn_url":"#","btn_type":"btn-ram","section_bg_color":"#f4f4f6"}},"1653670769aa57606c":{"type":"ram-tabs-products","blocks":{"16536707699ba71468-0":{"type":"tab","settings":{"title":"Wheelchair Mounts","content":"","btn_label":"SHOP ALL ACCESSIBILITY","btn_url":"#","btn_type":"btn-ram","btn_label_2":"RAM® MOUNT BUILDER","btn_url_2":"#","btn_type_2":"btn-dark","product_1":"ram-b-202u-225","product_2":"ram-b-238u","product_3":"ram-b-201u-wd1","product_4":"ram-b-230u"}},"16536707699ba71468-1":{"type":"tab","settings":{"title":"XBox Adaptive Controller","content":"","btn_label":"SHOP ALL ACCESSIBILITY","btn_url":"","btn_type":"btn-ram","btn_label_2":"RAM® MOUNT BUILDER","btn_url_2":"","btn_type_2":"btn-dark","product_1":"ram-b-202u-225","product_2":"ram-b-238u","product_3":"ram-b-201u-wd1","product_4":"ram-b-230u"}},"16536707699ba71468-2":{"type":"tab","settings":{"title":"Bedside Mounts","content":"","btn_label":"SHOP ALL ACCESSIBILITY","btn_url":"","btn_type":"btn-ram","btn_label_2":"RAM® MOUNT BUILDER","btn_url_2":"","btn_type_2":"btn-dark","product_1":"ram-b-202u-225","product_2":"ram-b-238u","product_3":"ram-b-201u-wd1","product_4":"ram-b-230u"}},"16536707699ba71468-3":{"type":"tab","settings":{"title":"Desk & Table Mounts","content":"","btn_label":"SHOP ALL ACCESSIBILITY","btn_url":"","btn_type":"btn-ram","btn_label_2":"RAM® MOUNT BUILDER","btn_url_2":"","btn_type_2":"btn-dark","product_1":"ram-b-202u-225","product_2":"ram-b-238u","product_3":"ram-b-201u-wd1","product_4":"ram-b-230u"}}},"block_order":["16536707699ba71468-0","16536707699ba71468-1","16536707699ba71468-2","16536707699ba71468-3"],"settings":{"mobile_vertical_padding":"py-8","mobile_horizontal_padding":"px-8","desktop_vertical_padding":"md:py-12","desktop_horizontal_padding":"md:px-8","heading":"","copy":"","heading_font_family":"font-heading","copy_font_family":"font-body","heading_bottom_spacing":16,"copy_bottom_spacing":16,"text_alignment":"text-center","desktop_heading_font_size":"md:text-xl","desktop_copy_font_size":"md:text-base","mobile_heading_font_size":"text-xl","mobile_copy_font_size":"text-base"}},"16536707853f039d6a":{"type":"ram-custom-products","blocks":{"1653670785dd59a8b6-0":{"type":"products","settings":{"single_product":"ram-b-202u-225"}},"1653670785dd59a8b6-1":{"type":"products","settings":{"single_product":"ram-b-238u"}},"1653670785dd59a8b6-2":{"type":"products","settings":{"single_product":"ram-b-201u-wd1"}},"1653670785dd59a8b6-3":{"type":"products","settings":{"single_product":"ram-b-230u"}}},"block_order":["1653670785dd59a8b6-0","1653670785dd59a8b6-1","1653670785dd59a8b6-2","1653670785dd59a8b6-3"],"settings":{"full_width":false}},"16536708025d2e4553":{"type":"sales-form","blocks":{"1653670802349ae693-0":{"type":"html","settings":{"red_line":true,"heading":"<p>CONTACT SALES<\/p>","heading_font_family":"font-heading","heading_bottom_spacing":0,"text_alignment":"text-center","desktop_heading_font_size":"md:text-2xl","mobile_heading_font_size":"text-xl","html_block":"<div style=\"margin:0 auto;\" class=\"pxFormGenerator\" id=\"NRCcEj1xmk2g_uGXmjI2EQ\"><\/div>"}}},"block_order":["1653670802349ae693-0"],"settings":{"section_id":"","section_class":"","back_color":"","content_width":false,"full_width":false,"column_padding":"px-2","tile_font_family":"font-heading","mobile_vertical_padding":"py-8","mobile_horizontal_padding":"px-8","desktop_vertical_padding":"md:py-12","desktop_horizontal_padding":"md:px-8","heading_tag":"h2","heading":"","copy":"","heading_color":"#131313","heading_font_family":"font-heading","copy_font_family":"font-body","heading_bottom_spacing":16,"copy_bottom_spacing":16,"text_alignment":"text-left","desktop_heading_font_size":"md:text-xl","desktop_copy_font_size":"md:text-base","mobile_heading_font_size":"text-xl","mobile_copy_font_size":"text-base"}},"1653670820a5ca18e1":{"type":"partner-logos","blocks":{"165367082000f63fa8-0":{"type":"image_icon","settings":{"image":"shopify:\/\/shop_images\/agco.png","text":"","url":"","desktop_text_font_size":"md:text-lg","mobile_text_font_size":"text-lg"}},"165367082000f63fa8-1":{"type":"image_icon","settings":{"image":"shopify:\/\/shop_images\/cnh.png","text":"","url":"","desktop_text_font_size":"md:text-lg","mobile_text_font_size":"text-lg"}},"165367082000f63fa8-2":{"type":"image_icon","settings":{"image":"shopify:\/\/shop_images\/trimble.webp","text":"","url":"","desktop_text_font_size":"md:text-lg","mobile_text_font_size":"text-lg"}}},"block_order":["165367082000f63fa8-0","165367082000f63fa8-1","165367082000f63fa8-2"],"settings":{"section_bg_color":"#000000","section_class":"","full_width":true,"red_line":false,"enable_slider":false,"slider_speed":2,"slider_slides":3,"desktop_per_row":"w-1\/3","mobile_per_row":"w-full","justify_items":"justify-center","icon_height":100,"icon_size":225,"icon_space":0,"icon_font_size":"text-xl","icon_font_family":"font-heading","icon_text_space":4,"mobile_vertical_padding":"py-4","mobile_horizontal_padding":"px-8","desktop_vertical_padding":"md:py-4","desktop_horizontal_padding":"md:px-8","heading":"","copy":"","heading_font_family":"font-heading","copy_font_family":"font-body","heading_bottom_spacing":16,"copy_bottom_spacing":16,"text_alignment":"text-center","desktop_heading_font_size":"md:text-xl","desktop_copy_font_size":"md:text-xl","mobile_heading_font_size":"text-xl","mobile_copy_font_size":"text-base"}},"1653670837ff1a6d69":{"type":"ram-images-with-title","blocks":{"165367083701d1a8ae-0":{"type":"image_icon","settings":{"image":"shopify:\/\/shop_images\/atv-utv.jpg","text":"<p>ATV \/ UTV<\/p>","url":"#","desktop_text_font_size":"md:text-lg","mobile_text_font_size":"text-lg"}},"165367083701d1a8ae-1":{"type":"image_icon","settings":{"image":"shopify:\/\/shop_images\/combine.jpg","text":"<p>COMBINE<\/p>","url":"#","desktop_text_font_size":"md:text-lg","mobile_text_font_size":"text-lg"}},"165367083701d1a8ae-2":{"type":"image_icon","settings":{"image":"shopify:\/\/shop_images\/tractor.jpg","text":"<p>TRACTOR<\/p>","url":"#","desktop_text_font_size":"md:text-lg","mobile_text_font_size":"text-lg"}},"165367083701d1a8ae-3":{"type":"image_icon","settings":{"image":"shopify:\/\/shop_images\/truck.jpg","text":"<p>TRUCK<\/p>","url":"#","desktop_text_font_size":"md:text-lg","mobile_text_font_size":"text-lg"}}},"block_order":["165367083701d1a8ae-0","165367083701d1a8ae-1","165367083701d1a8ae-2","165367083701d1a8ae-3"],"settings":{"section_bg_color":"#ffffff","section_class":"","full_width":false,"red_line":true,"enable_slider":false,"slider_speed":2,"slider_slides":4,"desktop_per_row":"w-1\/4","mobile_per_row":"w-1\/2","justify_items":"justify-center","icon_space":"pb-0","icon_height":150,"icon_size":200,"icon_font_size":"text-xl","icon_font_family":"font-heading","icon_text_space":20,"mobile_vertical_padding":"py-8","mobile_horizontal_padding":"px-8","desktop_vertical_padding":"md:py-12","desktop_horizontal_padding":"md:px-8","heading":"<p>RAM® MOUNTS FOR<\/p>","copy":"","heading_font_family":"font-heading","copy_font_family":"font-body","heading_bottom_spacing":40,"copy_bottom_spacing":16,"text_alignment":"text-center","desktop_heading_font_size":"md:text-2xl","desktop_copy_font_size":"md:text-xl","mobile_heading_font_size":"text-xl","mobile_copy_font_size":"text-base"}},"1653670849597f3cf6":{"type":"ram-images","blocks":{"165367084966692225-0":{"type":"image_icon","settings":{"image":"shopify:\/\/shop_images\/truck-icon.webp","text":"<p>Truck \/ Vehicle<\/p>","url":"","desktop_text_font_size":"md:text-lg","mobile_text_font_size":"text-lg"}},"165367084966692225-1":{"type":"image_icon","settings":{"image":"shopify:\/\/shop_images\/forklift-icon.webp","text":"<p>Forklit<\/p>","url":"","desktop_text_font_size":"md:text-lg","mobile_text_font_size":"text-lg"}},"165367084966692225-2":{"type":"image_icon","settings":{"image":"shopify:\/\/shop_images\/desk-icon.webp","text":"<p>Desktop<\/p>","url":"","desktop_text_font_size":"md:text-lg","mobile_text_font_size":"text-lg"}},"165367084966692225-3":{"type":"image_icon","settings":{"image":"shopify:\/\/shop_images\/wall-icon.webp","text":"<p>Wall \/ Workstation<\/p>","url":"","desktop_text_font_size":"md:text-lg","mobile_text_font_size":"text-lg"}}},"block_order":["165367084966692225-0","165367084966692225-1","165367084966692225-2","165367084966692225-3"],"settings":{"section_bg_color":"#f4f4f6","section_class":"","full_width":true,"red_line":false,"enable_slider":false,"slider_speed":2,"slider_slides":4,"desktop_per_row":"w-1\/4","mobile_per_row":"w-1\/2","justify_items":"justify-center","icon_height":150,"icon_size":200,"icon_space":0,"icon_font_size":"text-xl","icon_font_family":"font-heading","icon_text_space":32,"mobile_vertical_padding":"py-8","mobile_horizontal_padding":"px-8","desktop_vertical_padding":"md:py-12","desktop_horizontal_padding":"md:px-8","heading":"","copy":"","heading_font_family":"font-heading","copy_font_family":"font-body","heading_bottom_spacing":16,"copy_bottom_spacing":16,"text_alignment":"text-center","desktop_heading_font_size":"md:text-xl","desktop_copy_font_size":"md:text-xl","mobile_heading_font_size":"text-xl","mobile_copy_font_size":"text-base"}},"16542730722bd41db6":{"type":"collection","blocks":{"ca497ca0-503f-4bba-a9c1-4c081e056d2f":{"type":"tab-collection","settings":{"collection":"apple-iphone-mounts","tab":"iPhone"}},"07c7cc17-0f4b-4e1f-bb87-5fc09a97266f":{"type":"tab-collection","settings":{"collection":"b_arm-base","tab":"Arm + Base"}}},"block_order":["ca497ca0-503f-4bba-a9c1-4c081e056d2f","07c7cc17-0f4b-4e1f-bb87-5fc09a97266f"],"settings":{"use_app":false,"collection_title":"B Ball Bases","products_per_page":15,"hide_duplicated_families":false,"show_collection":false,"show_sort_filter":false,"show_ram_help":false}}},"order":["165367076151011f76","1653670769aa57606c","16536707853f039d6a","16536708025d2e4553","1653670820a5ca18e1","1653670837ff1a6d69","1653670849597f3cf6","16542730722bd41db6"]}