{"sections":{"164633050094510fa7":{"type":"hero","settings":{"section_id":"","desktop_image":"shopify:\/\/shop_images\/in-air.jpg","line_color":"#cd1e27","desktop_image_height":300,"content_desktop_alignment":"md:justify-start","text_desktop_alignment":"md:text-left","desktop_heading":"","desktop_subheading":"","copy":"","heading_tag":"h1","heading_font_size_desktop":"sm:text-5xl","heading_font_size_mobile":"text-3xl","desktop_button_text":"Click Here","desktop_button_link":"","desktop_button_text2":"","desktop_button_link2":"","desktop_text_color":"#ffffff","desktop_subheading_color":"#ffffff","button_bg":"#ffffff","button_hover_bg":"#000000","button_text":"#000000","button_hover_text":"#ffffff","button2_bg":"#ffffff","button2_border_bg":"#ffffff","button2_hover_bg":"#000000","button2_text":"#000000","button2_hover_text":"#ffffff","mobile_image":"shopify:\/\/shop_images\/in-air_b5a5e75b-69ae-4d80-acca-2ba42ecaa663.jpg","mobile_image_height":425,"text_mobile_alignment":"text-left","text_mobile_vertical_alignment":"justify-center","mobile_text_color":"#ffffff","mobile_button_color":"btn"}},"1655416488804526bd":{"type":"ram-title-with-button","settings":{"text_alignment":"md:text-left","text_alignment_mobile":"text-left","heading":"Airplane","desktop_heading_font_size":"md:text-3xl","heading_font_size":"text-2xl","copy":"<p>Whether flying your personal plane or a commercial jet, RAM® Mounts is proud to be by every pilot’s side. With complete mounting kits and individual RAM® components for the cockpit, pilots have several options for keeping devices secure and accessible without greatly impacting visibility. Turn to RAM® yoke clamp and suction cup bases for secure mounting, as well as RAM® universal device holders for phones, tablets, and more. Explore the full line of RAM® airplane mounts below.<\/p>","copy_font_size":"text-base","btn_label":"View Catalog","btn_url":"https:\/\/issuu.com\/rammount\/docs\/aviation_catalog?fr=sMTkwYzQ1ODMwMTA","btn_type":"btn-ram","section_bg_color":"#f4f4f6"}},"165541670761b7f135":{"type":"partner-logos","disabled":true,"blocks":{"165541670775cccaae-1":{"type":"image_icon","settings":{"image":"shopify:\/\/shop_images\/platform-science.png","text":"","url":"","desktop_text_font_size":"md:text-lg","mobile_text_font_size":"text-lg"}},"165541670775cccaae-0":{"type":"image_icon","settings":{"image":"shopify:\/\/shop_images\/omnitracs.png","text":"","url":"","desktop_text_font_size":"md:text-lg","mobile_text_font_size":"text-lg"}},"165541670775cccaae-2":{"type":"image_icon","settings":{"image":"shopify:\/\/shop_images\/peoplenet_1f191611-006c-4349-8fad-a723a0c49357.png","text":"","url":"","desktop_text_font_size":"md:text-lg","mobile_text_font_size":"text-lg"}},"961b8dce-fb5d-46e5-8ba9-46de6feb6a4d":{"type":"image_icon","settings":{"image":"shopify:\/\/shop_images\/samsung_d37c3cb0-c61c-4e8c-8d56-0863a30ce01e.png","text":"","url":"","desktop_text_font_size":"md:text-lg","mobile_text_font_size":"text-lg"}}},"block_order":["165541670775cccaae-1","165541670775cccaae-0","165541670775cccaae-2","961b8dce-fb5d-46e5-8ba9-46de6feb6a4d"],"settings":{"section_bg_color":"#000000","section_class":"","full_width":true,"red_line":false,"enable_slider":false,"slider_speed":2,"slider_slides":3,"desktop_per_row":"w-1\/4","mobile_per_row":"w-full","justify_items":"justify-center","icon_height":100,"icon_size":225,"icon_space":0,"icon_font_size":"text-xl","icon_font_family":"font-heading","icon_text_space":4,"mobile_vertical_padding":"py-4","mobile_horizontal_padding":"px-8","desktop_vertical_padding":"md:py-4","desktop_horizontal_padding":"md:px-8","heading":"","copy":"","heading_font_family":"font-heading","copy_font_family":"font-body","heading_bottom_spacing":16,"copy_bottom_spacing":16,"text_alignment":"text-center","desktop_heading_font_size":"md:text-xl","desktop_copy_font_size":"md:text-xl","mobile_heading_font_size":"text-xl","mobile_copy_font_size":"text-base"}},"165540489801ed57c6":{"type":"sales-form","disabled":true,"blocks":{"165540489804b345a0-0":{"type":"html","settings":{"red_line":true,"heading":"<p>Contact Sales<\/p>","heading_font_family":"font-heading","heading_bottom_spacing":0,"text_alignment":"text-center","desktop_heading_font_size":"md:text-2xl","mobile_heading_font_size":"text-xl","html_block":"<div style=\"margin:0 auto;\" class=\"pxFormGenerator\" id=\"NRCcEj1xmk2g_uGXmjI2EQ\"><\/div>"}}},"block_order":["165540489804b345a0-0"],"settings":{"section_id":"contact","section_class":"","back_color":"","content_width":false,"full_width":false,"column_padding":"px-2","tile_font_family":"font-heading","mobile_vertical_padding":"py-8","mobile_horizontal_padding":"px-8","desktop_vertical_padding":"md:py-12","desktop_horizontal_padding":"md:px-8","heading_tag":"h2","heading":"","copy":"","heading_color":"#131313","heading_font_family":"font-heading","copy_font_family":"font-body","heading_bottom_spacing":16,"copy_bottom_spacing":16,"text_alignment":"text-left","desktop_heading_font_size":"md:text-xl","desktop_copy_font_size":"md:text-base","mobile_heading_font_size":"text-xl","mobile_copy_font_size":"text-base"}},"1648581111639f05ed":{"type":"featured-blogs","disabled":true,"settings":{"heading":"ADVICE & <span>RAM<\/span>SPIRATION","text_desktop_alignment":"md:text-center","heading_font_size_desktop":"sm:text-xl","heading_font_size_mobile":"text-xl","mobile_vertical_padding":"py-0","mobile_horizontal_padding":"px-0","desktop_vertical_padding":"md:py-0","desktop_horizontal_padding":"md:px-0","heading_font_size_desktop_post":"sm:text-lg","article_1":"","article_2":"","article_3":"","full_width":true}},"1655767365ce22efab":{"type":"ram-tabs-products","blocks":{"1655767365b03b7c24-0":{"type":"tab","settings":{"title":"Complete Kits","content":"","btn_label":"Shop All Airplane","btn_url":"\/collections\/airplane-complete-kits","btn_type":"btn-ram","btn_label_2":"RAM® Mount Builder","btn_url_2":"shopify:\/\/pages\/mount-builder","btn_type_2":"btn-dark","product_1":"ram-bm-l1-sb1-tab12u","product_2":"ram-b-224-1-tab3-fro1-ala1-kru","product_3":"ram-b-189-piv1-un11u","product_4":"ram-b-189-un8-ala1-kru"}},"1655767365b03b7c24-1":{"type":"tab","settings":{"title":"Device Holders","content":"","btn_label":"Shop All Airplane","btn_url":"\/collections\/airplane-holders","btn_type":"btn-ram","btn_label_2":"RAM® Mount Builder","btn_url_2":"shopify:\/\/pages\/mount-builder","btn_type_2":"btn-dark","product_1":"ram-hol-un8bu","product_2":"ram-b-202-ap36u","product_3":"ram-hol-un11u","product_4":"ram-hol-un7bu"}},"1655767365b03b7c24-2":{"type":"tab","settings":{"title":"Mounts","content":"","btn_label":"Shop All Airplane","btn_url":"\/collections\/airplane-mounts","btn_type":"btn-ram","btn_label_2":"RAM® Mount Builder","btn_url_2":"shopify:\/\/pages\/mount-builder","btn_type_2":"btn-dark","product_1":"rap-b-102-121bu","product_2":"ram-bm-l1-sb1u","product_3":"ram-b-177u","product_4":"ram-b-166-326-vis-g1u"}},"1655767365b03b7c24-3":{"type":"tab","settings":{"title":"Components","content":"","btn_label":"Shop All Airplane","btn_url":"\/collections\/airplane-components","btn_type":"btn-ram","btn_label_2":"RAM® Mount Builder","btn_url_2":"shopify:\/\/pages\/mount-builder","btn_type_2":"btn-dark","product_1":"ram-b-380u","product_2":"ram-b-259u","product_3":"ram-b-189b-piv1u","product_4":"ram-b-131-201"}},"179c45cd-1098-431c-92be-6dc8fce16015":{"type":"tab","disabled":true,"settings":{"title":"Accessories","content":"","btn_label":"Shop All Airplane","btn_url":"\/collections\/airplane-accessories","btn_type":"btn-ram","btn_label_2":"RAM® Mount Builder","btn_url_2":"","btn_type_2":"btn-dark","product_1":"rap-b-121-mp1u","product_2":"","product_3":"","product_4":""}}},"block_order":["1655767365b03b7c24-0","1655767365b03b7c24-1","1655767365b03b7c24-2","1655767365b03b7c24-3","179c45cd-1098-431c-92be-6dc8fce16015"],"settings":{"mobile_vertical_padding":"py-8","mobile_horizontal_padding":"px-8","desktop_vertical_padding":"md:py-12","desktop_horizontal_padding":"md:px-8","heading":"","copy":"","content_vertical_padding":"md:mt-10","heading_font_family":"font-heading","copy_font_family":"font-body","heading_bottom_spacing":16,"copy_bottom_spacing":16,"text_alignment":"text-center","desktop_heading_font_size":"md:text-xl","desktop_copy_font_size":"md:text-base","mobile_heading_font_size":"text-xl","mobile_copy_font_size":"text-base"}},"16557673694fb1ad58":{"type":"brand-product","settings":{"text_alignment":"md:text-left","text_alignment_mobile":"text-left","heading":"Tablet Holders","has_underline":true,"desktop_heading_font_size":"md:text-xl","heading_font_size":"text-xl","copy":"<p>No matter what app you're using as your EFB, RAM® tablet holders ensure your device is kept secure and functional. With spring-loaded universal holders like the RAM® X-Grip®, RAM® Tab-Tite™, and RAM® Tab-Lock™ available for nearly any tablet size, RAM® has long been trusted to secure tablets in the cockpit. In addition, form-fit holders for popular tablets like the Apple iPad provide a perfect fit for devices without cases.<\/p>","copy_font_size":"text-base","brand_image":"shopify:\/\/shop_images\/tablet-holders_49955e41-b757-4356-b6c9-65656af5788b.jpg","button_text_1":"Shop Tablet Holders","button_link_1":"\/collections\/airplane-complete-kits","btn_type_1":"btn-ram","button_text_2":"","button_link_2":"","btn_type_2":"btn-dark","button_text_3":"","button_link_3":"","btn_type_3":"btn-ram","section_bg_color":"#ffffff"}},"165576754445ef1c63":{"type":"brand-product","settings":{"text_alignment":"md:text-left","text_alignment_mobile":"text-left","heading":"Phone Holders","has_underline":true,"desktop_heading_font_size":"md:text-xl","heading_font_size":"text-xl","copy":"<p>With some of the most popular phone holders on the market, RAM® keeps your device functional and exactly where you need it in the cockpit. Easily pair a range of mounting bases with spring-loaded solutions like the RAM® X-Grip® that features a sleek 'X' design and the RAM® Quick-Grip™ for one-handed placement of your device. For phones without cases, look to RAM® form-fit holders designed for specific devices.<\/p>","copy_font_size":"text-base","brand_image":"shopify:\/\/shop_images\/phone-holders_3e38bf96-7954-4d80-b826-68c22473aa5c.jpg","button_text_1":"Shop Phone Holders","button_link_1":"\/collections\/airplane-complete-kits","btn_type_1":"btn-ram","button_text_2":"","button_link_2":"","btn_type_2":"btn-dark","button_text_3":"","button_link_3":"","btn_type_3":"btn-ram","section_bg_color":"#ffffff"}},"16557676629e97944f":{"type":"brand-product","settings":{"text_alignment":"md:text-left","text_alignment_mobile":"text-left","heading":"GPS Holders","has_underline":true,"desktop_heading_font_size":"md:text-xl","heading_font_size":"text-xl","copy":"<p>If you're using a dedicated GPS unit in the cockpit in addition to or instead of a phone or tablet, you'll find RAM® form-fit holders for a wide variety of brands and models. For commonly used aviation GPS devices like the Garmin aera 660, turn to RAM® ball bases featuring the universal AMPS hole pattern and pair with your favorite mount.<\/p>","copy_font_size":"text-base","brand_image":"shopify:\/\/shop_images\/gps-mounts_5e5446fc-303c-486b-b202-ee419ccdf1b1.jpg","button_text_1":"Shop GPS Holders","button_link_1":"\/collections\/airplane-complete-kits","btn_type_1":"btn-ram","button_text_2":"","button_link_2":"","btn_type_2":"btn-dark","button_text_3":"","button_link_3":"","btn_type_3":"btn-ram","section_bg_color":"#ffffff"}},"1655767737ff8e2f1b":{"type":"brand-product","settings":{"text_alignment":"md:text-left","text_alignment_mobile":"text-left","heading":"Camera Adapters","has_underline":true,"desktop_heading_font_size":"md:text-xl","heading_font_size":"text-xl","copy":"<p>Capture the best photos and videos possible from your cockpit with RAM® camera ball adapters. Choose from action camera solutions that are compatible with GoPro devices, and find ball adapters featuring threaded studs for a range of consumer devices. The RAM® double ball and socket system allows for near-infinite adjustability, meaning it's simple to achieve the ideal shooting angle.<\/p>","copy_font_size":"text-base","brand_image":"shopify:\/\/shop_images\/camera-adapter_1dc16e95-c016-4b0d-86da-63628594c105.jpg","button_text_1":"Shop Camera Adapters","button_link_1":"\/pages\/in-air-aviation-sports","btn_type_1":"btn-ram","button_text_2":"","button_link_2":"","btn_type_2":"btn-dark","button_text_3":"","button_link_3":"","btn_type_3":"btn-ram","section_bg_color":"#ffffff"}},"1655767793830a675d":{"type":"brand-product","settings":{"text_alignment":"md:text-left","text_alignment_mobile":"text-left","heading":"RAM® Multi-Pad™","has_underline":true,"desktop_heading_font_size":"md:text-xl","heading_font_size":"text-xl","copy":"<p>Keep important documents securely in place and organized in the cockpit with this durable notepad holder. Integrated magnets hold the included metal pen in place, whie multiple mounting attachment points make the RAM® Multi-Pad™ easy to attach to any mounting base.<\/p>","copy_font_size":"text-base","brand_image":"shopify:\/\/shop_images\/multi-pad.jpg","button_text_1":"Shop RAM® Multi-Pad™","button_link_1":"https:\/\/rammount.com\/search?q=multipad","btn_type_1":"btn-ram","button_text_2":"","button_link_2":"","btn_type_2":"btn-dark","button_text_3":"","button_link_3":"","btn_type_3":"btn-ram","section_bg_color":"#ffffff"}},"165576786546de2875":{"type":"brand-product","settings":{"text_alignment":"md:text-left","text_alignment_mobile":"text-left","heading":"RAM® Sun Visor","has_underline":true,"desktop_heading_font_size":"md:text-xl","heading_font_size":"text-xl","copy":"<p>The RAM® sun visor is a favorite among pilots. This 8\" x 13\" accessory features a dark green 50 percent tint that's ideal for blocking sun and glare in the cockpit. Available with the RAM® Twist-Lock™ suction cup base and double socket swivel arm, adjusting the sun visor to any angle and for left or right handed use is a breeze.<\/p>","copy_font_size":"text-base","brand_image":"shopify:\/\/shop_images\/sun-visor.jpg","button_text_1":"Shop RAM® Sun Visor","button_link_1":"shopify:\/\/products\/ram-b-166-326-vis-g1u","btn_type_1":"btn-ram","button_text_2":"","button_link_2":"","btn_type_2":"btn-dark","button_text_3":"","button_link_3":"","btn_type_3":"btn-ram","section_bg_color":"#ffffff"}}},"order":["164633050094510fa7","1655416488804526bd","165541670761b7f135","165540489801ed57c6","1648581111639f05ed","1655767365ce22efab","16557673694fb1ad58","165576754445ef1c63","16557676629e97944f","1655767737ff8e2f1b","1655767793830a675d","165576786546de2875"]}