{"sections":{"164633050094510fa7":{"type":"hero","settings":{"section_id":"","desktop_image":"shopify:\/\/shop_images\/jeep-dashmount-banner_f66a7e6a-2aaf-4669-a15d-6cab27096c4c.jpg","line_color":"#cd1e27","desktop_image_height":300,"content_desktop_alignment":"md:justify-start","text_desktop_alignment":"md:text-left","desktop_heading":"","desktop_subheading":"","copy":"","heading_tag":"h1","heading_font_size_desktop":"sm:text-5xl","heading_font_size_mobile":"text-3xl","desktop_button_text":"Click Here","desktop_button_link":"","desktop_button_text2":"","desktop_button_link2":"","desktop_text_color":"#ffffff","desktop_subheading_color":"#ffffff","button_bg":"#ffffff","button_hover_bg":"#000000","button_text":"#000000","button_hover_text":"#ffffff","button2_bg":"#ffffff","button2_border_bg":"#ffffff","button2_hover_bg":"#000000","button2_text":"#000000","button2_hover_text":"#ffffff","mobile_image":"shopify:\/\/shop_images\/jeep-dash-track.jpg","mobile_image_height":425,"text_mobile_alignment":"text-left","text_mobile_vertical_alignment":"justify-center","mobile_text_color":"#ffffff","mobile_button_color":"btn"}},"1655416488804526bd":{"type":"ram-title-with-button","settings":{"text_alignment":"md:text-left","text_alignment_mobile":"text-left","heading":"Jeep JL and Gladiator Dashboard Mount","desktop_heading_font_size":"md:text-3xl","heading_font_size":"text-2xl","copy":"<p>The RAM® Tough-Track™ expands into no-drill dashboard mounting. Now available for dash mounting on the 2018-2023 Jeep JL, JLU, and Jeep Gladiator, this dash mount is the best way to mount your phone, tablet, handheld radio and more for Jeeps. Being able to mount multiple devices creates an ideal Jeep mount for overland and off road enthusiasts.<\/p>","copy_font_size":"text-base","btn_label":"","btn_url":"","btn_type":"btn-ram","section_bg_color":"#f4f4f6"}},"1655767365ce22efab":{"type":"ram-tabs-products","blocks":{"1655767365b03b7c24-1":{"type":"tab","settings":{"title":"RAM® Tough-Track™","content":"","btn_label":"Shop All RAM® Tough-Track™","btn_url":"\/collections\/jeep-track","btn_type":"btn-ram","btn_label_2":"RAM® Mount Builder","btn_url_2":"","btn_type_2":"btn-dark","product_1":"ram-dt-204-track-a12u","product_2":"rap-hol-un7b-354-tra1u","product_3":"rap-b-202-gop1-354-tra1u","product_4":"rap-b-202-ga76-tra1u"}},"fd3cc98d-b065-4934-a5cc-b5c7f6c0aca7":{"type":"tab","settings":{"title":"Track Components","content":"","btn_label":"Shop All RAM® Tough-Track™","btn_url":"\/collections\/jeep-components","btn_type":"btn-ram","btn_label_2":"RAM® Mount Builder","btn_url_2":"","btn_type_2":"btn-dark","product_1":"rap-b-354u-tra1","product_2":"rap-354u-tra1","product_3":"rap-hol-un4-201u","product_4":"ram-hol-un8bu"}}},"block_order":["1655767365b03b7c24-1","fd3cc98d-b065-4934-a5cc-b5c7f6c0aca7"],"settings":{"mobile_vertical_padding":"py-8","mobile_horizontal_padding":"px-8","desktop_vertical_padding":"md:py-12","desktop_horizontal_padding":"md:px-8","heading":"<p>Top Mounting Solutions<\/p>","copy":"","content_vertical_padding":"md:mt-10","heading_font_family":"font-heading","copy_font_family":"font-body","heading_bottom_spacing":16,"copy_bottom_spacing":16,"text_alignment":"text-center","desktop_heading_font_size":"md:text-xl","desktop_copy_font_size":"md:text-base","mobile_heading_font_size":"text-xl","mobile_copy_font_size":"text-base"}},"16557673694fb1ad58":{"type":"brand-product","settings":{"text_alignment":"md:text-left","text_alignment_mobile":"text-left","heading":"RAM® Tough-Track™ Dashboard Mount for Jeep JL & Gladiator","has_underline":true,"desktop_heading_font_size":"md:text-xl","heading_font_size":"text-xl","copy":"<p>Consisting of a dash mounting plate (screws included) and a top-loading composite 12” RAM® Tough-Track™, easily attach RAM® Track Ball™ components along with double socket arms and either a phone holder, tablet holder, GPS holder, handheld radio holder, and more.<\/p>","copy_font_size":"text-base","brand_image":"shopify:\/\/shop_images\/jeep-tough-track_10406980-7521-40ba-a5db-7b18b74c5d4a.jpg","button_text_1":"Buy Now","button_link_1":"shopify:\/\/products\/ram-dt-204-track-a12u","btn_type_1":"btn-ram","button_text_2":"","button_link_2":"","btn_type_2":"btn-dark","button_text_3":"","button_link_3":"","btn_type_3":"btn-ram","section_bg_color":"#ffffff"}},"165576754445ef1c63":{"type":"brand-product","settings":{"text_alignment":"md:text-left","text_alignment_mobile":"text-left","heading":"Build Your Jeep Dashboard Mount","has_underline":true,"desktop_heading_font_size":"md:text-xl","heading_font_size":"text-xl","copy":"<p>Utilizing 12 inches of track, you can safely add up to four devices on track mounting components. Build your Jeep dashboard mount how you like it and shop components and kits for your phone, tablet, handheld radio and more.<\/p>","copy_font_size":"text-base","brand_image":"shopify:\/\/shop_images\/build-your-dash-mount_9489df06-e844-4efc-8f01-7220cecf340e.jpg","button_text_1":"RAM® Mount Builder","button_link_1":"","btn_type_1":"btn-dark","button_text_2":"","button_link_2":"","btn_type_2":"btn-dark","button_text_3":"","button_link_3":"","btn_type_3":"btn-ram","section_bg_color":"#ffffff"}},"16558184857ded2f91":{"type":"brand-product","settings":{"text_alignment":"md:text-left","text_alignment_mobile":"text-left","heading":"No-Drilling Required","has_underline":true,"desktop_heading_font_size":"md:text-xl","heading_font_size":"text-xl","copy":"<p>We know drilling into the dashboard to mount devices can be a nerve-racking option. The RAM® Tough-Track™ dashboard mount for Jeep JL, JLU, and Jeep Gladiator requires no drilling into the dashboard and fits perfectly in place of the Jeep dashboard cubby using the two existing screws.<\/p>","copy_font_size":"text-base","brand_image":"shopify:\/\/shop_images\/no-drilling-jeep-dash-mount_56780b22-3dae-47e1-9842-bddce0fad9b2.jpg","button_text_1":"","button_link_1":"","btn_type_1":"btn-ram","button_text_2":"","button_link_2":"","btn_type_2":"btn-dark","button_text_3":"","button_link_3":"","btn_type_3":"btn-ram","section_bg_color":"#ffffff"}},"1648581111639f05ed":{"type":"featured-blogs","disabled":true,"settings":{"heading":"ADVICE & <span>RAM<\/span>SPIRATION","text_desktop_alignment":"md:text-center","heading_font_size_desktop":"sm:text-xl","heading_font_size_mobile":"text-xl","mobile_vertical_padding":"py-0","mobile_horizontal_padding":"px-0","desktop_vertical_padding":"md:py-0","desktop_horizontal_padding":"md:px-0","heading_font_size_desktop_post":"sm:text-lg","article_1":"","article_2":"","article_3":"","full_width":true}}},"order":["164633050094510fa7","1655416488804526bd","1655767365ce22efab","16557673694fb1ad58","165576754445ef1c63","16558184857ded2f91","1648581111639f05ed"]}