{"sections":{"164633050094510fa7":{"type":"hero","settings":{"section_id":"","desktop_image":"shopify:\/\/shop_images\/tab-active4-pro-banner-skinny.jpg","line_color":"#141c88","desktop_image_height":300,"content_desktop_alignment":"md:justify-start","text_desktop_alignment":"md:text-left","desktop_heading":"","desktop_subheading":"","copy":"","heading_tag":"h1","heading_font_size_desktop":"sm:text-5xl","heading_font_size_mobile":"text-3xl","desktop_button_text":"Click Here","desktop_button_link":"","desktop_button_text2":"","desktop_button_link2":"","desktop_text_color":"#ffffff","desktop_subheading_color":"#ffffff","button_bg":"#ffffff","button_hover_bg":"#000000","button_text":"#000000","button_hover_text":"#ffffff","button2_bg":"#ffffff","button2_border_bg":"#ffffff","button2_hover_bg":"#000000","button2_text":"#000000","button2_hover_text":"#ffffff","mobile_image":"shopify:\/\/shop_images\/mobile-tab-active4-pro-banner_1d58b2a4-d4c8-414e-b95f-967975a8cdc9.jpg","mobile_image_height":425,"text_mobile_alignment":"text-left","text_mobile_vertical_alignment":"justify-center","mobile_text_color":"#ffffff","mobile_button_color":"btn"}},"16558563708c622ca6":{"type":"brand-product","settings":{"text_alignment":"md:text-left","text_alignment_mobile":"text-left","heading":"Tab Active4 Pro","has_underline":true,"desktop_heading_font_size":"md:text-xl","heading_font_size":"text-xl","copy":"<p>The newest all-in-one rugged tablet from Samsung is now available with RAM® Mounts powered vehicle docks and charging stations for the Galaxy Tab Active4 Pro. Improve your warehouse workflow with interchangeable docks and mounts to help you increase efficiency and decrease headaches. Whether you're in the warehouse or in the field, workers across the globe recognize RAM® Mounts paired with Samsung as the standard for mobility.<\/p>","copy_font_size":"text-base","brand_image":"shopify:\/\/shop_images\/samsung_b11da817-ee8d-4160-b756-6ef9c8f86e6c.png","button_text_1":"Shop All Tab Active4 Pro","button_link_1":"\/collections\/samsung-galaxy-tablet-mounts?pf_mlt_device_make_model=Samsung&pf_mlt_device_make_model=Tab+Active4+Pro&pf_mlt_device_make_model_and_condition=true","btn_type_1":"btn-ram","button_text_2":"","button_link_2":"","btn_type_2":"btn-dark","button_text_3":"","button_link_3":"","btn_type_3":"btn-ram","section_bg_color":"#f4f4f6"}},"16557493624751b44c":{"type":"brand-product","settings":{"text_alignment":"md:text-left","text_alignment_mobile":"text-left","heading":"RAM® Vehicle Docks for Tab Active4 Pro","has_underline":true,"desktop_heading_font_size":"md:text-xl","heading_font_size":"text-xl","copy":"<p>These RAM® EZ-Roll'r™ powered vehicle docks designed specifically for the Samsung Galaxy Tab Active Pro offer a fumble-free vehicle docking solution, compatible with the OEM case and the rugged RAM® Skin™. These docks are available in various configurations including key-locking, powered, and data sync with peripheral support. Each of these docks feature integrated pogo pin charging capabilities for an efficient docking experience while protecting wear and tear on the tablet's ports. Pair with thousands of different RAM® components for a custom mount, based on your environment and vehicle type. <\/p>","copy_font_size":"text-base","brand_image":"shopify:\/\/shop_images\/tabactive4pro-docks.jpg","button_text_1":"Shop Powered Docks","button_link_1":"\/collections\/samsung-galaxy-tablet-mounts?pf_mlt_device_make_model=Samsung&pf_mlt_device_make_model=Tab+Active4+Pro&pf_mlt_device_make_model_and_condition=true&pf_t_features=Powered","btn_type_1":"btn-ram","button_text_2":"","button_link_2":"","btn_type_2":"btn-dark","button_text_3":"","button_link_3":"","btn_type_3":"btn-ram","section_bg_color":"#ffffff"}},"1655856422ae6f4658":{"type":"brand-product","settings":{"text_alignment":"md:text-left","text_alignment_mobile":"text-left","heading":"IntelliSkin® with GDS® Tech™ for Tab Active4 Pro","has_underline":true,"desktop_heading_font_size":"md:text-xl","heading_font_size":"text-xl","copy":"<p>Ruggedized mobile workstations meets standardized docking and charging. IntelliSkin® and GDS® Technology™ form enterprise-ready solutions for the Samsung Galaxy Tab Active4 Pro. Whether you're on the road or in the warehouse, RAM® offers plug and play mounting solutions for your fleet.<\/p>","copy_font_size":"text-base","brand_image":"shopify:\/\/shop_images\/tabactive4pro-toughdock.jpg","button_text_1":"Shop GDS® Tech™","button_link_1":"\/collections\/samsung-galaxy-tablet-mounts?pf_mlt_device_make_model=Samsung&pf_mlt_device_make_model=Tab+Active4+Pro&pf_mlt_device_make_model_and_condition=true&pf_t_product_line=GDS+Tech","btn_type_1":"btn-ram","button_text_2":"","button_link_2":"","btn_type_2":"btn-dark","button_text_3":"","button_link_3":"","btn_type_3":"btn-ram","section_bg_color":"#ffffff"}},"16638250039f08b9b7":{"type":"brand-product","settings":{"text_alignment":"md:text-left","text_alignment_mobile":"text-left","heading":"Tab Active4 Pro Ergonomic Accessories","has_underline":true,"desktop_heading_font_size":"md:text-xl","heading_font_size":"text-xl","copy":"<p>RAM designs ergonomic accessories for the Tab Active4 Pro including the form-fit rugged case, RAM® Skin™, and the GDS® Hand-Stand™ Shoulder Strap and Kick Stand. Why fumble around with expensive devices when you can protect your investment while maintaining a frustration-free work environment with GDS® Ergo™ accessories for the Tab Active4 Pro.<\/p>","copy_font_size":"text-base","brand_image":"shopify:\/\/shop_images\/tab-active4-pro-accessories.jpg","button_text_1":"Shop GDS® Ergo™","button_link_1":"\/collections\/gds-sam54-ng-accessories","btn_type_1":"btn-ram","button_text_2":"","button_link_2":"","btn_type_2":"btn-dark","button_text_3":"","button_link_3":"","btn_type_3":"btn-ram","section_bg_color":"#ffffff"}},"1655856701e389a57c":{"type":"brand-product","settings":{"text_alignment":"md:text-left","text_alignment_mobile":"text-left","heading":"No Battery Mode Support","has_underline":true,"desktop_heading_font_size":"md:text-xl","heading_font_size":"text-xl","copy":"<p>The RAM® Tough-Case™ with USB Type-C for Samsung Galaxy Tab Active4 Pro is the new solution built to support a tethered connection from your vehicle’s power source to the device. This allows you to build a mounting solution around the Tab Active4 Pro’s new ‘No Battery Mode’ feature. This feature allows you to remove the tablet’s battery, or bypass completely, while maintaining power to the Tab Active4 Pro as long as it’s connected to a power source using a USB Type-C connection.<\/p>","copy_font_size":"text-base","brand_image":"shopify:\/\/shop_images\/tabactive4pro-nobatterymode.jpg","button_text_1":"Shop No Battery Mode","button_link_1":"\/collections\/samsung-galaxy-tablet-mounts?pf_mlt_device_make_model=Tab+Active4+Pro&pf_mlt_device_make_model_and_condition=true&pf_t_features=Power+Delivery&sort=extra-sort1-descending","btn_type_1":"btn-ram","button_text_2":"","button_link_2":"","btn_type_2":"btn-dark","button_text_3":"","button_link_3":"","btn_type_3":"btn-ram","section_bg_color":"#ffffff"}},"1648581111639f05ed":{"type":"featured-blogs","disabled":true,"settings":{"heading":"ADVICE & <span>RAM<\/span>SPIRATION","text_desktop_alignment":"md:text-center","heading_font_size_desktop":"sm:text-xl","heading_font_size_mobile":"text-xl","mobile_vertical_padding":"py-0","mobile_horizontal_padding":"px-0","desktop_vertical_padding":"md:py-0","desktop_horizontal_padding":"md:px-0","heading_font_size_desktop_post":"sm:text-lg","article_1":"","article_2":"","article_3":"","full_width":true}}},"order":["164633050094510fa7","16558563708c622ca6","16557493624751b44c","1655856422ae6f4658","16638250039f08b9b7","1655856701e389a57c","1648581111639f05ed"]}