{"sections":{"164633050094510fa7":{"type":"hero","settings":{"section_id":"","desktop_image":"shopify:\/\/shop_images\/printer_2c891078-7b77-4ce6-a3ed-8ac051d49c53.jpg","line_color":"#cd1e27","desktop_image_height":300,"content_desktop_alignment":"md:justify-start","text_desktop_alignment":"md:text-left","desktop_heading":"","desktop_subheading":"","copy":"","heading_tag":"h1","heading_font_size_desktop":"sm:text-5xl","heading_font_size_mobile":"text-3xl","desktop_button_text":"Click Here","desktop_button_link":"","desktop_button_text2":"","desktop_button_link2":"","desktop_text_color":"#ffffff","desktop_subheading_color":"#ffffff","button_bg":"#ffffff","button_hover_bg":"#000000","button_text":"#000000","button_hover_text":"#ffffff","button2_bg":"#ffffff","button2_border_bg":"#ffffff","button2_hover_bg":"#000000","button2_text":"#000000","button2_hover_text":"#ffffff","mobile_image":"shopify:\/\/shop_images\/printer_2e0860c8-b785-46c2-876c-cd6b952f4905.jpg","mobile_image_height":425,"text_mobile_alignment":"text-left","text_mobile_vertical_alignment":"justify-center","mobile_text_color":"#ffffff","mobile_button_color":"btn"}},"1661295760354bc432":{"type":"ram-title-with-button","settings":{"text_alignment":"md:text-left","text_alignment_mobile":"text-left","heading":"Printer Mounts","desktop_heading_font_size":"md:text-3xl","heading_font_size":"text-2xl","copy":"<p>Ideally suited for the mobile office environment, RAM® wireless printer mounts offer a form-fitting design with no sharp edges. These printer mounts attach to a wide variety of RAM® bases to ensure a mounting solution that’s perfect for your environment.<\/p>","copy_font_size":"text-base","btn_label":"Shop All","btn_url":"\/collections\/device-mounts-printer-mounts","btn_type":"btn-ram","section_bg_color":"#f4f4f6"}},"165886383658e1b650":{"type":"ram-custom-products","blocks":{"1658863836c29b4f84-0":{"type":"products","settings":{"single_product":"ram-vpr-101"}},"1658863836c29b4f84-1":{"type":"products","settings":{"single_product":"ram-vpr-107"}},"1658863836c29b4f84-2":{"type":"products","settings":{"single_product":"ram-vpr-104"}},"1658863836c29b4f84-3":{"type":"products","settings":{"single_product":"ram-vpr-105"}}},"block_order":["1658863836c29b4f84-0","1658863836c29b4f84-1","1658863836c29b4f84-2","1658863836c29b4f84-3"],"settings":{"full_width":false,"mobile_vertical_padding":"py-8","mobile_horizontal_padding":"px-8","desktop_vertical_padding":"md:py-12","desktop_horizontal_padding":"md:px-8","heading":"<p>Top Suggested Products<\/p>","copy":"","content_vertical_padding":"md:mt-10","heading_font_family":"font-heading","copy_font_family":"font-body","heading_bottom_spacing":16,"copy_bottom_spacing":16,"text_alignment":"text-center","desktop_heading_font_size":"md:text-2xl","desktop_copy_font_size":"md:text-base","mobile_heading_font_size":"text-xl","mobile_copy_font_size":"text-base"}},"1655760169540d09a1":{"type":"brand-product","settings":{"text_alignment":"md:text-left","text_alignment_mobile":"text-left","heading":"Holders","has_underline":true,"desktop_heading_font_size":"md:text-xl","heading_font_size":"text-xl","copy":"<p>RAM® form-fitting and spring-loaded cradles and holders secure a variety of dynamic printers and scanners. With multiple mounting options available to accommodate a wide variety of configurations, depend on RAM® for almost any environment where you need a mobile printer.<\/p>","copy_font_size":"text-base","brand_image":"shopify:\/\/shop_images\/printermounts-section1.jpg","button_text_1":"","button_link_1":"","btn_type_1":"btn-ram","button_text_2":"","button_link_2":"","btn_type_2":"btn-dark","button_text_3":"","button_link_3":"","btn_type_3":"btn-ram","section_bg_color":"#ffffff"}},"1655760276c26a46f1":{"type":"brand-product","settings":{"text_alignment":"md:text-left","text_alignment_mobile":"text-left","heading":"Ball Adapters","has_underline":true,"desktop_heading_font_size":"md:text-xl","heading_font_size":"text-xl","copy":"<p>Your printer may have its own custom bracket, or the printer itself may have an integrated AMPS hole pattern. For these printers, the most efficient mounting solution is connecting a RAM® ball and plate directly to the printer.<\/p>","copy_font_size":"text-base","brand_image":"shopify:\/\/shop_images\/printermounts-section2.jpg","button_text_1":"","button_link_1":"","btn_type_1":"btn-ram","button_text_2":"","button_link_2":"","btn_type_2":"btn-dark","button_text_3":"","button_link_3":"","btn_type_3":"btn-ram","section_bg_color":"#ffffff"}},"1648581111639f05ed":{"type":"featured-blogs","disabled":true,"settings":{"heading":"ADVICE & <span>RAM<\/span>SPIRATION","text_desktop_alignment":"md:text-center","heading_font_size_desktop":"sm:text-xl","heading_font_size_mobile":"text-xl","mobile_vertical_padding":"py-0","mobile_horizontal_padding":"px-0","desktop_vertical_padding":"md:py-0","desktop_horizontal_padding":"md:px-0","heading_font_size_desktop_post":"sm:text-lg","article_1":"","article_2":"","article_3":"","full_width":true}}},"order":["164633050094510fa7","1661295760354bc432","165886383658e1b650","1655760169540d09a1","1655760276c26a46f1","1648581111639f05ed"]}