{"sections":{"164633050094510fa7":{"type":"hero","settings":{"section_id":"","desktop_image":"shopify:\/\/shop_images\/Zebra_Banner.jpg","line_color":"#cd1e27","desktop_image_height":300,"content_desktop_alignment":"md:justify-start","text_desktop_alignment":"md:text-left","desktop_heading":"","desktop_subheading":"","copy":"","heading_tag":"h1","heading_font_size_desktop":"sm:text-5xl","heading_font_size_mobile":"text-3xl","desktop_button_text":"Click Here","desktop_button_link":"","desktop_button_text2":"","desktop_button_link2":"","desktop_text_color":"#ffffff","desktop_subheading_color":"#ffffff","button_bg":"#ffffff","button_hover_bg":"#000000","button_text":"#000000","button_hover_text":"#ffffff","button2_bg":"#ffffff","button2_border_bg":"#ffffff","button2_hover_bg":"#000000","button2_text":"#000000","button2_hover_text":"#ffffff","mobile_image":"shopify:\/\/shop_images\/mobile-zebra-banner.jpg","mobile_image_height":425,"text_mobile_alignment":"text-left","text_mobile_vertical_alignment":"justify-center","mobile_text_color":"#ffffff","mobile_button_color":"btn"}},"16486560366c7b7837":{"type":"brand-product","settings":{"text_alignment":"md:text-left","text_alignment_mobile":"text-center","heading":"Zebra","has_underline":false,"desktop_heading_font_size":"md:text-4xl","heading_font_size":"text-2xl","copy":"<p>RAM® Mounts offers a wide variety of ruggedized mounting solutions for Zebra mobile computers, printers, barcode scanners and more. Utilizing our form-fitting cradle design, securing your device wherever you need it has never been easier. The versatility of RAM® systems allow you to efficiently move your device between your car, desk, forklift, and much more. Allowing for near-infinite adjustability as well as vibration damping, the RAM®double ball and socket system provides maximum versatility and helps to extend the life of these devices. Explore the full line of Zebra device mounts below.<\/p>","copy_font_size":"text-base","brand_image":"shopify:\/\/shop_images\/zebra-premier-isv-partner.png","button_text_1":"Shop All Zebra","button_link_1":"\/collections\/zebra-handheld-pc","btn_type_1":"btn-ram","button_text_2":"","button_link_2":"","btn_type_2":"btn-dark","button_text_3":"","button_link_3":"","btn_type_3":"btn-ram","section_bg_color":"#f4f4f6"}},"db3aead9-0da8-476c-b594-709a46ea6cfb":{"type":"brand-product","settings":{"text_alignment":"md:text-left","text_alignment_mobile":"text-left","heading":"TC73 & TC78 Form-Fit Docks","has_underline":true,"desktop_heading_font_size":"md:text-xl","heading_font_size":"text-xl","copy":"<p>The next generation of handheld PC is supported by the industry leading rugged mounting provider, RAM® Mounts. With the combination of powered and non-powered. locking and non-locking form-fitting cradles with RAM® Compatibility, end users have the flexibility to create the mounting solution that best suits their needs in the field. Shop the TC73\/TC78 docks now.<\/p>","copy_font_size":"text-base","brand_image":"shopify:\/\/shop_images\/zebra-brand-section-tc73tc78.jpg","button_text_1":"Learn More","button_link_1":"shopify:\/\/pages\/zebra-tc73-tc78","btn_type_1":"btn-dark","button_text_2":"","button_link_2":"","btn_type_2":"btn-dark","button_text_3":"","button_link_3":"","btn_type_3":"btn-ram","section_bg_color":"#ffffff"}},"1660072511e273e766":{"type":"brand-product","settings":{"text_alignment":"md:text-left","text_alignment_mobile":"text-left","heading":"ET40 & ET45 Enterprise Tablet Docks","has_underline":true,"desktop_heading_font_size":"md:text-xl","heading_font_size":"text-xl","copy":"<p>The full range of RAM® Mounts and GDS® Tech™ line of products are coming soon for the all new Zebra ET40 and ET45 enterprise tablets. From charging docks to protective IntelliSkin® sleeves, RAM® is your one stop shop for enterprise ready mounting solutions.<\/p>","copy_font_size":"text-base","brand_image":"shopify:\/\/shop_images\/et40-et45.jpg","button_text_1":"Learn More","button_link_1":"\/pages\/zebra-et40-et45","btn_type_1":"btn-dark","button_text_2":"","button_link_2":"","btn_type_2":"btn-dark","button_text_3":"","button_link_3":"","btn_type_3":"btn-ram","section_bg_color":"#ffffff"}},"a512796f-95ba-498c-b715-3dc2a279629f":{"type":"brand-product","settings":{"text_alignment":"md:text-left","text_alignment_mobile":"text-left","heading":"ET80\/ET85 2-In-1 Tablet Docks","has_underline":true,"desktop_heading_font_size":"md:text-xl","heading_font_size":"text-xl","copy":"<p>Whether you're a First Responder, manufacturing line worker, or Field Service technician, your customer’s work is fundamental to their community. Keep the Zebra ET80 and ET85 2-in-1 Tablets ruggedized with RAM® docking stations. These docks support the device with or without the Rugged Frame, with or without the Friction Hinge Rugged Keyboard, AND accommodates tablet add-ons.<\/p>","copy_font_size":"text-base","brand_image":"shopify:\/\/shop_images\/zebra-et8-keyboard-large.gif","button_text_1":"Learn More","button_link_1":"shopify:\/\/pages\/zebra-et8","btn_type_1":"btn-dark","button_text_2":"","button_link_2":"","btn_type_2":"btn-dark","button_text_3":"","button_link_3":"","btn_type_3":"btn-ram","section_bg_color":"#ffffff"}},"1648577237754fb6a9":{"type":"brand-product","settings":{"text_alignment":"text-left","text_alignment_mobile":"text-left","heading":"TC53 & TC58 Powered Docks","has_underline":true,"desktop_heading_font_size":"md:text-xl","heading_font_size":"text-xl","copy":"<p>RAM® Mounts is proud to announce a new line of form-fit powered docking stations to charge and secure the TC53 & TC58 in virtually any environment; all while keeping features and functionality of the device fully accessible while docked.<\/p>","copy_font_size":"text-base","brand_image":"shopify:\/\/shop_images\/tc53-tc58.jpg","button_text_1":"Learn More","button_link_1":"\/pages\/zebra-tc53-tc58","btn_type_1":"btn-dark","button_text_2":"","button_link_2":"","btn_type_2":"btn-dark","button_text_3":"","button_link_3":"","btn_type_3":"btn-ram","section_bg_color":"#ffffff"}},"1648579274ae6e3e3d":{"type":"brand-product","settings":{"text_alignment":"text-left","text_alignment_mobile":"text-left","heading":"Handheld PC Solutions","has_underline":true,"desktop_heading_font_size":"md:text-xl","heading_font_size":"text-xl","copy":"<p>Featuring combination and key locking variations, these rugged powered cradles are designed to get the job done in the field while keeping your device charged and secure from theft. Each form-fit Cradle is RAM® Mounts Compatible™ and can be expanded with any B or C size diamond base, double ball mount, and any base for your desired mounting location. Available for select Zebra Handheld Computers, including the Zebra TC51, 52, 56, 57 and TC70, 72, 75 & 77.<\/p>","copy_font_size":"text-base","brand_image":"shopify:\/\/shop_images\/zebra-section1.jpg","button_text_1":"Shop Handheld PC Holders","button_link_1":"\/collections\/zebra-handheld-pc","btn_type_1":"btn-ram","button_text_2":"","button_link_2":"","btn_type_2":"btn-dark","button_text_3":"","button_link_3":"","btn_type_3":"btn-ram","section_bg_color":"#ffffff"}},"16485795249e42f7ab":{"type":"brand-product","settings":{"text_alignment":"text-left","text_alignment_mobile":"text-left","heading":"Printer Solutions","has_underline":true,"desktop_heading_font_size":"md:text-xl","heading_font_size":"text-xl","copy":"<p>RAM® Mounts first started its long-time partner with Zebra developing mobile printer mounts. Our printer mounts use a unique patented spring loaded mechanism that provides a strong hold, yet provides easy removal for printer storage. At each end of the cradles are side clamping plates that are designed to fit cleanly around the edges of a printer. Ideal for the field service and material handling spaces.<\/p>","copy_font_size":"text-base","brand_image":"shopify:\/\/shop_images\/zebra-section2.jpg","button_text_1":"Shop Printer Solutions","button_link_1":"\/collections\/zebra-printer","btn_type_1":"btn-ram","button_text_2":"","button_link_2":"","btn_type_2":"btn-dark","button_text_3":"","button_link_3":"","btn_type_3":"btn-ram","section_bg_color":"#ffffff"}},"1652724895402d40c8":{"type":"brand-product","settings":{"text_alignment":"md:text-left","text_alignment_mobile":"text-left","heading":"Rugged Tablet & PC Solutions","has_underline":true,"desktop_heading_font_size":"md:text-xl","heading_font_size":"text-xl","copy":"<p>To conquer everyday tasks in the warehouse, in the field, or on the front lines, RAM®Mounts rugged mounting solutions enable Zebra's versatile tablets to make the ideal pairing. Explore the RAM® Tab-Tite™ and RAM® Tab-Lock™ product lines to find a multitude of universal and locking options.<\/p>","copy_font_size":"text-base","brand_image":"shopify:\/\/shop_images\/zebra-section3.jpg","button_text_1":"Shop Rugged Tablet & PC","button_link_1":"\/collections\/zebra-rugged-pc","btn_type_1":"btn-ram","button_text_2":"","button_link_2":"","btn_type_2":"btn-dark","button_text_3":"","button_link_3":"","btn_type_3":"btn-ram","section_bg_color":"#ffffff"}},"1648581111639f05ed":{"type":"featured-blogs","disabled":true,"settings":{"heading":"ADVICE & <span>RAM<\/span>SPIRATION","text_desktop_alignment":"md:text-center","heading_font_size_desktop":"sm:text-xl","heading_font_size_mobile":"text-xl","mobile_vertical_padding":"py-0","mobile_horizontal_padding":"px-0","desktop_vertical_padding":"md:py-0","desktop_horizontal_padding":"md:px-0","heading_font_size_desktop_post":"sm:text-lg","article_1":"","article_2":"","article_3":"","full_width":true}},"1652725417aecd0a8b":{"type":"brand-product","settings":{"text_alignment":"md:text-left","text_alignment_mobile":"text-left","heading":"Scanner Solutions","has_underline":true,"desktop_heading_font_size":"md:text-xl","heading_font_size":"text-xl","copy":"<p>Keep scanner guns in an ergonomic and user-friendly location with these rugged holders. The open bottom design of the RAM® Power-Grip™ enables scanning while in the holder, and replaceable elastomeric fins grip the handle of the scanner for a secure hold. Another holder, the RAM® Drop-N-Lock™, is designed to hold most types of pistol grip mobile computers with scanning capabilities. The spring-loaded lever on the side of the holder secures devices – simply drop the handle into the holder and it locks in place. And last but not least, the rugged RAM® Quick-Draw™ also features spring-loaded functionality to secure scanner guns and handheld computers that fit within the compatible dimensions.<\/p>","copy_font_size":"text-base","brand_image":"shopify:\/\/shop_images\/zebra-section4.jpg","button_text_1":"Shop Scanner Solutions","button_link_1":"\/collections\/zebra-scanner","btn_type_1":"btn-ram","button_text_2":"","button_link_2":"","btn_type_2":"btn-dark","button_text_3":"","button_link_3":"","btn_type_3":"btn-ram","section_bg_color":"#ffffff"}}},"order":["164633050094510fa7","16486560366c7b7837","db3aead9-0da8-476c-b594-709a46ea6cfb","1660072511e273e766","a512796f-95ba-498c-b715-3dc2a279629f","1648577237754fb6a9","1648579274ae6e3e3d","16485795249e42f7ab","1652724895402d40c8","1648581111639f05ed","1652725417aecd0a8b"]}