{"sections":{"164633050094510fa7":{"type":"hero","settings":{"section_id":"","desktop_image":"shopify:\/\/shop_images\/iphone-banner.jpg","line_color":"#cd1e27","desktop_image_height":300,"content_desktop_alignment":"md:justify-start","text_desktop_alignment":"md:text-left","desktop_heading":"","desktop_subheading":"","copy":"","heading_tag":"h1","heading_font_size_desktop":"sm:text-5xl","heading_font_size_mobile":"text-3xl","desktop_button_text":"Click Here","desktop_button_link":"","desktop_button_text2":"","desktop_button_link2":"","desktop_text_color":"#ffffff","desktop_subheading_color":"#ffffff","button_bg":"#ffffff","button_hover_bg":"#000000","button_text":"#000000","button_hover_text":"#ffffff","button2_bg":"#ffffff","button2_border_bg":"#ffffff","button2_hover_bg":"#000000","button2_text":"#000000","button2_hover_text":"#ffffff","mobile_image":"shopify:\/\/shop_images\/mobile-iphone-banner.jpg","mobile_image_height":425,"text_mobile_alignment":"text-left","text_mobile_vertical_alignment":"justify-center","mobile_text_color":"#ffffff","mobile_button_color":"btn"}},"16486560366c7b7837":{"type":"brand-product","settings":{"text_alignment":"md:text-left","text_alignment_mobile":"text-center","heading":"iPhone Mounts","has_underline":false,"desktop_heading_font_size":"md:text-4xl","heading_font_size":"text-2xl","copy":"<p>RAM® Mounts has been designing holders since the creation of the iPod. As soon as the iPhone came to light, RAM® got working on smartphone holders. From universal smartphone holders to form-fitting holders for iPhones, RAM® covers all iPhone models with and without a case. Explore the best and most rugged iPhone holders and mounts below by shopping RAM® Quick-Grip™, RAM® X-Grip® and RAM® Form-Fit cell phone holders.<\/p>","copy_font_size":"text-base","brand_image":"shopify:\/\/shop_images\/iphone.png","button_text_1":"Shop All iPhone","button_link_1":"\/collections\/apple-iphone-mounts","btn_type_1":"btn-ram","button_text_2":"","button_link_2":"","btn_type_2":"btn-dark","button_text_3":"","button_link_3":"","btn_type_3":"btn-ram","section_bg_color":"#f4f4f6"}},"1648577237754fb6a9":{"type":"brand-product","settings":{"text_alignment":"text-left","text_alignment_mobile":"text-left","heading":"Form-Fit Holders for iPhones","has_underline":true,"desktop_heading_font_size":"md:text-xl","heading_font_size":"text-xl","copy":"<p>RAM® Mounts has been designing holders since the creation of the iPod. As soon as the iPhone came to light, RAM® got working on smartphone holders. From universal smartphone holders to form-fitting holders for iPhones, RAM® covers all iPhone models with and without a case. Explore the best and most rugged iPhone holders and mounts below by shopping RAM® Quick-Grip™, RAM® X-Grip® and RAM® Form-Fit cell phone holders.<\/p>","copy_font_size":"text-base","brand_image":"shopify:\/\/shop_images\/section-1_e183f09d-a381-4a94-bb63-f4d7fb48676b.jpg","button_text_1":"Shop Form-Fit for iPhone","button_link_1":"\/collections\/apple-iphone-mounts?pf_t_features=Custom+Form-Fit","btn_type_1":"btn-ram","button_text_2":"","button_link_2":"","btn_type_2":"btn-dark","button_text_3":"","button_link_3":"","btn_type_3":"btn-ram","section_bg_color":"#ffffff"}},"1648579274ae6e3e3d":{"type":"brand-product","settings":{"text_alignment":"text-left","text_alignment_mobile":"text-left","heading":"MagSafe Mounts","has_underline":true,"desktop_heading_font_size":"md:text-xl","heading_font_size":"text-xl","copy":"<p>Compatible with iPhone 14, iPhone 14 Pro, iPhone 13, iPhone 13 Pro, iPhone 12, and iPhone 12 Pro models is the RAM® Ball Adapter for Apple MagSafe Charger. Take your MagSafe charger in-vehicle by popping it into the RAM® Ball Adapter and pairing with any B size mounting components. Take advantage of the MagSafe's magnetic features by keeping your phone mounted in place while simultaneously charging.<\/p>","copy_font_size":"text-base","brand_image":"shopify:\/\/shop_images\/section-2_46cadbdc-1736-44ed-8d26-f3009f4c583a.jpg","button_text_1":"Shop MagSafe","button_link_1":"\/collections\/apple-magsafe-mounts","btn_type_1":"btn-ram","button_text_2":"","button_link_2":"","btn_type_2":"btn-dark","button_text_3":"","button_link_3":"","btn_type_3":"btn-ram","section_bg_color":"#ffffff"}},"16485795249e42f7ab":{"type":"brand-product","settings":{"text_alignment":"text-left","text_alignment_mobile":"text-left","heading":"Universal Mounts for iPhones","has_underline":true,"desktop_heading_font_size":"md:text-xl","heading_font_size":"text-xl","copy":"<p>RAM® Mounts universal holders for iPhones cover all iPhone models including Plus and Max size iPhones. Between the RAM® Quick-Grip™ and RAM® X-Grip® holders, each one is able to hold your iPhone with or without a case.<\/p>","copy_font_size":"text-base","brand_image":"shopify:\/\/shop_images\/section-3_599c90e3-db78-487f-8e7c-4e3ca9440c49.jpg","button_text_1":"Shop Universal Holders","button_link_1":"\/collections\/apple-iphone-mounts","btn_type_1":"btn-ram","button_text_2":"","button_link_2":"","btn_type_2":"btn-dark","button_text_3":"","button_link_3":"","btn_type_3":"btn-ram","section_bg_color":"#ffffff"}},"1648581111639f05ed":{"type":"featured-blogs","disabled":true,"settings":{"heading":"ADVICE & <span>RAM<\/span>SPIRATION","text_desktop_alignment":"md:text-center","heading_font_size_desktop":"sm:text-xl","heading_font_size_mobile":"text-xl","mobile_vertical_padding":"py-0","mobile_horizontal_padding":"px-0","desktop_vertical_padding":"md:py-0","desktop_horizontal_padding":"md:px-0","heading_font_size_desktop_post":"sm:text-lg","article_1":"","article_2":"","article_3":"","full_width":true}}},"order":["164633050094510fa7","16486560366c7b7837","1648577237754fb6a9","1648579274ae6e3e3d","16485795249e42f7ab","1648581111639f05ed"]}