{"sections":{"164633050094510fa7":{"type":"hero","settings":{"section_id":"","desktop_image":"shopify:\/\/shop_images\/tablet_2e885a51-30eb-4c43-9dbe-fe2c3fdd32c1.jpg","line_color":"#cd1e27","desktop_image_height":300,"content_desktop_alignment":"md:justify-start","text_desktop_alignment":"md:text-left","desktop_heading":"","desktop_subheading":"","copy":"","heading_tag":"h1","heading_font_size_desktop":"sm:text-5xl","heading_font_size_mobile":"text-3xl","desktop_button_text":"Click Here","desktop_button_link":"","desktop_button_text2":"","desktop_button_link2":"","desktop_text_color":"#ffffff","desktop_subheading_color":"#ffffff","button_bg":"#ffffff","button_hover_bg":"#000000","button_text":"#000000","button_hover_text":"#ffffff","button2_bg":"#ffffff","button2_border_bg":"#ffffff","button2_hover_bg":"#000000","button2_text":"#000000","button2_hover_text":"#ffffff","mobile_image":"shopify:\/\/shop_images\/tablet_e38f4b36-da8e-407c-929c-e1a3821c98d2.jpg","mobile_image_height":425,"text_mobile_alignment":"text-left","text_mobile_vertical_alignment":"justify-center","mobile_text_color":"#ffffff","mobile_button_color":"btn"}},"1661294825aaecb02d":{"type":"ram-title-with-button","settings":{"text_alignment":"md:text-left","text_alignment_mobile":"text-left","heading":"Tablet Mounts","desktop_heading_font_size":"md:text-3xl","heading_font_size":"text-2xl","copy":"<p>RAM® Mounts offers rugged mounts for tablets and tablet holders for nearly any tablet. We range from custom Jeep tablet mounts for the dashboard to universal motorcycle tablet holders designed to fit with our without a case. We have iPad mounts for trucks and cars, Samsung tablet holders for ELD mounting, Microsoft Surface mounts and more. Ideal for the home, office, car, and more, RAM® tablet mounts are engineered and manufactured to the highest standards for use in the most rugged environments. Choose from form-fitting tablet holders for cars to popular spring-loaded holders like the RAM® X-Grip® tablet holder, RAM® Tab-Tite™, and RAM® Tab-Lock™. Explore the full line of RAM® tablet mounts below.<\/p>","copy_font_size":"text-base","btn_label":"Shop All","btn_url":"\/collections\/tablet-mounts-holders","btn_type":"btn-ram","section_bg_color":"#f4f4f6"}},"1658864213c27c2175":{"type":"ram-custom-products","blocks":{"1658864213795f8e82-0":{"type":"products","settings":{"single_product":"ram-b-166-un8u"}},"1658864213795f8e82-1":{"type":"products","settings":{"single_product":"ram-101b2-tab20u"}},"1658864213795f8e82-2":{"type":"products","settings":{"single_product":"ram-316-hd-18-tab20u"}},"1658864213795f8e82-3":{"type":"products","settings":{"single_product":"ram-b-407-201-c-tab3u"}}},"block_order":["1658864213795f8e82-0","1658864213795f8e82-1","1658864213795f8e82-2","1658864213795f8e82-3"],"settings":{"full_width":false,"mobile_vertical_padding":"py-8","mobile_horizontal_padding":"px-8","desktop_vertical_padding":"md:py-12","desktop_horizontal_padding":"md:px-8","heading":"<p>Top Suggested Products<\/p>","copy":"","content_vertical_padding":"md:mt-10","heading_font_family":"font-heading","copy_font_family":"font-body","heading_bottom_spacing":16,"copy_bottom_spacing":16,"text_alignment":"text-center","desktop_heading_font_size":"md:text-2xl","desktop_copy_font_size":"md:text-base","mobile_heading_font_size":"text-xl","mobile_copy_font_size":"text-base"}},"1655760169540d09a1":{"type":"brand-product","settings":{"text_alignment":"md:text-left","text_alignment_mobile":"text-left","heading":"RAM® X-Grip® for Tablets","has_underline":true,"desktop_heading_font_size":"md:text-xl","heading_font_size":"text-xl","copy":"<p>Available for tablets ranging from 7” to 12” in size, the spring-loaded RAM® X-Grip® tablet holder expands and contracts to provide a perfect fit. Compatible with a wide variety of RAM® mounting bases, the RAM® X-Grip® is made of high-strength composite and stainless steel and keeps your tablet completely functional and accessible.<\/p>","copy_font_size":"text-base","brand_image":"shopify:\/\/shop_images\/tabletmounts-section1.jpg","button_text_1":"Shop RAM® X-Grip®","button_link_1":"\/collections\/ram-x-grip-tablet-mounts","btn_type_1":"btn-ram","button_text_2":"Learn More","button_link_2":"\/pages\/ram-x-grip","btn_type_2":"btn-dark","button_text_3":"","button_link_3":"","btn_type_3":"btn-ram","section_bg_color":"#ffffff"}},"1655760276c26a46f1":{"type":"brand-product","settings":{"text_alignment":"md:text-left","text_alignment_mobile":"text-left","heading":"RAM® Tab-Lock™ & RAM® Tab-Tite™","has_underline":true,"desktop_heading_font_size":"md:text-xl","heading_font_size":"text-xl","copy":"<p>These spring-loaded tablet holders are designed so you can easily insert your Samsung tablet, or iPad, and remove it when on the go. Interchangeable docking cups provide a near-custom tablet fit, and replaceable cup ends are available when you inevitably upgrade your iPad or Samsung tablets. The RAM® Tab-Lock™ combines all the benefits of the RAM® Tab-Tite™ tablet holder with the addition of a quick-release locking mechanism.<\/p>","copy_font_size":"text-base","brand_image":"shopify:\/\/shop_images\/tabletmounts-section2.jpg","button_text_1":"Shop RAM® Tab-Lock™","button_link_1":"https:\/\/rammount.com\/collections\/ram-tab-tite-and-tab-lock-holders?pf_t_features=Key+Locking","btn_type_1":"btn-ram","button_text_2":"Shop RAM® Tab-Tite™","button_link_2":"https:\/\/rammount.com\/collections\/ram-tab-tite-and-tab-lock-holders","btn_type_2":"btn-dark","button_text_3":"","button_link_3":"","btn_type_3":"btn-ram","section_bg_color":"#ffffff"}},"1655760525f9ea1740":{"type":"brand-product","settings":{"text_alignment":"md:text-left","text_alignment_mobile":"text-left","heading":"RAM® EZ-Roll'r™ for Tablets","has_underline":true,"desktop_heading_font_size":"md:text-xl","heading_font_size":"text-xl","copy":"<p>RAM® form-fit tablet cradles are the perfect mounting accessory, providing smooth placement and removal of your device. Available for Apple iPad holders, Samsung Galaxy holders, and Amazon Kindle holders, these form-fit tablet holders for cars and trucks feature the RAM® EZ-Roll’r™ design that allows the top of your device to easily roll and lock into place.<\/p>","copy_font_size":"text-base","brand_image":"shopify:\/\/shop_images\/tabletmounts-section3.jpg","button_text_1":"Shop RAM® EZ-Roll'r™","button_link_1":"https:\/\/rammount.com\/search?pf_pt_product_type=Tablet+Mounts&pf_t_product_line=EZ-Roll%27r&q=","btn_type_1":"btn-ram","button_text_2":"","button_link_2":"","btn_type_2":"btn-dark","button_text_3":"","button_link_3":"","btn_type_3":"btn-ram","section_bg_color":"#ffffff"}},"16557627894a77e408":{"type":"brand-product","settings":{"text_alignment":"md:text-left","text_alignment_mobile":"text-left","heading":"IntelliSkin® & GDS® Tech™ for Tablets","has_underline":true,"desktop_heading_font_size":"md:text-xl","heading_font_size":"text-xl","copy":"<p>Protect your tablet from drops and rugged use with IntelliSkin® tablet cases. Featuring GDS® charging pins and an integrated charging port built into the sleeve, popular consumer tablets are transformed for rugged use. Simply place your IntelliSkin®-protected tablet in a compatible GDS® Dock to enable charging capabilities and data syncing.<\/p>","copy_font_size":"text-base","brand_image":"shopify:\/\/shop_images\/tabletmounts-section4.jpg","button_text_1":"Shop IntelliSkin®","button_link_1":"https:\/\/rammount.com\/collections\/gds-technology-intelliskin?pf_t_device=Tablet","btn_type_1":"btn-ram","button_text_2":"Learn More","button_link_2":"\/pages\/gds-tech","btn_type_2":"btn-dark","button_text_3":"","button_link_3":"","btn_type_3":"btn-ram","section_bg_color":"#ffffff"}},"1648581111639f05ed":{"type":"featured-blogs","disabled":true,"settings":{"heading":"ADVICE & <span>RAM<\/span>SPIRATION","text_desktop_alignment":"md:text-center","heading_font_size_desktop":"sm:text-xl","heading_font_size_mobile":"text-xl","mobile_vertical_padding":"py-0","mobile_horizontal_padding":"px-0","desktop_vertical_padding":"md:py-0","desktop_horizontal_padding":"md:px-0","heading_font_size_desktop_post":"sm:text-lg","article_1":"","article_2":"","article_3":"","full_width":true}}},"order":["164633050094510fa7","1661294825aaecb02d","1658864213c27c2175","1655760169540d09a1","1655760276c26a46f1","1655760525f9ea1740","16557627894a77e408","1648581111639f05ed"]}