{"sections":{"164633050094510fa7":{"type":"hero","settings":{"section_id":"","desktop_image":"shopify:\/\/shop_images\/yamaha_banner.jpg","line_color":"#cd1e27","desktop_image_height":300,"content_desktop_alignment":"md:justify-start","text_desktop_alignment":"md:text-left","desktop_heading":"","desktop_subheading":"","copy":"","heading_tag":"h1","heading_font_size_desktop":"sm:text-5xl","heading_font_size_mobile":"text-3xl","desktop_button_text":"Click Here","desktop_button_link":"","desktop_button_text2":"","desktop_button_link2":"","desktop_text_color":"#ffffff","desktop_subheading_color":"#ffffff","button_bg":"#ffffff","button_hover_bg":"#000000","button_text":"#000000","button_hover_text":"#ffffff","button2_bg":"#ffffff","button2_border_bg":"#ffffff","button2_hover_bg":"#000000","button2_text":"#000000","button2_hover_text":"#ffffff","mobile_image":"shopify:\/\/shop_images\/yamaha_b44a22fc-8e20-47ee-a2cd-f6cf808a1413.jpg","mobile_image_height":425,"text_mobile_alignment":"text-left","text_mobile_vertical_alignment":"justify-center","mobile_text_color":"#ffffff","mobile_button_color":"btn"}},"16486560366c7b7837":{"type":"brand-product","settings":{"text_alignment":"md:text-left","text_alignment_mobile":"text-center","heading":"Yamaha","has_underline":false,"desktop_heading_font_size":"md:text-4xl","heading_font_size":"text-2xl","copy":"<p>RAM® Mounts offers a wide range of mounting solutions for your iPhone, iPad, iPod, and MacBook. With everything from form-fitting cradles to the popular RAM® X-Grip®, securing your device wherever you need it has never been easier. The versatility of RAM® systems allow you to efficiently move your device between your boat, car, desk, motorcycle, and much more. With IntelliSkin® and GDS® Technology™, protect your iPad from drops and rugged use with standardized GDS® charging pins. Compatible with a variety of GDS® vehicle docks and accessories. Explore the full line of Apple device mounts below.<\/p>","copy_font_size":"text-base","brand_image":"shopify:\/\/shop_images\/yamaha-logo.png","button_text_1":"Shop All Yamaha","button_link_1":"\/collections\/yamaha-recdeck","btn_type_1":"btn-ram","button_text_2":"","button_link_2":"","btn_type_2":"btn-dark","button_text_3":"","button_link_3":"","btn_type_3":"btn-ram","section_bg_color":"#f4f4f6"}},"1648577237754fb6a9":{"type":"brand-product","settings":{"text_alignment":"text-left","text_alignment_mobile":"text-left","heading":"RecDeck Mounts","has_underline":true,"desktop_heading_font_size":"md:text-xl","heading_font_size":"text-xl","copy":"<p>Yamaha's brand new RecDeck for WaveRunners comes equipped with multiple attachment points for RAM® Mounts. With six total tracks on each side of the RecDeck, you can install multiple mounts utilizing RAM® track bases for fishing rods, GoPros, tie-downs and more. Yamaha also supplies platform caddies for coolers which include sides panels with pre-drilled holes — perfect for attaching RAM® drill-down mounts.<\/p>","copy_font_size":"text-base","brand_image":"shopify:\/\/shop_images\/yamaha-section1.jpg","button_text_1":"Shop RecDeck Mounts","button_link_1":"\/collections\/yamaha-recdeck","btn_type_1":"btn-ram","button_text_2":"","button_link_2":"","btn_type_2":"btn-dark","button_text_3":"","button_link_3":"","btn_type_3":"btn-ram","section_bg_color":"#ffffff"}},"1648579274ae6e3e3d":{"type":"brand-product","settings":{"text_alignment":"text-left","text_alignment_mobile":"text-left","heading":"WaveRunner Mounts","has_underline":true,"desktop_heading_font_size":"md:text-xl","heading_font_size":"text-xl","copy":"<p>The secret ingredient to the Yamaha WaveRunner's multi-mount system is the RAM® Tough-Ball™ with 1\/4″-20 x .25″ threaded stud. Simply screw on two of these and attach any B size compatible arms and device holders. Add on a phone mount, fishfinder mount, GoPro mount and more. For larger devices like fishfinders, you’ll want the C size version of the RAM® Tough-Ball™ and C size mounting components.<\/p>","copy_font_size":"text-base","brand_image":"shopify:\/\/shop_images\/yamaha-section2.jpg","button_text_1":"Shop WaveRunner Mounts","button_link_1":"\/collections\/yamaha-waverunner","btn_type_1":"btn-ram","button_text_2":"","button_link_2":"","btn_type_2":"btn-dark","button_text_3":"","button_link_3":"","btn_type_3":"btn-ram","section_bg_color":"#ffffff"}},"16528205396d288843":{"type":"brand-product","settings":{"text_alignment":"md:text-left","text_alignment_mobile":"text-left","heading":"Motorcycle Mounts","has_underline":true,"desktop_heading_font_size":"md:text-xl","heading_font_size":"text-xl","copy":"<p>Compatible with a wide variety of Yamaha motorcycle handlebars, RAM® offers several mounting bases to build a custom mount to your specifications. Explore the many options to choose from including phone mounts, GoPro mounts, GPS holders for Yamaha motorcycles and more.<\/p>","copy_font_size":"text-base","brand_image":"shopify:\/\/shop_images\/yamaha-section3.jpg","button_text_1":"Shop Motorcycle Mounts","button_link_1":"\/collections\/yamaha-motorcycle","btn_type_1":"btn-ram","button_text_2":"","button_link_2":"","btn_type_2":"btn-dark","button_text_3":"","button_link_3":"","btn_type_3":"btn-ram","section_bg_color":"#ffffff"}},"1648581111639f05ed":{"type":"featured-blogs","disabled":true,"settings":{"heading":"ADVICE & <span>RAM<\/span>SPIRATION","text_desktop_alignment":"md:text-center","heading_font_size_desktop":"sm:text-xl","heading_font_size_mobile":"text-xl","mobile_vertical_padding":"py-0","mobile_horizontal_padding":"px-0","desktop_vertical_padding":"md:py-0","desktop_horizontal_padding":"md:px-0","heading_font_size_desktop_post":"sm:text-lg","article_1":"","article_2":"","article_3":"","full_width":true}}},"order":["164633050094510fa7","16486560366c7b7837","1648577237754fb6a9","1648579274ae6e3e3d","16528205396d288843","1648581111639f05ed"]}