{"sections":{"1649089729405793bb":{"type":"title-section","settings":{"text_alignment":"md:text-left","text_alignment_mobile":"text-left","heading":"RAM® Components","desktop_heading_font_size":"md:text-3xl","heading_font_size":"text-2xl","copy":"<p>Make your own RAM® Mount or use RAM® Mounts  components to build a custom mount. It’s as simple as choosing a base, a compatible arm, and a compatible device holder or adapter for your specific device. Each ball and socket mount is designed and manufactured using the highest quality materials, and is backed by a lifetime warranty. Explore the full line of RAM® Mounts components and device mounts below.<br\/><\/p>","copy_font_size":"text-base","mobile_vertical_padding":"py-8","mobile_horizontal_padding":"px-8","desktop_vertical_padding":"md:py-12","desktop_horizontal_padding":"md:px-8","title_color":"#000000","copy_color":"#cd1e27","section_bg_color":"#f4f4f6"}},"1649090362e81c63fb":{"type":"collections-items","blocks":{"1649090362f9abc8cd-0":{"type":"collection-tile","settings":{"collection":"holders","image":"shopify:\/\/shop_images\/Holder275x275.png","heading":"<p>RAM® Holders<\/p>","url":"https:\/\/rammount.com\/collections\/popular-components-holders","text_alignment":"text-center"}},"1649090362f9abc8cd-1":{"type":"collection-tile","settings":{"collection":"b-size-ball-bases","image":"shopify:\/\/shop_images\/BSize275x275.png","heading":"<p>B Size<\/p>","url":"https:\/\/rammount.com\/collections\/popular-components-b-size","text_alignment":"text-center"}},"1649090362f9abc8cd-2":{"type":"collection-tile","settings":{"collection":"b-size-ball-bases","image":"shopify:\/\/shop_images\/CSize275x275.png","heading":"<p>C Size<\/p>","url":"https:\/\/rammount.com\/collections\/popular-components-c-size","text_alignment":"text-center"}},"1649090362f9abc8cd-3":{"type":"collection-tile","settings":{"collection":"b-size-ball-bases","image":"shopify:\/\/shop_images\/DSize275x275.png","heading":"<p>D Size<\/p>","url":"https:\/\/rammount.com\/collections\/popular-components-d-size","text_alignment":"text-center"}}},"block_order":["1649090362f9abc8cd-0","1649090362f9abc8cd-1","1649090362f9abc8cd-2","1649090362f9abc8cd-3"],"settings":{"section_class":"","full_width":false,"grid_gap":"gap-4","grid_columns":"grid-cols-2","grid_columns_dt":"md:grid-cols-4","mobile_vertical_padding":"py-8","mobile_horizontal_padding":"px-4","desktop_vertical_padding":"md:py-8","desktop_horizontal_padding":"md:px-0","heading_tag":"h2","heading":"<p><strong>Popular RAM® Mounts Components<\/strong><\/p>","copy":"","heading_font_family":"font-body","copy_font_family":"font-body","heading_bottom_spacing":0,"copy_bottom_spacing":16,"text_alignment":"text-left","desktop_heading_font_size":"md:text-xl","desktop_copy_font_size":"md:text-base","mobile_heading_font_size":"text-xl","mobile_copy_font_size":"text-base"}},"1649093357204548e3":{"type":"collections-items","blocks":{"1649093357953e8911-0":{"type":"collection-tile","settings":{"collection":"vb_mounts","image":"shopify:\/\/shop_images\/NoDrill275x275.png","heading":"<p>RAM® No-Drill™<\/p>","url":"https:\/\/rammount.com\/collections\/ram-no-drill-bases","text_alignment":"text-center"}},"1649093357953e8911-1":{"type":"collection-tile","settings":{"collection":"apple-iphone-mounts","image":"shopify:\/\/shop_images\/RamRod275x275.png","heading":"<p>RAM ROD®<\/p>","url":"https:\/\/rammount.com\/collections\/ram-rod-holders","text_alignment":"text-center"}},"1649093357953e8911-2":{"type":"collection-tile","settings":{"collection":"b-size-rail-bases","image":"shopify:\/\/shop_images\/ToughTrack275x275.png","heading":"<p>RAM® Tough-Track™<\/p>","url":"https:\/\/rammount.com\/collections\/ram-tough-track-modular-aluminum","text_alignment":"text-center"}},"1649093357953e8911-3":{"type":"collection-tile","settings":{"collection":"dock_sam62","image":"shopify:\/\/shop_images\/TabTiteLock275x275.png","heading":"<p>RAM® Tab-Tite™ & <br\/>Tab-Lock™<br\/><\/p>","url":"https:\/\/rammount.com\/collections\/ram-tab-tite-and-tab-lock-holders","text_alignment":"text-center"}}},"block_order":["1649093357953e8911-0","1649093357953e8911-1","1649093357953e8911-2","1649093357953e8911-3"],"settings":{"section_class":"","full_width":false,"grid_gap":"gap-4","grid_columns":"grid-cols-2","grid_columns_dt":"md:grid-cols-4","mobile_vertical_padding":"py-8","mobile_horizontal_padding":"px-4","desktop_vertical_padding":"md:py-8","desktop_horizontal_padding":"md:px-0","heading_tag":"h2","heading":"<p><strong>Popular Product Lines<\/strong><\/p>","copy":"","heading_font_family":"font-body","copy_font_family":"font-body","heading_bottom_spacing":0,"copy_bottom_spacing":16,"text_alignment":"text-left","desktop_heading_font_size":"md:text-xl","desktop_copy_font_size":"md:text-base","mobile_heading_font_size":"text-xl","mobile_copy_font_size":"text-base"}},"164909801553e9530d":{"type":"collections-items","blocks":{"16490980152c8b7f21-0":{"type":"collection-tile","settings":{"collection":"apple-iphone-mounts","image":"shopify:\/\/shop_images\/MarineSwingArm275x275.png","heading":"<p>Marine Swing Arms<\/p>","url":"https:\/\/rammount.com\/collections\/marine-swing-arms","text_alignment":"text-center"}},"16490980152c8b7f21-1":{"type":"collection-tile","settings":{"collection":"","image":"shopify:\/\/shop_images\/SnapLink275x275.png","heading":"<p>RAM® Snap-Link™<\/p>","url":"https:\/\/rammount.com\/collections\/ram-snap-link","text_alignment":"text-center"}},"16490980152c8b7f21-2":{"type":"collection-tile","settings":{"collection":"b_ball_bases","image":"shopify:\/\/shop_images\/Asize275x275.png","heading":"<p>A Size<\/p>","url":"https:\/\/rammount.com\/collections\/a-size","text_alignment":"text-center"}},"16490980152c8b7f21-3":{"type":"collection-tile","settings":{"collection":"apple-iphone-mounts","image":"shopify:\/\/shop_images\/ESize275x275.png","heading":"<p>E Size<\/p>","url":"https:\/\/rammount.com\/collections\/e-size","text_alignment":"text-center"}},"90558895-106f-43c7-9547-e35070c61222":{"type":"collection-tile","settings":{"collection":"apple-iphone-mounts","image":"shopify:\/\/shop_images\/PVCPipe275x275.png","heading":"<p>PVC Pipes<\/p>","url":"https:\/\/rammount.com\/collections\/pvc-pipe-components","text_alignment":"text-center"}},"d91f0394-6daf-41f2-b745-fda70c22ce0e":{"type":"collection-tile","settings":{"collection":"","image":"shopify:\/\/shop_images\/FlexArm275x275.png","heading":"<p>RAM® Flex-Rod™<\/p>","url":"https:\/\/rammount.com\/collections\/ram-flex-rod","text_alignment":"text-center"}},"dea834c1-cd84-4df5-a731-c08337ce6793":{"type":"collection-tile","settings":{"collection":"apple-iphone-mounts","image":"shopify:\/\/shop_images\/NPTPipe275x275.png","heading":"<p>NPT Pipes<\/p>","url":"https:\/\/rammount.com\/collections\/npt-pipes","text_alignment":"text-center"}},"1a71f55c-4c1b-449a-bc8d-b86c5fc130d6":{"type":"collection-tile","settings":{"collection":"","image":"shopify:\/\/shop_images\/ToughBall275x275.png","heading":"<p>RAM® Tough-Ball™<\/p>","url":"https:\/\/rammount.com\/collections\/ram-tough-ball-b-size","text_alignment":"text-center"}},"180dfb68-a037-4967-8d02-368ef15b62e5":{"type":"collection-tile","settings":{"collection":"apple-iphone-mounts","image":"shopify:\/\/shop_images\/PinLock275x275.webp","heading":"<p>RAM® Pin-Lock™<\/p>","url":"https:\/\/rammount.com\/collections\/ram-pin-lock","text_alignment":"text-center"}},"29e2fce3-9d31-4f01-a42d-4022ab18e36e":{"type":"collection-tile","settings":{"collection":"apple-iphone-mounts","image":"shopify:\/\/shop_images\/Octagon275x275.png","heading":"<p>Octagon Button<\/p>","url":"https:\/\/rammount.com\/collections\/octagon-button","text_alignment":"text-center"}},"ffe2df53-4eee-466c-8bf5-3781175f2f2a":{"type":"collection-tile","settings":{"collection":"apple-iphone-mounts","image":"shopify:\/\/shop_images\/AdapterPlates275x275.png","heading":"<p>Adapter Plates<\/p>","url":"https:\/\/rammount.com\/collections\/adapter-plates","text_alignment":"text-center"}},"d81ee1ba-d826-410e-9b27-a3d5a1302610":{"type":"collection-tile","settings":{"collection":"apple-iphone-mounts","image":"shopify:\/\/shop_images\/Accessories275x275.png","heading":"<p>Accessories<\/p>","url":"https:\/\/rammount.com\/collections\/accessories","text_alignment":"text-center"}}},"block_order":["16490980152c8b7f21-0","16490980152c8b7f21-1","16490980152c8b7f21-2","16490980152c8b7f21-3","90558895-106f-43c7-9547-e35070c61222","d91f0394-6daf-41f2-b745-fda70c22ce0e","dea834c1-cd84-4df5-a731-c08337ce6793","1a71f55c-4c1b-449a-bc8d-b86c5fc130d6","180dfb68-a037-4967-8d02-368ef15b62e5","29e2fce3-9d31-4f01-a42d-4022ab18e36e","ffe2df53-4eee-466c-8bf5-3781175f2f2a","d81ee1ba-d826-410e-9b27-a3d5a1302610"],"settings":{"section_class":"","full_width":false,"grid_gap":"gap-4","grid_columns":"grid-cols-2","grid_columns_dt":"md:grid-cols-4","mobile_vertical_padding":"py-8","mobile_horizontal_padding":"px-4","desktop_vertical_padding":"md:py-8","desktop_horizontal_padding":"md:px-0","heading_tag":"h2","heading":"<p><strong>More Components<\/strong><\/p>","copy":"","heading_font_family":"font-body","copy_font_family":"font-body","heading_bottom_spacing":0,"copy_bottom_spacing":16,"text_alignment":"text-left","desktop_heading_font_size":"md:text-xl","desktop_copy_font_size":"md:text-base","mobile_heading_font_size":"text-xl","mobile_copy_font_size":"text-base"}},"1649099724aa47e45a":{"type":"link-list","blocks":{"1649099724862723d1-0":{"type":"collection-list","settings":{"heading":"Device","content":"<p><a href=\"https:\/\/rammount.com\/search?pf_pt_product_type=Components&pf_t_device=Antenna&q=\" title=\"https:\/\/rammount.com\/search?pf_pt_product_type=Components&pf_t_device=Antenna&q=\">Antenna<br\/><\/a><a href=\"https:\/\/rammount.com\/search?pf_pt_product_type=Components&pf_t_device=Camera&q=\" title=\"https:\/\/rammount.com\/search?pf_pt_product_type=Components&pf_t_device=Camera&q=\">Camera<br\/><\/a><a href=\"https:\/\/www.rammount.com\/search?facets[solution_type][]=Holders&facets[device][]=Drink\">Drink<br\/><\/a><a href=\"https:\/\/rammount.com\/search?pf_pt_product_type=Components&pf_t_device=Fishfinder%2FChartplotter&q=\" title=\"https:\/\/rammount.com\/search?pf_pt_product_type=Components&pf_t_device=Fishfinder%2FChartplotter&q=\">Fishfinder\/Chartplotter<br\/><\/a><a href=\"https:\/\/www.rammount.com\/search?facets[solution_type][]=Holders&facets[device][]=Fishing%20Rod\">Fishing Rod<br\/><\/a><a href=\"https:\/\/rammount.com\/search?pf_pt_product_type=Components&pf_t_device=GPS&q=\" title=\"https:\/\/rammount.com\/search?pf_pt_product_type=Components&pf_t_device=GPS&q=\">GPS<br\/><\/a><a href=\"https:\/\/rammount.com\/search?pf_pt_product_type=Components&pf_t_device=Keyboard&q=\" title=\"https:\/\/rammount.com\/search?pf_pt_product_type=Components&pf_t_device=Keyboard&q=\">Keyboard<br\/><\/a><a href=\"https:\/\/rammount.com\/search?pf_pt_product_type=Components&pf_t_device=Laptop&q=\" title=\"https:\/\/rammount.com\/search?pf_pt_product_type=Components&pf_t_device=Laptop&q=\">Laptop<br\/><\/a><a href=\"https:\/\/rammount.com\/search?pf_pt_product_type=Components&pf_t_device=Microphone&q=\" title=\"https:\/\/rammount.com\/search?pf_pt_product_type=Components&pf_t_device=Microphone&q=\">Microphone<br\/><\/a><a href=\"https:\/\/rammount.com\/search?pf_pt_product_type=Components&pf_t_device=Monitor&q=\" title=\"https:\/\/rammount.com\/search?pf_pt_product_type=Components&pf_t_device=Monitor&q=\">Monitor<\/a><a href=\"https:\/\/rammount.com\/search?pf_pt_product_type=Components&pf_t_device=Phone&q=\" title=\"https:\/\/rammount.com\/search?pf_pt_product_type=Components&pf_t_device=Phone&q=\">Phone<br\/><\/a><a href=\"https:\/\/rammount.com\/search?pf_pt_product_type=Components&pf_t_device=Printer&q=\" title=\"https:\/\/rammount.com\/search?pf_pt_product_type=Components&pf_t_device=Printer&q=\">Printer<br\/><\/a><a href=\"https:\/\/www.rammount.com\/search?facets[solution_type][]=Holders&facets[device][]=Radio\">Radio<br\/><\/a><a href=\"https:\/\/www.rammount.com\/search?facets[solution_type][]=Holders&facets[device][]=Radar%20Detector\">Radar Detector<br\/><\/a><a href=\"https:\/\/rammount.com\/search?pf_pt_product_type=Components&pf_t_device=Scanner&q=\" title=\"https:\/\/rammount.com\/search?pf_pt_product_type=Components&pf_t_device=Scanner&q=\">Scanner Gun<br\/><\/a><a href=\"https:\/\/rammount.com\/search?pf_pt_product_type=Components&pf_t_device=Speaker&q=\" title=\"https:\/\/rammount.com\/search?pf_pt_product_type=Components&pf_t_device=Speaker&q=\">Speaker<br\/><\/a><a href=\"https:\/\/rammount.com\/search?pf_pt_product_type=Components&pf_t_device=Spotlight&q=\" title=\"https:\/\/rammount.com\/search?pf_pt_product_type=Components&pf_t_device=Spotlight&q=\">Spotlight<br\/><\/a><a href=\"https:\/\/rammount.com\/search?pf_pt_product_type=Components&pf_t_device=Tablet&q=\" title=\"https:\/\/rammount.com\/search?pf_pt_product_type=Components&pf_t_device=Tablet&q=\">Tablet<br\/><\/a><a href=\"https:\/\/rammount.com\/search?pf_pt_product_type=Components&pf_t_device=Transducer&q=\" title=\"https:\/\/rammount.com\/search?pf_pt_product_type=Components&pf_t_device=Transducer&q=\">Transducer<br\/><\/a><\/p>"}},"2d22f399-d076-4e4c-ad1e-f57ef86474a5":{"type":"collection-list","settings":{"heading":"Vehicle","content":"<p><a href=\"https:\/\/rammount.com\/search?pf_mlt_vehicle=ATV+%26+UTV&pf_pt_product_type=Components&q=\" title=\"https:\/\/rammount.com\/search?pf_mlt_vehicle=ATV+%26+UTV&pf_pt_product_type=Components&q=\">ATV \/ UTV<br\/><\/a><a href=\"https:\/\/rammount.com\/search?pf_mlt_vehicle=Aircraft&pf_pt_product_type=Components&q=\" title=\"https:\/\/rammount.com\/search?pf_mlt_vehicle=Aircraft&pf_pt_product_type=Components&q=\">Aircraft<br\/><\/a><a href=\"https:\/\/rammount.com\/search?pf_mlt_vehicle=Bicycle&pf_pt_product_type=Components&q=\" title=\"https:\/\/rammount.com\/search?pf_mlt_vehicle=Bicycle&pf_pt_product_type=Components&q=\">Bicycle<br\/><\/a><a href=\"https:\/\/rammount.com\/search?pf_mlt_vehicle=Boat&pf_pt_product_type=Components&q=\" title=\"https:\/\/rammount.com\/search?pf_mlt_vehicle=Boat&pf_pt_product_type=Components&q=\">Powerboat<br\/><\/a><a href=\"https:\/\/rammount.com\/search?pf_mlt_vehicle=Car+%26+Truck&pf_pt_product_type=Components&q=\" title=\"https:\/\/rammount.com\/search?pf_mlt_vehicle=Car+%26+Truck&pf_pt_product_type=Components&q=\">Car<br\/><\/a><a href=\"https:\/\/rammount.com\/search?pf_mlt_vehicle=Kayak&pf_pt_product_type=Components&q=\" title=\"https:\/\/rammount.com\/search?pf_mlt_vehicle=Kayak&pf_pt_product_type=Components&q=\">Forklift\/Lift Truck<br\/><\/a><a href=\"https:\/\/www.rammount.com\/search?facets[solution_type][]=Components&facets[vehicle][]=Kayak\">Kayak<br\/><\/a><a href=\"https:\/\/rammount.com\/search?pf_mlt_vehicle=Motorcycle&pf_pt_product_type=Components&q=\" title=\"https:\/\/rammount.com\/search?pf_mlt_vehicle=Motorcycle&pf_pt_product_type=Components&q=\">Motorcycle<br\/><\/a><a href=\"https:\/\/rammount.com\/search?pf_mlt_vehicle=Scooter&pf_pt_product_type=Components&q=\" title=\"https:\/\/rammount.com\/search?pf_mlt_vehicle=Scooter&pf_pt_product_type=Components&q=\">Scooter<br\/><\/a><a href=\"https:\/\/rammount.com\/search?pf_mlt_vehicle=Stand-Up+Paddleboard&pf_pt_product_type=Components&q=\" title=\"https:\/\/rammount.com\/search?pf_mlt_vehicle=Stand-Up+Paddleboard&pf_pt_product_type=Components&q=\">Stand-Up Paddleboard<br\/><\/a><a href=\"https:\/\/rammount.com\/search?pf_mlt_vehicle=Wheelchair&pf_pt_product_type=Components&q=\" title=\"https:\/\/rammount.com\/search?pf_mlt_vehicle=Wheelchair&pf_pt_product_type=Components&q=\">Wheelchair<br\/><\/a><\/p>"}},"5d9cdefb-d3e8-4f46-a735-98b55b5bb20f":{"type":"collection-list","settings":{"heading":"Mount Function","content":"<p><a href=\"https:\/\/rammount.com\/search?pf_pt_product_type=Components&pf_t_mount_function=Adhesive&q=\" title=\"https:\/\/rammount.com\/search?pf_pt_product_type=Components&pf_t_mount_function=Adhesive&q=\">Adhesive<br\/><\/a><a href=\"https:\/\/rammount.com\/search?pf_pt_product_type=Components&pf_t_mount_function=Bolt+Head+Adapter&q=\" title=\"https:\/\/rammount.com\/search?pf_pt_product_type=Components&pf_t_mount_function=Bolt+Head+Adapter&q=\">Bolt Head Adapter<\/a><a href=\"https:\/\/rammount.com\/search?pf_pt_product_type=Components&pf_t_mount_function=Drill-Down&q=\" title=\"https:\/\/rammount.com\/search?pf_pt_product_type=Components&pf_t_mount_function=Drill-Down&q=\">Drill-Down<br\/><\/a><a href=\"https:\/\/www.rammount.com\/search?facets[solution_type][]=Components&facets[mount_function][]=Flat%20Edge%20Clamp\">Flat Edge Clamp<\/a><a href=\"https:\/\/www.rammount.com\/search?facets[solution_type][]=Components&facets[mount_function][]=Fork%20Stem\">Fork Stem<br\/><\/a><a href=\"https:\/\/rammount.com\/search?pf_pt_product_type=Components&pf_t_mount_function=Rail&q=\" title=\"https:\/\/rammount.com\/search?pf_pt_product_type=Components&pf_t_mount_function=Rail&q=\">Handlebar\/Rail<br\/><\/a><a href=\"https:\/\/rammount.com\/search?pf_pt_product_type=Components&pf_t_mount_function=Magnetic&q=\" title=\"https:\/\/rammount.com\/search?pf_pt_product_type=Components&pf_t_mount_function=Magnetic&q=\">Magnetic<\/a><a href=\"https:\/\/rammount.com\/search?pf_pt_product_type=Components&pf_t_mount_function=Stand%2FPlatform&q=\" title=\"https:\/\/rammount.com\/search?pf_pt_product_type=Components&pf_t_mount_function=Stand%2FPlatform&q=\">Desktop<br\/><\/a><a href=\"https:\/\/rammount.com\/search?pf_pt_product_type=Components&pf_t_mount_function=Suction+Cup&q=\" title=\"https:\/\/rammount.com\/search?pf_pt_product_type=Components&pf_t_mount_function=Suction+Cup&q=\">Suction Cup<br\/><\/a><a href=\"https:\/\/rammount.com\/search?pf_pt_product_type=Components&pf_t_mount_function=Track&q=\" title=\"https:\/\/rammount.com\/search?pf_pt_product_type=Components&pf_t_mount_function=Track&q=\">Track<br\/><\/a><a href=\"https:\/\/rammount.com\/search?pf_pt_product_type=Components&pf_t_mount_function=Tripod&q=\" title=\"https:\/\/rammount.com\/search?pf_pt_product_type=Components&pf_t_mount_function=Tripod&q=\">Tripod<br\/><\/a><a href=\"https:\/\/rammount.com\/search?pf_pt_product_type=Components&pf_t_mount_function=Wedge+Mount&q=\" title=\"https:\/\/rammount.com\/search?pf_pt_product_type=Components&pf_t_mount_function=Wedge+Mount&q=\">Wedge Mount<br\/><\/a><\/p>"}},"b9fa712e-5b86-4963-95e7-d9210e85d13d":{"type":"collection-list","settings":{"heading":"Part Type","content":"<p><a href=\"https:\/\/rammount.com\/search?pf_pt_product_type=Components&pf_t_part_type=Socket+Arm&q=\" title=\"https:\/\/rammount.com\/search?pf_pt_product_type=Components&pf_t_part_type=Socket+Arm&q=\">Socket Arms<br\/><\/a><a href=\"https:\/\/rammount.com\/search?pf_pt_product_type=Components&pf_t_part_type=Base&q=\" title=\"https:\/\/rammount.com\/search?pf_pt_product_type=Components&pf_t_part_type=Base&q=\">Bases<br\/><\/a><a href=\"https:\/\/rammount.com\/search?pf_pt_product_type=Components&pf_t_part_type=Holder&q=\" title=\"https:\/\/rammount.com\/search?pf_pt_product_type=Components&pf_t_part_type=Holder&q=\">Holders<br\/><\/a><a href=\"https:\/\/rammount.com\/search?pf_pt_product_type=Components&pf_t_part_type=Knob&q=\" title=\"https:\/\/rammount.com\/search?pf_pt_product_type=Components&pf_t_part_type=Knob&q=\">Knobs<br\/><\/a><a href=\"https:\/\/rammount.com\/search?pf_pt_product_type=Components&pf_t_part_type=Extension+Arm&q=\" title=\"https:\/\/rammount.com\/search?pf_pt_product_type=Components&pf_t_part_type=Extension+Arm&q=\">Extension Arms<br\/><\/a><a href=\"https:\/\/rammount.com\/search?pf_pt_product_type=Components&pf_t_part_type=Hardware&q=\" title=\"https:\/\/rammount.com\/search?pf_pt_product_type=Components&pf_t_part_type=Hardware&q=\">Hardware<br\/><\/a><\/p>"}},"47b871d3-4d38-48ba-a18b-5e35d211633b":{"type":"collection-list","settings":{"heading":"Hole Pattern","content":"<p><a href=\"https:\/\/rammount.com\/search?pf_pt_product_type=Components&pf_t_hole_pattern=AMPS+4-Hole&q=\" title=\"https:\/\/rammount.com\/search?pf_pt_product_type=Components&pf_t_hole_pattern=AMPS+4-Hole&q=\">AMPS 4-Hole<br\/><\/a><a href=\"https:\/\/rammount.com\/search?pf_pt_product_type=Components&pf_t_hole_pattern=AMPS+2-Hole&q=\" title=\"https:\/\/rammount.com\/search?pf_pt_product_type=Components&pf_t_hole_pattern=AMPS+2-Hole&q=\">AMPS 2-Hole<br\/><\/a><a href=\"https:\/\/rammount.com\/search?pf_pt_product_type=Components&pf_t_hole_pattern=3-Hole+120+Degree+%28Large%29&q=\" title=\"https:\/\/rammount.com\/search?pf_pt_product_type=Components&pf_t_hole_pattern=3-Hole+120+Degree+%28Large%29&q=\">3-Hole 120 Degree (Large)<br\/><\/a><a href=\"https:\/\/rammount.com\/search?pf_pt_product_type=Components&pf_t_hole_pattern=3-Hole+120+Degree+%28Small%29&q=\" title=\"https:\/\/rammount.com\/search?pf_pt_product_type=Components&pf_t_hole_pattern=3-Hole+120+Degree+%28Small%29&q=\">3-Hole 120 Degree (Small)<br\/><\/a><a href=\"https:\/\/rammount.com\/search?pf_pt_product_type=Components&pf_t_hole_pattern=100+x+100+VESA&q=\" title=\"https:\/\/rammount.com\/search?pf_pt_product_type=Components&pf_t_hole_pattern=100+x+100+VESA&q=\">100 x 100 VESA<br\/><\/a><a href=\"https:\/\/rammount.com\/search?pf_pt_product_type=Components&pf_t_hole_pattern=75+x+75+VESA&q=\" title=\"https:\/\/rammount.com\/search?pf_pt_product_type=Components&pf_t_hole_pattern=75+x+75+VESA&q=\">75 x 75 VESA<br\/><\/a><a href=\"https:\/\/rammount.com\/search?pf_pt_product_type=Components&pf_t_hole_pattern=100+x+50+Half+VESA&q=\" title=\"https:\/\/rammount.com\/search?pf_pt_product_type=Components&pf_t_hole_pattern=100+x+50+Half+VESA&q=\">100 x 50 Half VESA<br\/><\/a><\/p>"}},"e3dce372-a80c-41e3-aba6-d065760fc7bc":{"type":"collection-list","settings":{"heading":"Thread Pitch","content":"<p><a href=\"https:\/\/rammount.com\/search?pf_pt_product_type=Components&pf_t_thread_pitch=%2310-24&q=\" title=\"https:\/\/rammount.com\/search?pf_pt_product_type=Components&pf_t_thread_pitch=%2310-24&q=\">#10-24<br\/><\/a><a href=\"https:\/\/rammount.com\/search?pf_pt_product_type=Components&pf_t_thread_pitch=1%27%27+NPT&q=\" title=\"https:\/\/rammount.com\/search?pf_pt_product_type=Components&pf_t_thread_pitch=1%27%27+NPT&q=\">1\" NPT<\/a><a href=\"https:\/\/rammount.com\/search?pf_pt_product_type=Components&pf_t_thread_pitch=1%2F2%27%27+NPT&q=\" title=\"https:\/\/rammount.com\/search?pf_pt_product_type=Components&pf_t_thread_pitch=1%2F2%27%27+NPT&q=\">1\/2\" NPT<\/a><a href=\"https:\/\/rammount.com\/search?pf_pt_product_type=Components&pf_t_thread_pitch=1%2F2%22-20&q=\" title=\"https:\/\/rammount.com\/search?pf_pt_product_type=Components&pf_t_thread_pitch=1%2F2%22-20&q=\">1\/2\"-20<br\/><\/a><a href=\"https:\/\/rammount.com\/search?pf_pt_product_type=Components&pf_t_thread_pitch=1%2F4%27%27+NPSM&q=\" title=\"https:\/\/rammount.com\/search?pf_pt_product_type=Components&pf_t_thread_pitch=1%2F4%27%27+NPSM&q=\">1\/4\" NPSM<br\/><\/a><a href=\"https:\/\/rammount.com\/search?pf_pt_product_type=Components&pf_t_thread_pitch=1%2F4%27%27+NPT&q=\" title=\"https:\/\/rammount.com\/search?pf_pt_product_type=Components&pf_t_thread_pitch=1%2F4%27%27+NPT&q=\">1\/4\" NPT<br\/><\/a><a href=\"https:\/\/rammount.com\/search?pf_pt_product_type=Components&pf_t_thread_pitch=1%2F4%27%27-20&q=\" title=\"https:\/\/rammount.com\/search?pf_pt_product_type=Components&pf_t_thread_pitch=1%2F4%27%27-20&q=\">1\/4\"-20<\/a><a href=\"https:\/\/rammount.com\/search?pf_pt_product_type=Components&pf_t_thread_pitch=3%2F8%27%27-16&q=\" title=\"https:\/\/rammount.com\/search?pf_pt_product_type=Components&pf_t_thread_pitch=3%2F8%27%27-16&q=\">3\/8\"-16<br\/><\/a><a href=\"https:\/\/rammount.com\/search?pf_pt_product_type=Components&pf_t_thread_pitch=3%2F8%22-24&q=\" title=\"https:\/\/rammount.com\/search?pf_pt_product_type=Components&pf_t_thread_pitch=3%2F8%22-24&q=\">3\/8\"-24<br\/><\/a><a href=\"https:\/\/rammount.com\/search?pf_pt_product_type=Components&pf_t_thread_pitch=5%2F16%22-18&q=\" title=\"https:\/\/rammount.com\/search?pf_pt_product_type=Components&pf_t_thread_pitch=5%2F16%22-18&q=\">5\/16\"-18<br\/><\/a><a href=\"https:\/\/rammount.com\/search?pf_pt_product_type=Components&pf_t_thread_pitch=5%2F16%22-24&q=\" title=\"https:\/\/rammount.com\/search?pf_pt_product_type=Components&pf_t_thread_pitch=5%2F16%22-24&q=\">5\/16\"-24<br\/><\/a><a href=\"https:\/\/rammount.com\/search?pf_pt_product_type=Components&pf_t_thread_pitch=M10-1.25&q=\" title=\"https:\/\/rammount.com\/search?pf_pt_product_type=Components&pf_t_thread_pitch=M10-1.25&q=\">M10-1.25<br\/><\/a><a href=\"https:\/\/rammount.com\/search?pf_pt_product_type=Components&pf_t_thread_pitch=M10-1.5&q=\" title=\"https:\/\/rammount.com\/search?pf_pt_product_type=Components&pf_t_thread_pitch=M10-1.5&q=\">M10-1.5<\/a><a href=\"https:\/\/rammount.com\/search?pf_pt_product_type=Components&pf_t_thread_pitch=M6-1&q=\" title=\"https:\/\/rammount.com\/search?pf_pt_product_type=Components&pf_t_thread_pitch=M6-1&q=\">M6-1<br\/><\/a><a href=\"https:\/\/rammount.com\/search?pf_pt_product_type=Components&pf_t_thread_pitch=M8-1&q=\" title=\"https:\/\/rammount.com\/search?pf_pt_product_type=Components&pf_t_thread_pitch=M8-1&q=\">M8-1<br\/><\/a><a href=\"https:\/\/rammount.com\/search?pf_pt_product_type=Components&pf_t_thread_pitch=M8-1.25&q=\" title=\"https:\/\/rammount.com\/search?pf_pt_product_type=Components&pf_t_thread_pitch=M8-1.25&q=\">M8-1.25<\/a><\/p>"}}},"block_order":["1649099724862723d1-0","2d22f399-d076-4e4c-ad1e-f57ef86474a5","5d9cdefb-d3e8-4f46-a735-98b55b5bb20f","b9fa712e-5b86-4963-95e7-d9210e85d13d","47b871d3-4d38-48ba-a18b-5e35d211633b","e3dce372-a80c-41e3-aba6-d065760fc7bc"],"settings":{"section_id":"","section_class":"","full_width":false,"grid_gap":"md:gap-4","grid_columns":"grid-cols-1","grid_columns_dt":"lg:grid-cols-6","mobile_vertical_padding":"py-12","mobile_horizontal_padding":"px-4","desktop_vertical_padding":"md:py-8","desktop_horizontal_padding":"md:px-0","heading_tag":"h2","heading":"<p><strong>Browse All<\/strong><\/p>","copy":"","heading_font_family":"font-body","copy_font_family":"font-body","heading_bottom_spacing":0,"copy_bottom_spacing":0,"text_alignment":"text-left","desktop_heading_font_size":"md:text-xl","desktop_copy_font_size":"md:text-base","mobile_heading_font_size":"text-xl","mobile_copy_font_size":"text-base"}},"1659648764ba094519":{"type":"link-list-dropdown","disabled":true,"blocks":{"16596487640cba237a-0":{"type":"collection-list","settings":{"heading":"Device","heading_color":"#CD1E27","content":"<p><a href=\"https:\/\/rammount.com\/search?pf_pt_product_type=Components&pf_t_device=Antenna&q=\" title=\"https:\/\/rammount.com\/search?pf_pt_product_type=Components&pf_t_device=Antenna&q=\">Antenna<br\/><\/a><a href=\"https:\/\/rammount.com\/search?pf_pt_product_type=Components&pf_t_device=Camera&q=\" title=\"https:\/\/rammount.com\/search?pf_pt_product_type=Components&pf_t_device=Camera&q=\">Camera<br\/><\/a><a href=\"https:\/\/www.rammount.com\/search?facets[solution_type][]=Holders&facets[device][]=Drink\">Drink<br\/><\/a><a href=\"https:\/\/rammount.com\/search?pf_pt_product_type=Components&pf_t_device=Fishfinder%2FChartplotter&q=\" title=\"https:\/\/rammount.com\/search?pf_pt_product_type=Components&pf_t_device=Fishfinder%2FChartplotter&q=\">Fishfinder\/Chartplotter<br\/><\/a><a href=\"https:\/\/www.rammount.com\/search?facets[solution_type][]=Holders&facets[device][]=Fishing%20Rod\">Fishing Rod<br\/><\/a><a href=\"https:\/\/rammount.com\/search?pf_pt_product_type=Components&pf_t_device=GPS&q=\" title=\"https:\/\/rammount.com\/search?pf_pt_product_type=Components&pf_t_device=GPS&q=\">GPS<br\/><\/a><a href=\"https:\/\/rammount.com\/search?pf_pt_product_type=Components&pf_t_device=Keyboard&q=\" title=\"https:\/\/rammount.com\/search?pf_pt_product_type=Components&pf_t_device=Keyboard&q=\">Keyboard<br\/><\/a><a href=\"https:\/\/rammount.com\/search?pf_pt_product_type=Components&pf_t_device=Laptop&q=\" title=\"https:\/\/rammount.com\/search?pf_pt_product_type=Components&pf_t_device=Laptop&q=\">Laptop<br\/><\/a><a href=\"https:\/\/rammount.com\/search?pf_pt_product_type=Components&pf_t_device=Microphone&q=\" title=\"https:\/\/rammount.com\/search?pf_pt_product_type=Components&pf_t_device=Microphone&q=\">Microphone<br\/><\/a><a href=\"https:\/\/rammount.com\/search?pf_pt_product_type=Components&pf_t_device=Monitor&q=\" title=\"https:\/\/rammount.com\/search?pf_pt_product_type=Components&pf_t_device=Monitor&q=\">Monitor<\/a><a href=\"https:\/\/rammount.com\/search?pf_pt_product_type=Components&pf_t_device=Phone&q=\" title=\"https:\/\/rammount.com\/search?pf_pt_product_type=Components&pf_t_device=Phone&q=\">Phone<br\/><\/a><a href=\"https:\/\/rammount.com\/search?pf_pt_product_type=Components&pf_t_device=Printer&q=\" title=\"https:\/\/rammount.com\/search?pf_pt_product_type=Components&pf_t_device=Printer&q=\">Printer<br\/><\/a><a href=\"https:\/\/www.rammount.com\/search?facets[solution_type][]=Holders&facets[device][]=Radio\">Radio<br\/><\/a><a href=\"https:\/\/www.rammount.com\/search?facets[solution_type][]=Holders&facets[device][]=Radar%20Detector\">Radar Detector<br\/><\/a><a href=\"https:\/\/rammount.com\/search?pf_pt_product_type=Components&pf_t_device=Scanner&q=\" title=\"https:\/\/rammount.com\/search?pf_pt_product_type=Components&pf_t_device=Scanner&q=\">Scanner Gun<br\/><\/a><a href=\"https:\/\/rammount.com\/search?pf_pt_product_type=Components&pf_t_device=Speaker&q=\" title=\"https:\/\/rammount.com\/search?pf_pt_product_type=Components&pf_t_device=Speaker&q=\">Speaker<br\/><\/a><a href=\"https:\/\/rammount.com\/search?pf_pt_product_type=Components&pf_t_device=Spotlight&q=\" title=\"https:\/\/rammount.com\/search?pf_pt_product_type=Components&pf_t_device=Spotlight&q=\">Spotlight<br\/><\/a><a href=\"https:\/\/rammount.com\/search?pf_pt_product_type=Components&pf_t_device=Tablet&q=\" title=\"https:\/\/rammount.com\/search?pf_pt_product_type=Components&pf_t_device=Tablet&q=\">Tablet<br\/><\/a><a href=\"https:\/\/rammount.com\/search?pf_pt_product_type=Components&pf_t_device=Transducer&q=\" title=\"https:\/\/rammount.com\/search?pf_pt_product_type=Components&pf_t_device=Transducer&q=\">Transducer<\/a><\/p>"}},"c1f7e48e-b07d-42f1-a8a2-43033d941a89":{"type":"collection-list","settings":{"heading":"Vehicle","heading_color":"#CD1E27","content":"<p><a href=\"https:\/\/rammount.com\/search?pf_mlt_vehicle=ATV+%26+UTV&pf_pt_product_type=Components&q=\" title=\"https:\/\/rammount.com\/search?pf_mlt_vehicle=ATV+%26+UTV&pf_pt_product_type=Components&q=\">ATV \/ UTV<br\/><\/a><a href=\"https:\/\/rammount.com\/search?pf_mlt_vehicle=Aircraft&pf_pt_product_type=Components&q=\" title=\"https:\/\/rammount.com\/search?pf_mlt_vehicle=Aircraft&pf_pt_product_type=Components&q=\">Aircraft<br\/><\/a><a href=\"https:\/\/rammount.com\/search?pf_mlt_vehicle=Bicycle&pf_pt_product_type=Components&q=\" title=\"https:\/\/rammount.com\/search?pf_mlt_vehicle=Bicycle&pf_pt_product_type=Components&q=\">Bicycle<br\/><\/a><a href=\"https:\/\/rammount.com\/search?pf_mlt_vehicle=Boat&pf_pt_product_type=Components&q=\" title=\"https:\/\/rammount.com\/search?pf_mlt_vehicle=Boat&pf_pt_product_type=Components&q=\">Powerboat<br\/><\/a><a href=\"https:\/\/rammount.com\/search?pf_mlt_vehicle=Car+%26+Truck&pf_pt_product_type=Components&q=\" title=\"https:\/\/rammount.com\/search?pf_mlt_vehicle=Car+%26+Truck&pf_pt_product_type=Components&q=\">Car<br\/><\/a><a href=\"https:\/\/rammount.com\/search?pf_mlt_vehicle=Kayak&pf_pt_product_type=Components&q=\" title=\"https:\/\/rammount.com\/search?pf_mlt_vehicle=Kayak&pf_pt_product_type=Components&q=\">Forklift\/Lift Truck<br\/><\/a><a href=\"https:\/\/www.rammount.com\/search?facets[solution_type][]=Components&facets[vehicle][]=Kayak\">Kayak<br\/><\/a><a href=\"https:\/\/rammount.com\/search?pf_mlt_vehicle=Motorcycle&pf_pt_product_type=Components&q=\" title=\"https:\/\/rammount.com\/search?pf_mlt_vehicle=Motorcycle&pf_pt_product_type=Components&q=\">Motorcycle<br\/><\/a><a href=\"https:\/\/rammount.com\/search?pf_mlt_vehicle=Scooter&pf_pt_product_type=Components&q=\" title=\"https:\/\/rammount.com\/search?pf_mlt_vehicle=Scooter&pf_pt_product_type=Components&q=\">Scooter<br\/><\/a><a href=\"https:\/\/rammount.com\/search?pf_mlt_vehicle=Stand-Up+Paddleboard&pf_pt_product_type=Components&q=\" title=\"https:\/\/rammount.com\/search?pf_mlt_vehicle=Stand-Up+Paddleboard&pf_pt_product_type=Components&q=\">Stand-Up Paddleboard<br\/><\/a><a href=\"https:\/\/rammount.com\/search?pf_mlt_vehicle=Wheelchair&pf_pt_product_type=Components&q=\" title=\"https:\/\/rammount.com\/search?pf_mlt_vehicle=Wheelchair&pf_pt_product_type=Components&q=\">Wheelchair<\/a><\/p>"}},"6a315dc9-ad59-408d-a9ac-d49e7cf7efea":{"type":"collection-list","settings":{"heading":"Mount Function","heading_color":"#CD1E27","content":"<p><a href=\"https:\/\/rammount.com\/search?pf_pt_product_type=Components&pf_t_mount_function=Adhesive&q=\" title=\"https:\/\/rammount.com\/search?pf_pt_product_type=Components&pf_t_mount_function=Adhesive&q=\">Adhesive<br\/><\/a><a href=\"https:\/\/rammount.com\/search?pf_pt_product_type=Components&pf_t_mount_function=Bolt+Head+Adapter&q=\" title=\"https:\/\/rammount.com\/search?pf_pt_product_type=Components&pf_t_mount_function=Bolt+Head+Adapter&q=\">Bolt Head Adapter<\/a><a href=\"https:\/\/rammount.com\/search?pf_pt_product_type=Components&pf_t_mount_function=Drill-Down&q=\" title=\"https:\/\/rammount.com\/search?pf_pt_product_type=Components&pf_t_mount_function=Drill-Down&q=\">Drill-Down<br\/><\/a><a href=\"https:\/\/www.rammount.com\/search?facets[solution_type][]=Components&facets[mount_function][]=Flat%20Edge%20Clamp\">Flat Edge Clamp<\/a><a href=\"https:\/\/www.rammount.com\/search?facets[solution_type][]=Components&facets[mount_function][]=Fork%20Stem\">Fork Stem<br\/><\/a><a href=\"https:\/\/rammount.com\/search?pf_pt_product_type=Components&pf_t_mount_function=Rail&q=\" title=\"https:\/\/rammount.com\/search?pf_pt_product_type=Components&pf_t_mount_function=Rail&q=\">Handlebar\/Rail<br\/><\/a><a href=\"https:\/\/rammount.com\/search?pf_pt_product_type=Components&pf_t_mount_function=Magnetic&q=\" title=\"https:\/\/rammount.com\/search?pf_pt_product_type=Components&pf_t_mount_function=Magnetic&q=\">Magnetic<\/a><a href=\"https:\/\/rammount.com\/search?pf_pt_product_type=Components&pf_t_mount_function=Stand%2FPlatform&q=\" title=\"https:\/\/rammount.com\/search?pf_pt_product_type=Components&pf_t_mount_function=Stand%2FPlatform&q=\">Desktop<br\/><\/a><a href=\"https:\/\/rammount.com\/search?pf_pt_product_type=Components&pf_t_mount_function=Suction+Cup&q=\" title=\"https:\/\/rammount.com\/search?pf_pt_product_type=Components&pf_t_mount_function=Suction+Cup&q=\">Suction Cup<br\/><\/a><a href=\"https:\/\/rammount.com\/search?pf_pt_product_type=Components&pf_t_mount_function=Track&q=\" title=\"https:\/\/rammount.com\/search?pf_pt_product_type=Components&pf_t_mount_function=Track&q=\">Track<br\/><\/a><a href=\"https:\/\/rammount.com\/search?pf_pt_product_type=Components&pf_t_mount_function=Tripod&q=\" title=\"https:\/\/rammount.com\/search?pf_pt_product_type=Components&pf_t_mount_function=Tripod&q=\">Tripod<br\/><\/a><a href=\"https:\/\/rammount.com\/search?pf_pt_product_type=Components&pf_t_mount_function=Wedge+Mount&q=\" title=\"https:\/\/rammount.com\/search?pf_pt_product_type=Components&pf_t_mount_function=Wedge+Mount&q=\">Wedge Mount<\/a><\/p>"}},"679edbf9-cd41-4dd0-b900-63f2c621f51c":{"type":"collection-list","settings":{"heading":"Part Type","heading_color":"#CD1E27","content":"<p><a href=\"https:\/\/rammount.com\/search?pf_pt_product_type=Components&pf_t_part_type=Socket+Arm&q=\" title=\"https:\/\/rammount.com\/search?pf_pt_product_type=Components&pf_t_part_type=Socket+Arm&q=\">Socket Arms<br\/><\/a><a href=\"https:\/\/rammount.com\/search?pf_pt_product_type=Components&pf_t_part_type=Base&q=\" title=\"https:\/\/rammount.com\/search?pf_pt_product_type=Components&pf_t_part_type=Base&q=\">Bases<br\/><\/a><a href=\"https:\/\/rammount.com\/search?pf_pt_product_type=Components&pf_t_part_type=Holder&q=\" title=\"https:\/\/rammount.com\/search?pf_pt_product_type=Components&pf_t_part_type=Holder&q=\">Holders<br\/><\/a><a href=\"https:\/\/rammount.com\/search?pf_pt_product_type=Components&pf_t_part_type=Knob&q=\" title=\"https:\/\/rammount.com\/search?pf_pt_product_type=Components&pf_t_part_type=Knob&q=\">Knobs<br\/><\/a><a href=\"https:\/\/rammount.com\/search?pf_pt_product_type=Components&pf_t_part_type=Extension+Arm&q=\" title=\"https:\/\/rammount.com\/search?pf_pt_product_type=Components&pf_t_part_type=Extension+Arm&q=\">Extension Arms<br\/><\/a><a href=\"https:\/\/rammount.com\/search?pf_pt_product_type=Components&pf_t_part_type=Hardware&q=\" title=\"https:\/\/rammount.com\/search?pf_pt_product_type=Components&pf_t_part_type=Hardware&q=\">Hardware<\/a><\/p>"}},"2d85cc5e-64b6-482a-86f9-39c1af6f5e7e":{"type":"collection-list","settings":{"heading":"Hole Pattern","heading_color":"#CD1E27","content":"<p><a href=\"https:\/\/rammount.com\/search?pf_pt_product_type=Components&pf_t_hole_pattern=AMPS+4-Hole&q=\" title=\"https:\/\/rammount.com\/search?pf_pt_product_type=Components&pf_t_hole_pattern=AMPS+4-Hole&q=\">AMPS 4-Hole<br\/><\/a><a href=\"https:\/\/rammount.com\/search?pf_pt_product_type=Components&pf_t_hole_pattern=AMPS+2-Hole&q=\" title=\"https:\/\/rammount.com\/search?pf_pt_product_type=Components&pf_t_hole_pattern=AMPS+2-Hole&q=\">AMPS 2-Hole<br\/><\/a><a href=\"https:\/\/rammount.com\/search?pf_pt_product_type=Components&pf_t_hole_pattern=3-Hole+120+Degree+%28Large%29&q=\" title=\"https:\/\/rammount.com\/search?pf_pt_product_type=Components&pf_t_hole_pattern=3-Hole+120+Degree+%28Large%29&q=\">3-Hole 120 Degree (Large)<br\/><\/a><a href=\"https:\/\/rammount.com\/search?pf_pt_product_type=Components&pf_t_hole_pattern=3-Hole+120+Degree+%28Small%29&q=\" title=\"https:\/\/rammount.com\/search?pf_pt_product_type=Components&pf_t_hole_pattern=3-Hole+120+Degree+%28Small%29&q=\">3-Hole 120 Degree (Small)<br\/><\/a><a href=\"https:\/\/rammount.com\/search?pf_pt_product_type=Components&pf_t_hole_pattern=100+x+100+VESA&q=\" title=\"https:\/\/rammount.com\/search?pf_pt_product_type=Components&pf_t_hole_pattern=100+x+100+VESA&q=\">100 x 100 VESA<br\/><\/a><a href=\"https:\/\/rammount.com\/search?pf_pt_product_type=Components&pf_t_hole_pattern=75+x+75+VESA&q=\" title=\"https:\/\/rammount.com\/search?pf_pt_product_type=Components&pf_t_hole_pattern=75+x+75+VESA&q=\">75 x 75 VESA<br\/><\/a><a href=\"https:\/\/rammount.com\/search?pf_pt_product_type=Components&pf_t_hole_pattern=100+x+50+Half+VESA&q=\" title=\"https:\/\/rammount.com\/search?pf_pt_product_type=Components&pf_t_hole_pattern=100+x+50+Half+VESA&q=\">100 x 50 Half VESA<br\/><\/a><\/p>"}},"84979319-2a02-439a-b132-161ab98a4530":{"type":"collection-list","settings":{"heading":"Thread Pitch","heading_color":"#CD1E27","content":"<p><a href=\"https:\/\/rammount.com\/search?pf_pt_product_type=Components&pf_t_thread_pitch=%2310-24&q=\" title=\"https:\/\/rammount.com\/search?pf_pt_product_type=Components&pf_t_thread_pitch=%2310-24&q=\">#10-24<br\/><\/a><a href=\"https:\/\/rammount.com\/search?pf_pt_product_type=Components&pf_t_thread_pitch=1%27%27+NPT&q=\" title=\"https:\/\/rammount.com\/search?pf_pt_product_type=Components&pf_t_thread_pitch=1%27%27+NPT&q=\">1\" NPT<\/a><a href=\"https:\/\/rammount.com\/search?pf_pt_product_type=Components&pf_t_thread_pitch=1%2F2%27%27+NPT&q=\" title=\"https:\/\/rammount.com\/search?pf_pt_product_type=Components&pf_t_thread_pitch=1%2F2%27%27+NPT&q=\">1\/2\" NPT<\/a><a href=\"https:\/\/rammount.com\/search?pf_pt_product_type=Components&pf_t_thread_pitch=1%2F2%22-20&q=\" title=\"https:\/\/rammount.com\/search?pf_pt_product_type=Components&pf_t_thread_pitch=1%2F2%22-20&q=\">1\/2\"-20<br\/><\/a><a href=\"https:\/\/rammount.com\/search?pf_pt_product_type=Components&pf_t_thread_pitch=1%2F4%27%27+NPSM&q=\" title=\"https:\/\/rammount.com\/search?pf_pt_product_type=Components&pf_t_thread_pitch=1%2F4%27%27+NPSM&q=\">1\/4\" NPSM<br\/><\/a><a href=\"https:\/\/rammount.com\/search?pf_pt_product_type=Components&pf_t_thread_pitch=1%2F4%27%27+NPT&q=\" title=\"https:\/\/rammount.com\/search?pf_pt_product_type=Components&pf_t_thread_pitch=1%2F4%27%27+NPT&q=\">1\/4\" NPT<br\/><\/a><a href=\"https:\/\/rammount.com\/search?pf_pt_product_type=Components&pf_t_thread_pitch=1%2F4%27%27-20&q=\" title=\"https:\/\/rammount.com\/search?pf_pt_product_type=Components&pf_t_thread_pitch=1%2F4%27%27-20&q=\">1\/4\"-20<\/a><a href=\"https:\/\/rammount.com\/search?pf_pt_product_type=Components&pf_t_thread_pitch=3%2F8%27%27-16&q=\" title=\"https:\/\/rammount.com\/search?pf_pt_product_type=Components&pf_t_thread_pitch=3%2F8%27%27-16&q=\">3\/8\"-16<br\/><\/a><a href=\"https:\/\/rammount.com\/search?pf_pt_product_type=Components&pf_t_thread_pitch=3%2F8%22-24&q=\" title=\"https:\/\/rammount.com\/search?pf_pt_product_type=Components&pf_t_thread_pitch=3%2F8%22-24&q=\">3\/8\"-24<br\/><\/a><a href=\"https:\/\/rammount.com\/search?pf_pt_product_type=Components&pf_t_thread_pitch=5%2F16%22-18&q=\" title=\"https:\/\/rammount.com\/search?pf_pt_product_type=Components&pf_t_thread_pitch=5%2F16%22-18&q=\">5\/16\"-18<br\/><\/a><a href=\"https:\/\/rammount.com\/search?pf_pt_product_type=Components&pf_t_thread_pitch=5%2F16%22-24&q=\" title=\"https:\/\/rammount.com\/search?pf_pt_product_type=Components&pf_t_thread_pitch=5%2F16%22-24&q=\">5\/16\"-24<br\/><\/a><a href=\"https:\/\/rammount.com\/search?pf_pt_product_type=Components&pf_t_thread_pitch=M10-1.25&q=\" title=\"https:\/\/rammount.com\/search?pf_pt_product_type=Components&pf_t_thread_pitch=M10-1.25&q=\">M10-1.25<br\/><\/a><a href=\"https:\/\/rammount.com\/search?pf_pt_product_type=Components&pf_t_thread_pitch=M10-1.5&q=\" title=\"https:\/\/rammount.com\/search?pf_pt_product_type=Components&pf_t_thread_pitch=M10-1.5&q=\">M10-1.5<\/a><a href=\"https:\/\/rammount.com\/search?pf_pt_product_type=Components&pf_t_thread_pitch=M6-1&q=\" title=\"https:\/\/rammount.com\/search?pf_pt_product_type=Components&pf_t_thread_pitch=M6-1&q=\">M6-1<br\/><\/a><a href=\"https:\/\/rammount.com\/search?pf_pt_product_type=Components&pf_t_thread_pitch=M8-1&q=\" title=\"https:\/\/rammount.com\/search?pf_pt_product_type=Components&pf_t_thread_pitch=M8-1&q=\">M8-1<br\/><\/a><a href=\"https:\/\/rammount.com\/search?pf_pt_product_type=Components&pf_t_thread_pitch=M8-1.25&q=\" title=\"https:\/\/rammount.com\/search?pf_pt_product_type=Components&pf_t_thread_pitch=M8-1.25&q=\">M8-1.25<\/a><\/p>"}}},"block_order":["16596487640cba237a-0","c1f7e48e-b07d-42f1-a8a2-43033d941a89","6a315dc9-ad59-408d-a9ac-d49e7cf7efea","679edbf9-cd41-4dd0-b900-63f2c621f51c","2d85cc5e-64b6-482a-86f9-39c1af6f5e7e","84979319-2a02-439a-b132-161ab98a4530"],"settings":{"section_id":"","section_class":"","full_width":false,"max_width":false,"grid_gap":"md:gap-4","grid_columns":"grid-cols-1","grid_columns_dt":"lg:grid-cols-6","mobile_vertical_padding":"py-4","mobile_horizontal_padding":"px-4","desktop_vertical_padding":"md:py-8","desktop_horizontal_padding":"md:px-0","heading_tag":"h2","heading":"<p><strong>Browse All<\/strong><\/p>","heading_color":"#000000","copy":"","copy_color":"#000000","line_color":"#CD1E27","heading_font_family":"font-heading","copy_font_family":"font-body","heading_bottom_spacing":16,"copy_bottom_spacing":16,"text_alignment":"text-left","desktop_heading_font_size":"md:text-xl","desktop_copy_font_size":"md:text-base","mobile_heading_font_size":"text-xl","mobile_copy_font_size":"text-base"}}},"order":["1649089729405793bb","1649090362e81c63fb","1649093357204548e3","164909801553e9530d","1649099724aa47e45a","1659648764ba094519"]}