{"sections":{"164633050094510fa7":{"type":"hero","settings":{"section_id":"","desktop_image":"shopify:\/\/shop_images\/apple-brand-banner.jpg","line_color":"#cd1e27","desktop_image_height":300,"content_desktop_alignment":"md:justify-start","text_desktop_alignment":"md:text-left","desktop_heading":"","desktop_subheading":"","copy":"","heading_tag":"h1","heading_font_size_desktop":"sm:text-5xl","heading_font_size_mobile":"text-3xl","desktop_button_text":"Click Here","desktop_button_link":"","desktop_button_text2":"","desktop_button_link2":"","desktop_text_color":"#ffffff","desktop_subheading_color":"#ffffff","button_bg":"#ffffff","button_hover_bg":"#000000","button_text":"#000000","button_hover_text":"#ffffff","button2_bg":"#ffffff","button2_border_bg":"#ffffff","button2_hover_bg":"#000000","button2_text":"#000000","button2_hover_text":"#ffffff","mobile_image":"shopify:\/\/shop_images\/apple_588fac6c-b4a6-41ab-b388-0164fa878a2f.jpg","mobile_image_height":425,"text_mobile_alignment":"text-left","text_mobile_vertical_alignment":"justify-center","mobile_text_color":"#ffffff","mobile_button_color":"btn"}},"16486560366c7b7837":{"type":"brand-product","settings":{"text_alignment":"md:text-left","text_alignment_mobile":"text-center","heading":"iPhone, iPad and MacBook Mounts","has_underline":false,"desktop_heading_font_size":"md:text-4xl","heading_font_size":"text-2xl","copy":"<p>RAM® Mounts offers a wide range of mounting solutions for your iPhone, iPad, iPod, and MacBook. With everything from form-fitting cradles to the popular RAM® X-Grip®, securing your device wherever you need it has never been easier. The versatility of RAM® systems allow you to efficiently move your device between your boat, car, desk, motorcycle, and much more. With IntelliSkin® and GDS® Technology™, protect your iPad from drops and rugged use with standardized GDS® charging pins. Compatible with a variety of GDS® vehicle docks and accessories. Explore the full line of Apple device mounts below.<\/p>","copy_font_size":"text-base","brand_image":"shopify:\/\/shop_images\/apple_df91dcb2-d499-4efc-8307-2b18303eda07.png","button_text_1":"Shop All Apple","button_link_1":"\/collections\/apple-iphone-mounts","btn_type_1":"btn-ram","button_text_2":"","button_link_2":"","btn_type_2":"btn-dark","button_text_3":"","button_link_3":"","btn_type_3":"btn-ram","section_bg_color":"#f4f4f6"}},"1648577237754fb6a9":{"type":"brand-product","settings":{"text_alignment":"text-left","text_alignment_mobile":"text-left","heading":"iPhone Mounts","has_underline":true,"desktop_heading_font_size":"md:text-xl","heading_font_size":"text-xl","copy":"<p>Take your iPhone almost anywhere with RAM® mounting solutions. Choose from a wide selection of bases to attach your iPhone to your car, boat, bike, motorcycle, and much more. All RAM® iPhone holders – including the popular RAM® X-Grip®, RAM® Quick-Grip™, and form-fit holders – provide access to your device’s ports and buttons.<\/p>","copy_font_size":"text-base","brand_image":"shopify:\/\/shop_images\/apple-section1.jpg","button_text_1":"Shop iPhone Mounts","button_link_1":"\/collections\/apple-iphone-mounts","btn_type_1":"btn-ram","button_text_2":"Learn More","button_link_2":"\/pages\/apple-iphone","btn_type_2":"btn-dark","button_text_3":"","button_link_3":"","btn_type_3":"btn-ram","section_bg_color":"#ffffff"}},"1648579274ae6e3e3d":{"type":"brand-product","settings":{"text_alignment":"text-left","text_alignment_mobile":"text-left","heading":"iPad Mounts","has_underline":true,"desktop_heading_font_size":"md:text-xl","heading_font_size":"text-xl","copy":"<p>RAM® provides robust mounting solutions to secure your iPad in the most demanding applications. Find mounts that fit your iPad no matter what generation of the device you own—including the new iPad mini 6. Position your iPad to the ideal position with the RAM® X-Grip®, RAM® Tab-Tite™, RAM® Tab-Lock™, and form-fit holders.<\/p>","copy_font_size":"text-base","brand_image":"shopify:\/\/shop_images\/apple-section2.jpg","button_text_1":"Shop iPad Mounts","button_link_1":"\/collections\/apple-ipad-mounts","btn_type_1":"btn-ram","button_text_2":"","button_link_2":"","btn_type_2":"btn-dark","button_text_3":"","button_link_3":"","btn_type_3":"btn-ram","section_bg_color":"#ffffff"}},"16485795249e42f7ab":{"type":"brand-product","settings":{"text_alignment":"text-left","text_alignment_mobile":"text-left","heading":"MagSafe Mounts","has_underline":true,"desktop_heading_font_size":"md:text-xl","heading_font_size":"text-xl","copy":"<p>Compatible with iPhone 14, iPhone 14 Pro, iPhone 13, iPhone 13 Pro, iPhone 12, and iPhone 12 Pro models is the RAM® Ball Adapter for Apple MagSafe Charger. Take your MagSafe charger in-vehicle by popping it into the RAM® Ball Adapter and pairing with any B size mounting components. Take advantage of the MagSafe's magnetic features by keeping your phone mounted in place while simultaneously charging.<\/p>","copy_font_size":"text-base","brand_image":"shopify:\/\/shop_images\/apple-section4.jpg","button_text_1":"Shop MagSafe","button_link_1":"\/collections\/apple-magsafe-mounts","btn_type_1":"btn-ram","button_text_2":"","button_link_2":"","btn_type_2":"btn-dark","button_text_3":"","button_link_3":"","btn_type_3":"btn-ram","section_bg_color":"#ffffff"}},"165272686895d459bb":{"type":"brand-product","settings":{"text_alignment":"md:text-left","text_alignment_mobile":"text-left","heading":"iPad mini 6 Holders and Mounts","has_underline":true,"desktop_heading_font_size":"md:text-xl","heading_font_size":"text-xl","copy":"<p>The release of the new iPad mini 6 has airplane and helicopter pilots alike itching to get their hands on the new tablet's amazing features. By default, RAM® Mounts has plenty of mounting solutions to go along with the new iPad mini 6. Between the form-fitting RAM® EZ-Roll'r™ Cradle and the universal options available, the countless mounting configurations you can use to customize your iPad mini 6 mount will certainly scratch the itch.<\/p>","copy_font_size":"text-base","brand_image":"shopify:\/\/shop_images\/apple-section5.jpg","button_text_1":"Shop mini 6","button_link_1":"\/collections\/apple-ipad-mounts?pf_mlt_device_make_model=iPad+mini+6&pf_mlt_device_make_model_and_condition=true","btn_type_1":"btn-ram","button_text_2":"Learn More","button_link_2":"\/pages\/apple-ipad-mini-6","btn_type_2":"btn-dark","button_text_3":"","button_link_3":"","btn_type_3":"btn-ram","section_bg_color":"#ffffff"}},"1652727743f432dcb2":{"type":"brand-product","settings":{"text_alignment":"md:text-left","text_alignment_mobile":"text-left","heading":"IntelliSkin® with GDS®","has_underline":true,"desktop_heading_font_size":"md:text-xl","heading_font_size":"text-xl","copy":"<p>Designed for Apple iPad devices, IntelliSkin® is a protective sleeve featuring GDS® Technology™ and military-grade drop protection. The integrated GDS® connector molded directly into the skin and the ruggedized docking contacts on the skin's exterior both protect your iPad's charging port. This helps to extend the life of your iPad as well as making IntelliSkin® compatible with an ecosystem of GDS® Docks and accessories.<\/p>","copy_font_size":"text-base","brand_image":"shopify:\/\/shop_images\/apple-section3_b5490321-e9e0-45e9-866d-475e8e102faf.jpg","button_text_1":"Shop IntelliSkin®","button_link_1":"\/collections\/apple-intelliskin-with-gds","btn_type_1":"btn-ram","button_text_2":"Learn More","button_link_2":"\/pages\/gds-tech","btn_type_2":"btn-dark","button_text_3":"","button_link_3":"","btn_type_3":"btn-ram","section_bg_color":"#ffffff"}},"1648581111639f05ed":{"type":"featured-blogs","disabled":true,"settings":{"heading":"ADVICE & <span>RAM<\/span>SPIRATION","text_desktop_alignment":"md:text-center","heading_font_size_desktop":"sm:text-xl","heading_font_size_mobile":"text-xl","mobile_vertical_padding":"py-0","mobile_horizontal_padding":"px-0","desktop_vertical_padding":"md:py-0","desktop_horizontal_padding":"md:px-0","heading_font_size_desktop_post":"sm:text-lg","article_1":"","article_2":"","article_3":"","full_width":true}}},"order":["164633050094510fa7","16486560366c7b7837","1648577237754fb6a9","1648579274ae6e3e3d","16485795249e42f7ab","165272686895d459bb","1652727743f432dcb2","1648581111639f05ed"]}