{"sections":{"164633050094510fa7":{"type":"hero","settings":{"section_id":"","desktop_image":"shopify:\/\/shop_images\/honeywell-rt10-banner-1.jpg","desktop_image_height":300,"content_desktop_alignment":"md:justify-start","text_desktop_alignment":"md:text-left","desktop_heading":"","desktop_subheading":"","copy":"","heading_tag":"h1","heading_font_size_desktop":"sm:text-5xl","heading_font_size_mobile":"text-3xl","desktop_button_text":"Click Here","desktop_button_link":"","desktop_button_text2":"","desktop_button_link2":"","desktop_text_color":"#ffffff","desktop_subheading_color":"#ffffff","button_bg":"#ffffff","button_hover_bg":"#000000","button_text":"#000000","button_hover_text":"#ffffff","button2_bg":"#ffffff","button2_border_bg":"#ffffff","button2_hover_bg":"#000000","button2_text":"#000000","button2_hover_text":"#ffffff","mobile_image":"shopify:\/\/shop_images\/mobile-honeywell-rt10-banner-1.jpg","mobile_image_height":425,"text_mobile_alignment":"text-left","text_mobile_vertical_alignment":"justify-center","mobile_text_color":"#ffffff","mobile_button_color":"btn"}},"16486560366c7b7837":{"type":"brand-product","settings":{"text_alignment":"md:text-left","text_alignment_mobile":"text-center","heading":"RT10 Tablet Docks","has_underline":false,"desktop_heading_font_size":"md:text-4xl","heading_font_size":"text-2xl","copy":"<p>To conquer everyday tasks in the warehouse, in the field, or on the front lines, RAM® Mounts rugged mounting solutions enable Honeywell’s versatile RT rugged tablets to make the ideal pairing. Explore the new RAM® Power + Data docks for the Honeywell RT10 rugged tablet with many different options to keep your device connected to power and add peripherals to your solution such as scanners, printers, speakers and more.<\/p>","copy_font_size":"text-base","brand_image":"shopify:\/\/shop_images\/honeywell_2e471ea4-c0f1-49c1-bfa4-14d4735aae0f.png","button_text_1":"Shop All","button_link_1":"\/collections\/honeywell-tablet-pc?pf_mlt_brand=RT10&pf_mlt_brand=Honeywell","btn_type_1":"btn-ram","button_text_2":"","button_link_2":"","btn_type_2":"btn-dark","button_text_3":"","button_link_3":"","btn_type_3":"btn-ram","section_bg_color":"#f4f4f6"}},"1648577237754fb6a9":{"type":"brand-product","settings":{"text_alignment":"text-left","text_alignment_mobile":"text-left","heading":"Single & Dual USB Peripheral Data","has_underline":true,"desktop_heading_font_size":"md:text-xl","heading_font_size":"text-xl","copy":"<p>These Honeywell RT10 powered vehicle docks include power and power + data options with single or dual USB connectors for peripheral add-ons. Both types of connectors are hardwired to the dock and centralized within the integrated pogo pin connectors—simply dock the RT10 tablet and the pogo pin connection enables the peripherals.<\/p>","copy_font_size":"text-base","brand_image":"shopify:\/\/shop_images\/section-1_28079b32-7e50-4bb5-88d9-7a2d9c2409dd.jpg","button_text_1":"Shop Single USB","button_link_1":"\/collections\/honeywell-tablet-pc?pf_mlt_brand=RT10&pf_mlt_brand=Honeywell&pf_t_features=Single+Peripheral","btn_type_1":"btn-ram","button_text_2":"Shop Dual USB","button_link_2":"\/collections\/honeywell-tablet-pc?pf_mlt_brand=RT10&pf_mlt_brand=Honeywell&pf_t_features=Dual+Peripheral","btn_type_2":"btn-dark","button_text_3":"","button_link_3":"","btn_type_3":"btn-ram","section_bg_color":"#ffffff"}},"1648579274ae6e3e3d":{"type":"brand-product","settings":{"text_alignment":"text-left","text_alignment_mobile":"text-left","heading":"Key Locking & Combo Locking","has_underline":true,"desktop_heading_font_size":"md:text-xl","heading_font_size":"text-xl","copy":"<p>For added security and theft deterrence, the RAM® Powered Docks for the Honeywell RT10 are available in key-locking and combo-locking. Protect your investment and keep your RT10 locked in its dock.<\/p>","copy_font_size":"text-base","brand_image":"shopify:\/\/shop_images\/section-2_73ef4575-63fb-443a-9a53-838b7e96c5f6.jpg","button_text_1":"Shop Key Locking","button_link_1":"\/collections\/honeywell-tablet-pc?pf_mlt_brand=RT10&pf_mlt_brand=Honeywell&pf_t_features=Key+Locking","btn_type_1":"btn-ram","button_text_2":"Shop Combo Locking","button_link_2":"\/collections\/honeywell-tablet-pc?pf_mlt_brand=RT10&pf_mlt_brand=Honeywell&pf_t_features=Combo+Locking","btn_type_2":"btn-dark","button_text_3":"","button_link_3":"","btn_type_3":"btn-ram","section_bg_color":"#ffffff"}},"16485795249e42f7ab":{"type":"brand-product","settings":{"text_alignment":"text-left","text_alignment_mobile":"text-left","heading":"Accessory Bracket & Cable Management","has_underline":true,"desktop_heading_font_size":"md:text-xl","heading_font_size":"text-xl","copy":"<p>Each tablet dock includes an optional accessory bracket, allowing you to both connect a RAM® 2-hole diamond ball base for additional device mounting and manage a cable system for charge cords, or cords from additional periphals.<\/p>","copy_font_size":"text-base","brand_image":"shopify:\/\/shop_images\/section-3_aa488329-d71f-4d68-9c01-ee3ff7300a27.jpg","button_text_1":"","button_link_1":"","btn_type_1":"btn-ram","button_text_2":"","button_link_2":"","btn_type_2":"btn-dark","button_text_3":"","button_link_3":"","btn_type_3":"btn-ram","section_bg_color":"#ffffff"}},"1648581111639f05ed":{"type":"featured-blogs","disabled":true,"settings":{"heading":"ADVICE & <span>RAM<\/span>SPIRATION","text_desktop_alignment":"md:text-center","heading_font_size_desktop":"sm:text-xl","heading_font_size_mobile":"text-xl","mobile_vertical_padding":"py-0","mobile_horizontal_padding":"px-0","desktop_vertical_padding":"md:py-0","desktop_horizontal_padding":"md:px-0","heading_font_size_desktop_post":"sm:text-lg","article_1":"","article_2":"","article_3":"","full_width":true}}},"order":["164633050094510fa7","16486560366c7b7837","1648577237754fb6a9","1648579274ae6e3e3d","16485795249e42f7ab","1648581111639f05ed"]}