{"sections":{"164633050094510fa7":{"type":"hero","settings":{"section_id":"","desktop_image":"shopify:\/\/shop_images\/devices.jpg","desktop_image_height":300,"content_desktop_alignment":"md:justify-start","text_desktop_alignment":"md:text-left","desktop_heading":"","desktop_subheading":"","copy":"","heading_tag":"h1","heading_font_size_desktop":"sm:text-5xl","heading_font_size_mobile":"text-3xl","desktop_button_text":"Click Here","desktop_button_link":"","desktop_button_text2":"","desktop_button_link2":"","desktop_text_color":"#ffffff","desktop_subheading_color":"#ffffff","button_bg":"#ffffff","button_hover_bg":"#000000","button_text":"#000000","button_hover_text":"#ffffff","button2_bg":"#ffffff","button2_border_bg":"#ffffff","button2_hover_bg":"#000000","button2_text":"#000000","button2_hover_text":"#ffffff","mobile_image":"shopify:\/\/shop_images\/devices_0d096aaf-3b5c-4d62-8465-31cbb824b6b4.jpg","mobile_image_height":425,"text_mobile_alignment":"text-left","text_mobile_vertical_alignment":"justify-center","mobile_text_color":"#ffffff","mobile_button_color":"btn"}},"165558650311dcca9b":{"type":"title-section-with-button","settings":{"text_alignment":"md:text-left","text_alignment_mobile":"text-left","heading":"Device Mounts","desktop_heading_font_size":"md:text-3xl","heading_font_size":"text-xl","copy":"<p>RAM® Mounts provides mounting solutions for a wide range of devices and applications. The modularity of the RAM® ball and socket system allows you to utilize many of the same components to mount several different devices in several different environments. Choose your device below, and start exploring the top mounting solutions from RAM® Mounts.<\/p>","copy_font_size":"text-base","btn_label":"","btn_url":"","btn_type":"btn-ram","section_bg_color":"#f4f4f6"}},"1655758627a5725b67":{"type":"ram-images-with-title","blocks":{"165575862790c9fe61-0":{"type":"image_icon","settings":{"image":"shopify:\/\/shop_images\/phone-mounts.png","text":"<p>Phone Mounts<\/p>","url":"\/pages\/phone-mounts","desktop_text_font_size":"md:text-lg","mobile_text_font_size":"text-lg"}},"165575862790c9fe61-1":{"type":"image_icon","settings":{"image":"shopify:\/\/shop_images\/tablet-mounts.png","text":"<p>Tablet Mounts<\/p>","url":"\/pages\/tablet-mounts","desktop_text_font_size":"md:text-lg","mobile_text_font_size":"text-lg"}},"165575862790c9fe61-2":{"type":"image_icon","settings":{"image":"shopify:\/\/shop_images\/camera-mounts.jpg","text":"<p>Camera Mounts<\/p>","url":"\/pages\/camera-mounts","desktop_text_font_size":"md:text-lg","mobile_text_font_size":"text-lg"}},"165575862790c9fe61-3":{"type":"image_icon","settings":{"image":"shopify:\/\/shop_images\/laptop-mounts_adf8ecbb-c450-4849-8ca1-5246d1db5399.jpg","text":"<p>Laptop Mounts<\/p>","url":"\/pages\/laptop-mounts","desktop_text_font_size":"md:text-lg","mobile_text_font_size":"text-lg"}},"7fd86194-1180-4894-be1a-a6a50bdbaac3":{"type":"image_icon","settings":{"image":"shopify:\/\/shop_images\/gps-mounts.png","text":"<p>GPS Mounts<\/p>","url":"\/pages\/gps-mounts","desktop_text_font_size":"md:text-lg","mobile_text_font_size":"text-lg"}},"c6153585-9daa-40a1-a73a-418882415673":{"type":"image_icon","settings":{"image":"shopify:\/\/shop_images\/fishfinder-mounts.jpg","text":"<p>Fishfinder Mounts<\/p>","url":"\/pages\/device-fishfinder-mounts","desktop_text_font_size":"md:text-lg","mobile_text_font_size":"text-lg"}},"e58d8f04-2d30-4672-9b2d-5cfb6ea00f91":{"type":"image_icon","settings":{"image":"shopify:\/\/shop_images\/printer-mounts.jpg","text":"<p>Printer Mounts<\/p>","url":"\/pages\/printer-mounts","desktop_text_font_size":"md:text-lg","mobile_text_font_size":"text-lg"}}},"block_order":["165575862790c9fe61-0","165575862790c9fe61-1","165575862790c9fe61-2","165575862790c9fe61-3","7fd86194-1180-4894-be1a-a6a50bdbaac3","c6153585-9daa-40a1-a73a-418882415673","e58d8f04-2d30-4672-9b2d-5cfb6ea00f91"],"settings":{"section_bg_color":"#ffffff","section_class":"","full_width":false,"red_line":true,"enable_slider":false,"slider_speed":2,"slider_slides":4,"desktop_per_row":"w-1\/4","mobile_per_row":"w-1\/2","justify_items":"justify-center","icon_space":"0","icon_height":150,"icon_size":200,"icon_font_size":"text-xl","icon_font_family":"font-heading","icon_text_space":20,"mobile_vertical_padding":"py-8","mobile_horizontal_padding":"px-8","desktop_vertical_padding":"md:py-12","desktop_horizontal_padding":"md:px-8","heading":"<p>RAM® MOUNTS FOR<\/p>","copy":"","heading_font_family":"font-heading","copy_font_family":"font-body","heading_bottom_spacing":40,"copy_bottom_spacing":16,"text_alignment":"text-center","desktop_heading_font_size":"md:text-2xl","desktop_copy_font_size":"md:text-xl","mobile_heading_font_size":"text-xl","mobile_copy_font_size":"text-base"}},"1648581111639f05ed":{"type":"featured-blogs","disabled":true,"settings":{"heading":"ADVICE & <span>RAM<\/span>SPIRATION","text_desktop_alignment":"md:text-center","heading_font_size_desktop":"sm:text-xl","heading_font_size_mobile":"text-xl","mobile_vertical_padding":"py-0","mobile_horizontal_padding":"px-0","desktop_vertical_padding":"md:py-0","desktop_horizontal_padding":"md:px-0","heading_font_size_desktop_post":"sm:text-lg","article_1":"","article_2":"","article_3":"","full_width":true}}},"order":["164633050094510fa7","165558650311dcca9b","1655758627a5725b67","1648581111639f05ed"]}