{"sections":{"164633050094510fa7":{"type":"hero","settings":{"section_id":"","desktop_image":"shopify:\/\/shop_images\/lilbuddy.jpg","desktop_image_height":300,"content_desktop_alignment":"md:justify-start","text_desktop_alignment":"md:text-left","desktop_heading":"","desktop_subheading":"","copy":"","heading_tag":"h1","heading_font_size_desktop":"sm:text-5xl","heading_font_size_mobile":"text-3xl","desktop_button_text":"Click Here","desktop_button_link":"","desktop_button_text2":"","desktop_button_link2":"","desktop_text_color":"#ffffff","desktop_subheading_color":"#ffffff","button_bg":"#ffffff","button_hover_bg":"#000000","button_text":"#000000","button_hover_text":"#ffffff","button2_bg":"#ffffff","button2_border_bg":"#ffffff","button2_hover_bg":"#000000","button2_text":"#000000","button2_hover_text":"#ffffff","mobile_image":"shopify:\/\/shop_images\/lilbuddy_d02c913d-07be-474d-bbb6-cb2a81e37b26.jpg","mobile_image_height":425,"text_mobile_alignment":"text-left","text_mobile_vertical_alignment":"justify-center","mobile_text_color":"#ffffff","mobile_button_color":"btn"}},"16486560366c7b7837":{"type":"brand-product","settings":{"text_alignment":"md:text-left","text_alignment_mobile":"text-left","heading":"RAM® Lil Buddy™","has_underline":false,"desktop_heading_font_size":"md:text-4xl","heading_font_size":"text-2xl","copy":"<p>The RAM® Lil Buddy™ is the best way to achieve a low-profile dashboard mounting option for phones and other handheld devices. When there is less need for adjustability, while still keeping a sleek, simple design, RAM® offers mounts to meet all user preferences. Shop all RAM® Lil Buddy™ below.<\/p>","copy_font_size":"text-base","brand_image":"shopify:\/\/shop_images\/RAP-SB-180-UN7UIU3.jpg","button_text_1":"Shop All RAM® Lil Buddy™","button_link_1":"shopify:\/\/collections\/ram-lil-buddy-phone-mounts","btn_type_1":"btn-ram","button_text_2":"","button_link_2":"","btn_type_2":"btn-dark","button_text_3":"","button_link_3":"","btn_type_3":"btn-ram","section_bg_color":"#f4f4f6"}},"1648577237754fb6a9":{"type":"brand-product","settings":{"text_alignment":"text-left","text_alignment_mobile":"text-left","heading":"Universal Mount","has_underline":true,"desktop_heading_font_size":"md:text-xl","heading_font_size":"text-xl","copy":"<p>Utilize any RAM® Snap-Link™ ball mount with the RAM® Lil Buddy™. This universal mount allows you to swap out cradles and holders, so you can upgrade phones or switch to mounting a GPS device without having to buy an entirely new mounting system.<\/p>","copy_font_size":"text-base","brand_image":"shopify:\/\/shop_images\/lilbuddy-section1.jpg","button_text_1":"Shop Now","button_link_1":"shopify:\/\/products\/rap-sb-180u","btn_type_1":"btn-ram","button_text_2":"","button_link_2":"","btn_type_2":"btn-dark","button_text_3":"","button_link_3":"","btn_type_3":"btn-ram","section_bg_color":"#ffffff"}},"1648579274ae6e3e3d":{"type":"brand-product","settings":{"text_alignment":"text-left","text_alignment_mobile":"text-left","heading":"Phone Mounts","has_underline":true,"desktop_heading_font_size":"md:text-xl","heading_font_size":"text-xl","copy":"<p>The RAM® Lil Buddy™ phone mount is minimalist in design yet incredibly useful. Using an adhesive disk, put the Lil Buddy™ practically anywhere you want easy access to your phone. Designed with a very small foot print, finding a home on your dash or console is easy. The spring-loaded RAM® X-Grip® expands and contracts, allowing for a perfect fit of your phone.<\/p>","copy_font_size":"text-base","brand_image":"shopify:\/\/shop_images\/lilbuddy-section2.jpg","button_text_1":"Shop Phone Mounts","button_link_1":"shopify:\/\/collections\/ram-lil-buddy-phone-mounts","btn_type_1":"btn-ram","button_text_2":"","button_link_2":"","btn_type_2":"btn-dark","button_text_3":"","button_link_3":"","btn_type_3":"btn-ram","section_bg_color":"#ffffff"}},"16485795249e42f7ab":{"type":"brand-product","settings":{"text_alignment":"text-left","text_alignment_mobile":"text-left","heading":"GPS Mounts","has_underline":true,"desktop_heading_font_size":"md:text-xl","heading_font_size":"text-xl","copy":"<p>When it comes to mounting navigation devices, the RAM® Lil Buddy™ is your best friend. Pair it with any RAM® form-fit GPS holder to create a clean, secure, and low-profile vehicle mount.<\/p>","copy_font_size":"text-base","brand_image":"shopify:\/\/shop_images\/lilbuddy-section3.jpg","button_text_1":"Shop GPS Mounts","button_link_1":"shopify:\/\/collections\/ram-lil-buddy-gps-mounts","btn_type_1":"btn-ram","button_text_2":"","button_link_2":"","btn_type_2":"btn-dark","button_text_3":"","button_link_3":"","btn_type_3":"btn-ram","section_bg_color":"#ffffff"}},"1648581111639f05ed":{"type":"featured-blogs","disabled":true,"settings":{"heading":"ADVICE & <span>RAM<\/span>SPIRATION","text_desktop_alignment":"md:text-center","heading_font_size_desktop":"sm:text-xl","heading_font_size_mobile":"text-xl","mobile_vertical_padding":"py-0","mobile_horizontal_padding":"px-0","desktop_vertical_padding":"md:py-0","desktop_horizontal_padding":"md:px-0","heading_font_size_desktop_post":"sm:text-lg","article_1":"","article_2":"","article_3":"","full_width":true}}},"order":["164633050094510fa7","16486560366c7b7837","1648577237754fb6a9","1648579274ae6e3e3d","16485795249e42f7ab","1648581111639f05ed"]}