{"sections":{"164633050094510fa7":{"type":"hero","settings":{"section_id":"","desktop_image":"shopify:\/\/shop_images\/Panasonic_Banner.jpg","line_color":"#cd1e27","desktop_image_height":300,"content_desktop_alignment":"md:justify-start","text_desktop_alignment":"md:text-left","desktop_heading":"","desktop_subheading":"","copy":"","heading_tag":"h1","heading_font_size_desktop":"sm:text-5xl","heading_font_size_mobile":"text-3xl","desktop_button_text":"Click Here","desktop_button_link":"","desktop_button_text2":"","desktop_button_link2":"","desktop_text_color":"#ffffff","desktop_subheading_color":"#ffffff","button_bg":"#ffffff","button_hover_bg":"#000000","button_text":"#000000","button_hover_text":"#ffffff","button2_bg":"#ffffff","button2_border_bg":"#ffffff","button2_hover_bg":"#000000","button2_text":"#000000","button2_hover_text":"#ffffff","mobile_image":"shopify:\/\/shop_images\/mobile-panasonic-banner_8c2f7b82-92f5-4ffc-94f6-76451f9e5707.jpg","mobile_image_height":425,"text_mobile_alignment":"text-left","text_mobile_vertical_alignment":"justify-center","mobile_text_color":"#ffffff","mobile_button_color":"btn"}},"16486560366c7b7837":{"type":"brand-product","settings":{"text_alignment":"md:text-left","text_alignment_mobile":"text-center","heading":"Panasonic","has_underline":false,"desktop_heading_font_size":"md:text-4xl","heading_font_size":"text-2xl","copy":"<p>RAM® Mounts offers premium solutions for a variety of rugged Panasonic Toughbook® and Toughpad® devices including handheld PCs, tablets and laptops. Utilizing our form-fitting cradle design, securing your device wherever you need it has never been easier. The versatility of RAM® systems allow you to efficiently move your device between your car, desk, forklift, and much more. Allowing for near-infinite adjustability as well as vibration damping, the RAM® double ball and socket system provides maximum versatility and helps to extend the life of these devices. Explore the full line of Panasonic device mounts below.<\/p>","copy_font_size":"text-base","brand_image":"shopify:\/\/shop_images\/panasonic-logo.png","button_text_1":"Shop All Panasonic","button_link_1":"\/collections\/panasonic-handheld","btn_type_1":"btn-ram","button_text_2":"","button_link_2":"","btn_type_2":"btn-dark","button_text_3":"","button_link_3":"","btn_type_3":"btn-ram","section_bg_color":"#f4f4f6"}},"9185dd5b-f682-4a9b-859a-21421829b12d":{"type":"brand-product","settings":{"text_alignment":"md:text-left","text_alignment_mobile":"text-left","heading":"FZ-A3 Powered Docks","has_underline":true,"desktop_heading_font_size":"md:text-xl","heading_font_size":"text-xl","copy":"<p>The newest Panasonic rugged tablet is now RAM® Mounts Compatible™ with form-fit powered docks—available in locking and non-locking variations. Ideal for markets including warehousing, logistics, transportation, and retail, this TOUGHBOOK® has an outdoor-viewable display and functions in  the rain and even with gloved hands. Pair this tablet with RAM® mounting components for an ultra-rugged solution.<\/p>","copy_font_size":"text-base","brand_image":"shopify:\/\/shop_images\/RAM-HOL-PAN16LU.jpg","button_text_1":"Learn More","button_link_1":"https:\/\/rammount.com\/pages\/panasonic-fz-a3","btn_type_1":"btn-dark","button_text_2":"","button_link_2":"","btn_type_2":"btn-dark","button_text_3":"","button_link_3":"","btn_type_3":"btn-ram","section_bg_color":"#ffffff"}},"1648577237754fb6a9":{"type":"brand-product","settings":{"text_alignment":"text-left","text_alignment_mobile":"text-left","heading":"Handheld Holders","has_underline":true,"desktop_heading_font_size":"md:text-xl","heading_font_size":"text-xl","copy":"<p>Featuring powered, non-powered, combination and key locking variations, these rugged cradles are designed to get the job done in the field while keeping your device charged and secure from theft. Each form-fit cradle is RAM® Mounts Compatible™ and can be expanded with any B or C size diamond base, double ball mount, and any base for your desired mounting location. Available for select Panasonic Handheld Computers, including the Panasonic FZ-N1, FZ-F1 and FZ-T1.<\/p>","copy_font_size":"text-base","brand_image":"shopify:\/\/shop_images\/panasonic-section1.jpg","button_text_1":"Shop Handheld Holders","button_link_1":"\/collections\/panasonic-handheld","btn_type_1":"btn-ram","button_text_2":"","button_link_2":"","btn_type_2":"btn-dark","button_text_3":"","button_link_3":"","btn_type_3":"btn-ram","section_bg_color":"#ffffff"}},"1648579274ae6e3e3d":{"type":"brand-product","settings":{"text_alignment":"text-left","text_alignment_mobile":"text-left","heading":"Tablet Holders","has_underline":true,"desktop_heading_font_size":"md:text-xl","heading_font_size":"text-xl","copy":"<p>To conquer everyday tasks in the warehouse, in the field, or on the front lines, RAM® Mounts rugged mounting solutions enable Panasonic's rugged tablets to increase mobility and performance. Explore the RAM® X-Grip®, RAM® Tab-Tite™ and RAM® Tab-Lock™ product lines to find a multitude of universal and locking options for Toughbook® and Toughpad®.<\/p>","copy_font_size":"text-base","brand_image":"shopify:\/\/shop_images\/panasonic-section2.jpg","button_text_1":"Shop Tablet Holders","button_link_1":"\/collections\/panasonic-tablet","btn_type_1":"btn-ram","button_text_2":"","button_link_2":"","btn_type_2":"btn-dark","button_text_3":"","button_link_3":"","btn_type_3":"btn-ram","section_bg_color":"#ffffff"}},"16485795249e42f7ab":{"type":"brand-product","settings":{"text_alignment":"text-left","text_alignment_mobile":"text-left","heading":"Toughbook® Laptop Trays","has_underline":true,"desktop_heading_font_size":"md:text-xl","heading_font_size":"text-xl","copy":"<p>Toughbook® laptop mounting solutions from RAM® Mounts are the top choice for securing laptops in make\/model specific cars, trucks, vans, fleet vehicles, and more. Choose from several popular solutions, including RAM® No-Drill™, drill-down, RAM® Pod™, and RAM® Seat-Mate™ options. Depend on RAM® vehicle laptop mounts to deliver durability that protects your investment while providing functionality so you can get the job done.<\/p>","copy_font_size":"text-base","brand_image":"shopify:\/\/shop_images\/panasonic-section3_6227559d-11a4-442d-b850-046b113ae8d2.jpg","button_text_1":"Shop Laptop Mounts","button_link_1":"\/collections\/panasonic-laptop","btn_type_1":"btn-ram","button_text_2":"","button_link_2":"","btn_type_2":"btn-dark","button_text_3":"","button_link_3":"","btn_type_3":"btn-ram","section_bg_color":"#ffffff"}},"1648581111639f05ed":{"type":"featured-blogs","disabled":true,"settings":{"heading":"ADVICE & <span>RAM<\/span>SPIRATION","text_desktop_alignment":"md:text-center","heading_font_size_desktop":"sm:text-xl","heading_font_size_mobile":"text-xl","mobile_vertical_padding":"py-0","mobile_horizontal_padding":"px-0","desktop_vertical_padding":"md:py-0","desktop_horizontal_padding":"md:px-0","heading_font_size_desktop_post":"sm:text-lg","article_1":"","article_2":"","article_3":"","full_width":true}}},"order":["164633050094510fa7","16486560366c7b7837","9185dd5b-f682-4a9b-859a-21421829b12d","1648577237754fb6a9","1648579274ae6e3e3d","16485795249e42f7ab","1648581111639f05ed"]}