{"sections":{"164633050094510fa7":{"type":"hero","settings":{"section_id":"","desktop_image":"shopify:\/\/shop_images\/toughtrack.jpg","line_color":"#cd1e27","desktop_image_height":300,"content_desktop_alignment":"md:justify-start","text_desktop_alignment":"md:text-left","desktop_heading":"","desktop_subheading":"","copy":"","heading_tag":"h1","heading_font_size_desktop":"sm:text-5xl","heading_font_size_mobile":"text-3xl","desktop_button_text":"Click Here","desktop_button_link":"","desktop_button_text2":"","desktop_button_link2":"","desktop_text_color":"#ffffff","desktop_subheading_color":"#ffffff","button_bg":"#ffffff","button_hover_bg":"#000000","button_text":"#000000","button_hover_text":"#ffffff","button2_bg":"#ffffff","button2_border_bg":"#ffffff","button2_hover_bg":"#000000","button2_text":"#000000","button2_hover_text":"#ffffff","mobile_image":"shopify:\/\/shop_images\/toughtrack_bc71d000-deda-42e6-960d-50de3759d5fd.jpg","mobile_image_height":425,"text_mobile_alignment":"text-left","text_mobile_vertical_alignment":"justify-center","mobile_text_color":"#ffffff","mobile_button_color":"btn"}},"16486560366c7b7837":{"type":"brand-product","settings":{"text_alignment":"md:text-left","text_alignment_mobile":"text-left","heading":"RAM® Tough-Track™","has_underline":false,"desktop_heading_font_size":"md:text-4xl","heading_font_size":"text-2xl","copy":"<p>Using a track mounting system is a clean, clever, and innovative way to mount multiple devices in virtually any application. The RAM® Tough-Track™ takes this innovation to the next level by offering a center access point for your track components and multiple track lengths to accommodate your desired mounting surface. Whether you’re mounting to an ATV, powerboat, or truck, the RAM® Tough-Track™ will add immense value to your vehicle or workstation.<\/p>","copy_font_size":"text-base","brand_image":"shopify:\/\/shop_images\/RAM-TRACK-EXA-9BUIU3.jpg","button_text_1":"Shop All RAM® Tough-Track™","button_link_1":"\/collections\/ram-tough-track-modular-aluminum","btn_type_1":"btn-ram","button_text_2":"","button_link_2":"","btn_type_2":"btn-dark","button_text_3":"","button_link_3":"","btn_type_3":"btn-ram","section_bg_color":"#f4f4f6"}},"1648577237754fb6a9":{"type":"brand-product","settings":{"text_alignment":"text-left","text_alignment_mobile":"text-left","heading":"Modular Aluminum","has_underline":true,"desktop_heading_font_size":"md:text-xl","heading_font_size":"text-xl","copy":"<p>Available in black and in silver, the modular aluminum version of the RAM® Tough-Track™ can be drilled to any flat surface and is designed for use with #8 screws for easy installation – hardware not included. Engineered to be a dependable and rugged mounting solution, the anodized aluminum provides a smooth slide across the track and anti-corrosion protection. With the use of a center or 90-degree top-loading extension, configure your track system to virtually any desired length and placement.<\/p>","copy_font_size":"text-base","brand_image":"shopify:\/\/shop_images\/toughtrack-section1.jpg","button_text_1":"Shop Modular Aluminum","button_link_1":"\/collections\/ram-tough-track-modular-aluminum","btn_type_1":"btn-ram","button_text_2":"","button_link_2":"","btn_type_2":"btn-dark","button_text_3":"","button_link_3":"","btn_type_3":"btn-ram","section_bg_color":"#ffffff"}},"1648579274ae6e3e3d":{"type":"brand-product","settings":{"text_alignment":"text-left","text_alignment_mobile":"text-left","heading":"Top-Loading Composite","has_underline":true,"desktop_heading_font_size":"md:text-xl","heading_font_size":"text-xl","copy":"<p>The top-loading composite version of the RAM® Tough-Track™ features mounting holes adjacent to the track, offering reinforced security for stable mounting. Compatible with a wide variety of RAM® track bases, this track mounting solution can easily be drilled to any flat surface.<\/p>","copy_font_size":"text-base","brand_image":"shopify:\/\/shop_images\/toughtrack-section2.jpg","button_text_1":"Shop Top-Loading Composite","button_link_1":"\/collections\/ram-tough-track-top-loading-composite","btn_type_1":"btn-ram","button_text_2":"","button_link_2":"","btn_type_2":"btn-dark","button_text_3":"","button_link_3":"","btn_type_3":"btn-ram","section_bg_color":"#ffffff"}},"1648581111639f05ed":{"type":"featured-blogs","disabled":true,"settings":{"heading":"ADVICE & <span>RAM<\/span>SPIRATION","text_desktop_alignment":"md:text-center","heading_font_size_desktop":"sm:text-xl","heading_font_size_mobile":"text-xl","mobile_vertical_padding":"py-0","mobile_horizontal_padding":"px-0","desktop_vertical_padding":"md:py-0","desktop_horizontal_padding":"md:px-0","heading_font_size_desktop_post":"sm:text-lg","article_1":"","article_2":"","article_3":"","full_width":true}},"1652905403c8371fdb":{"type":"brand-product","settings":{"text_alignment":"md:text-left","text_alignment_mobile":"text-left","heading":"Dash Track for '18-23 Jeep JL, JLU, & Gladiator","has_underline":true,"desktop_heading_font_size":"md:text-xl","heading_font_size":"text-xl","copy":"<p>With the first vehicle-specific RAM® Tough-Track™, easily create an ideal dash mount in compatible Jeep models that's perfect for overland and off road enthusiasts. This kit includes a top-loading composite 12\" RAM® Tough-Track™ for securing phones, small tablets, GPS units, and more.<\/p>","copy_font_size":"text-base","brand_image":"shopify:\/\/shop_images\/toughtrack-dash-track.jpg","button_text_1":"Shop Jeep Dash Track","button_link_1":"shopify:\/\/products\/ram-dt-204-track-a12u","btn_type_1":"btn-ram","button_text_2":"Learn More","button_link_2":"\/pages\/jeep-dash-track","btn_type_2":"btn-dark","button_text_3":"","button_link_3":"","btn_type_3":"btn-ram","section_bg_color":"#ffffff"}},"1652906804781625f9":{"type":"brand-product","settings":{"text_alignment":"md:text-left","text_alignment_mobile":"text-left","heading":"RAM® Tough-Track™ for Rails","has_underline":true,"desktop_heading_font_size":"md:text-xl","heading_font_size":"text-xl","copy":"<p>Available in three different lengths and two different widths, this version of the RAM® Tough-Track™ is ideal for creating a track mounting surface via tubes, bars, and rails. The varying track sizes can accommodate rails from .625” to 2.625” in diameter and are compatible with a wide range of RAM®track mounts and components.<\/p>","copy_font_size":"text-base","brand_image":"shopify:\/\/shop_images\/toughtrack-section6.jpg","button_text_1":"Shop Tough-Track™ for Rails","button_link_1":"\/collections\/ram-tough-track-modular-aluminum","btn_type_1":"btn-ram","button_text_2":"","button_link_2":"","btn_type_2":"btn-dark","button_text_3":"","button_link_3":"","btn_type_3":"btn-ram","section_bg_color":"#ffffff"}},"1652912974152baab4":{"type":"brand-product","settings":{"text_alignment":"md:text-left","text_alignment_mobile":"text-left","heading":"RAM® Hand-Track™","has_underline":true,"desktop_heading_font_size":"md:text-xl","heading_font_size":"text-xl","copy":"<p>Available in lengths ranging from 4\" to 30\", the RAM® Hand-Track™ is an ideal track and handrail solution for ATVs, boats, kayaks and more. Compatible with all RAM track mounts, the Hand-Track includes two top-loading end caps for attaching to a flat surface. To combine multiple tracks, pair with any top-loading Hand-Track Extension with Center Connector.<\/p>","copy_font_size":"text-base","brand_image":"shopify:\/\/shop_images\/toughtrack-section4.jpg","button_text_1":"Shop RAM® Hand-Track™","button_link_1":"\/collections\/ram-tough-track-hand-track","btn_type_1":"btn-ram","button_text_2":"","button_link_2":"","btn_type_2":"btn-dark","button_text_3":"","button_link_3":"","btn_type_3":"btn-ram","section_bg_color":"#ffffff"}},"16529135634b9287d2":{"type":"brand-product","settings":{"text_alignment":"md:text-left","text_alignment_mobile":"text-left","heading":"End-Loading Composite","has_underline":true,"desktop_heading_font_size":"md:text-xl","heading_font_size":"text-xl","copy":"<p>For the most cost effective track mounting solution, check out the end-loading composite version of the RAM® Tough-Track™. Tapered ends do away with the use of end caps and allow for stress-free insertion and removal of track bases. The hardware fits in a sunken channel so the T-Bolt on the underside of track bases won’t be obstructed when sliding across the track.<\/p>","copy_font_size":"text-base","brand_image":"shopify:\/\/shop_images\/toughtrack-section3.jpg","button_text_1":"Shop End-Loading Composite","button_link_1":"\/collections\/ram-tough-track-end-loading-composite","btn_type_1":"btn-ram","button_text_2":"","button_link_2":"","btn_type_2":"btn-dark","button_text_3":"","button_link_3":"","btn_type_3":"btn-ram","section_bg_color":"#ffffff"}},"16529136456999b49c":{"type":"brand-product","settings":{"text_alignment":"md:text-left","text_alignment_mobile":"text-left","heading":"Track Mounts","has_underline":true,"desktop_heading_font_size":"md:text-xl","heading_font_size":"text-xl","copy":"<p>RAM® track mounting components and accessories are compatible with virtually any track system on the market, including all versions of the RAM® Tough-Track™. Whether you’re adding a full kit or individual components, RAM® offers a wide variety of solutions for connecting nearly any device.<\/p>","copy_font_size":"text-base","brand_image":"shopify:\/\/shop_images\/toughtrack-section5.jpg","button_text_1":"Shop Track Mounts","button_link_1":"\/collections\/ram-tough-track-track-mounts","btn_type_1":"btn-ram","button_text_2":"","button_link_2":"","btn_type_2":"btn-dark","button_text_3":"","button_link_3":"","btn_type_3":"btn-ram","section_bg_color":"#ffffff"}}},"order":["164633050094510fa7","16486560366c7b7837","1648577237754fb6a9","1648579274ae6e3e3d","1648581111639f05ed","1652905403c8371fdb","1652906804781625f9","1652912974152baab4","16529135634b9287d2","16529136456999b49c"]}