{"sections":{"164633050094510fa7":{"type":"hero","settings":{"section_id":"","desktop_image":"shopify:\/\/shop_images\/samsung-galaxy-xcoverpro.jpg","desktop_image_height":300,"content_desktop_alignment":"md:justify-start","text_desktop_alignment":"md:text-left","desktop_heading":"","desktop_subheading":"","copy":"","heading_tag":"h1","heading_font_size_desktop":"sm:text-5xl","heading_font_size_mobile":"text-3xl","desktop_button_text":"Click Here","desktop_button_link":"","desktop_button_text2":"","desktop_button_link2":"","desktop_text_color":"#ffffff","desktop_subheading_color":"#ffffff","button_bg":"#ffffff","button_hover_bg":"#000000","button_text":"#000000","button_hover_text":"#ffffff","button2_bg":"#ffffff","button2_border_bg":"#ffffff","button2_hover_bg":"#000000","button2_text":"#000000","button2_hover_text":"#ffffff","mobile_image":"shopify:\/\/shop_images\/mobile-samsung-galaxy-xcoverpro.jpg","mobile_image_height":425,"text_mobile_alignment":"text-left","text_mobile_vertical_alignment":"justify-center","mobile_text_color":"#ffffff","mobile_button_color":"btn"}},"16486560366c7b7837":{"type":"brand-product","settings":{"text_alignment":"md:text-left","text_alignment_mobile":"text-center","heading":"XCover Pro","has_underline":false,"desktop_heading_font_size":"md:text-4xl","heading_font_size":"text-2xl","copy":"<p>Always supporting the newest Samsung devices, RAM® Mounts has you covered with a range of protective skins, powered docks and cradles for the Samsung Galaxy XCover Pro. Turn to the IntelliSkin® sleeve for use with existing products in the GDS® Ecosystem™, or take advantage of a variety of powered cradles and docks to keep the XCover Pro charged and secure while on the go and in the warehouse.<\/p>","copy_font_size":"text-base","brand_image":"shopify:\/\/shop_images\/ezgif.com-gif-maker.png","button_text_1":"Shop All XCover Pro","button_link_1":"\/collections\/samsung-galaxy-phone-mounts?pf_mlt_device_make_model=XCover+Pro&pf_mlt_device_make_model=Samsung&pf_mlt_device_make_model_and_condition=true&sort=extra-sort1-descending","btn_type_1":"btn-ram","button_text_2":"","button_link_2":"","btn_type_2":"btn-dark","button_text_3":"","button_link_3":"","btn_type_3":"btn-ram","section_bg_color":"#f4f4f6"}},"1648577237754fb6a9":{"type":"brand-product","settings":{"text_alignment":"text-left","text_alignment_mobile":"text-left","heading":"RAM® EZ-Roll'r™ Powered Holders","has_underline":true,"desktop_heading_font_size":"md:text-xl","heading_font_size":"text-xl","copy":"<p>These RAM® EZ-Roll'r™ powered cradles create easy-to-use Samsung Galaxy XCover Pro mounts for a variety of environments and applications while delivering charging capabilities all-in-one. RAM® Mounts also offers an OtterBox uniVERSE compatible version for the XCover Pro in an OtterBox uniVERSE case. Explore all the RAM® EZ-Roll'r™ Powered XCover Pro mounts, below.<\/p>","copy_font_size":"text-base","brand_image":"shopify:\/\/shop_images\/xcoverpro-section1.jpg","button_text_1":"Shop Powered Holders","button_link_1":"\/collections\/samsung-galaxy-phone-mounts?pf_mlt_device_make_model=XCover+Pro&pf_mlt_device_make_model=Samsung&pf_mlt_device_make_model_and_condition=true&pf_t_features=Powered&sort=extra-sort1-descending","btn_type_1":"btn-ram","button_text_2":"","button_link_2":"","btn_type_2":"btn-dark","button_text_3":"","button_link_3":"","btn_type_3":"btn-ram","section_bg_color":"#ffffff"}},"1648579274ae6e3e3d":{"type":"brand-product","settings":{"text_alignment":"text-left","text_alignment_mobile":"text-left","heading":"RAM® EZ-Roll'r™ Form-Fit Holder","has_underline":true,"desktop_heading_font_size":"md:text-xl","heading_font_size":"text-xl","copy":"<p>For an easy one-handed operated XCover Pro mount, look no further than the RAM® EZ-Roll'r™ form-fit cradle. Designed to fit the Samsung Galaxy XCover Pro specifically, this cradle keeps your device secure from all points while maintaining visibility of the screen, and access to the ports and buttons.<\/p>","copy_font_size":"text-base","brand_image":"shopify:\/\/shop_images\/xcoverpro-section2.jpg","button_text_1":"Shop Form-Fit Holders","button_link_1":"\/collections\/samsung-galaxy-phone-mounts?pf_mlt_device_make_model=XCover+Pro&pf_mlt_device_make_model=Samsung&pf_mlt_device_make_model_and_condition=true&pf_t_features=Custom+Form-Fit&sort=extra-sort1-descending","btn_type_1":"btn-ram","button_text_2":"","button_link_2":"","btn_type_2":"btn-dark","button_text_3":"","button_link_3":"","btn_type_3":"btn-ram","section_bg_color":"#ffffff"}},"16485795249e42f7ab":{"type":"brand-product","settings":{"text_alignment":"text-left","text_alignment_mobile":"text-left","heading":"IntelliSkin® with GDS® Tech™","has_underline":true,"desktop_heading_font_size":"md:text-xl","heading_font_size":"text-xl","copy":"<p>Fully integrated into the GDS® Ecosystem™, RAM® Mounts has developed enterprise-ready solutions for the Samsung Galaxy XCover Pro, utilizing IntelliSkin®and GDS® Technology™. Whether on the road or in the warehouse, RAM® offers plug and play mounting solutions for your fleet.<\/p>","copy_font_size":"text-base","brand_image":"shopify:\/\/shop_images\/xcoverpro-section3.jpg","button_text_1":"Shop IntelliSkin®","button_link_1":"\/collections\/samsung-intelliskin-with-gds\/products\/ram-gds-skin-sam59","btn_type_1":"btn-ram","button_text_2":"","button_link_2":"","btn_type_2":"btn-dark","button_text_3":"","button_link_3":"","btn_type_3":"btn-ram","section_bg_color":"#ffffff"}},"16485796764a4ab8f8":{"type":"brand-product","settings":{"text_alignment":"text-left","text_alignment_mobile":"text-left","heading":"RAM® 6-Port Charging Docks","has_underline":true,"desktop_heading_font_size":"md:text-xl","heading_font_size":"text-xl","copy":"<p>Whether you are in the museum, education, retail, warehouse and\/or manufacturing business, RAM®  Mounts supplies mass charging solutions for not only the Samsung Galaxy XCover Pro, but any Samsung device in an IntelliSkin® protective sleeve. The docking solutions can be customized to suite your needs and capacity of devices you are working with.<\/p>","copy_font_size":"text-base","brand_image":"shopify:\/\/shop_images\/xcoverpro-section4.jpg","button_text_1":"Shop Charging Docks","button_link_1":"\/collections\/samsung-galaxy-phone-mounts?pf_mlt_device_make_model=XCover+Pro&pf_mlt_device_make_model=Samsung&pf_mlt_device_make_model_and_condition=true&pf_t_mount_function=Stand%2FPlatform&sort=extra-sort1-descending","btn_type_1":"btn-ram","button_text_2":"","button_link_2":"","btn_type_2":"btn-dark","button_text_3":"","button_link_3":"","btn_type_3":"btn-ram","section_bg_color":"#ffffff"}},"1648581111639f05ed":{"type":"featured-blogs","disabled":true,"settings":{"heading":"ADVICE & <span>RAM<\/span>SPIRATION","text_desktop_alignment":"md:text-center","heading_font_size_desktop":"sm:text-xl","heading_font_size_mobile":"text-xl","mobile_vertical_padding":"py-0","mobile_horizontal_padding":"px-0","desktop_vertical_padding":"md:py-0","desktop_horizontal_padding":"md:px-0","heading_font_size_desktop_post":"sm:text-lg","article_1":"","article_2":"","article_3":"","full_width":true}}},"order":["164633050094510fa7","16486560366c7b7837","1648577237754fb6a9","1648579274ae6e3e3d","16485795249e42f7ab","16485796764a4ab8f8","1648581111639f05ed"]}