{"sections":{"1656445603cdacee46":{"type":"title-section-with-button","settings":{"text_alignment":"md:text-left","text_alignment_mobile":"text-left","heading":"To begin your RAM® Mounts Dock Drivers Download, please click the red button.","desktop_heading_font_size":"md:text-xl","heading_font_size":"text-xl","copy":"","copy_font_size":"text-base","btn_label":"Download RAM® Dock Drivers","btn_url":"https:\/\/rammount.com\/files\/ftp\/RAMDockDrivers.zip","btn_type":"btn-ram","section_bg_color":"#ffffff"}}},"order":["1656445603cdacee46"]}