{"sections":{"164633050094510fa7":{"type":"hero","settings":{"section_id":"","desktop_image":"shopify:\/\/shop_images\/podhd.jpg","desktop_image_height":300,"content_desktop_alignment":"md:justify-start","text_desktop_alignment":"md:text-left","desktop_heading":"","desktop_subheading":"","copy":"","heading_tag":"h1","heading_font_size_desktop":"sm:text-5xl","heading_font_size_mobile":"text-3xl","desktop_button_text":"Click Here","desktop_button_link":"","desktop_button_text2":"","desktop_button_link2":"","desktop_text_color":"#ffffff","desktop_subheading_color":"#ffffff","button_bg":"#ffffff","button_hover_bg":"#000000","button_text":"#000000","button_hover_text":"#ffffff","button2_bg":"#ffffff","button2_border_bg":"#ffffff","button2_hover_bg":"#000000","button2_text":"#000000","button2_hover_text":"#ffffff","mobile_image":"shopify:\/\/shop_images\/podhd_ab4feb74-f156-4d0a-9083-23326e5bdc19.jpg","mobile_image_height":425,"text_mobile_alignment":"text-left","text_mobile_vertical_alignment":"justify-center","mobile_text_color":"#ffffff","mobile_button_color":"btn"}},"16486560366c7b7837":{"type":"brand-product","settings":{"text_alignment":"md:text-left","text_alignment_mobile":"text-left","heading":"RAM® Pod HD™","has_underline":false,"desktop_heading_font_size":"md:text-4xl","heading_font_size":"text-2xl","copy":"<p>Blending the best of versatility, strength, and installation ease, the RAM® Pod HD™ is a popular RAM® No-Drill™ vehicle mount. Compatible with a wide range of vehicles, this tablet stand provides a secure and adjustable tablet mounting solution.<\/p>","copy_font_size":"text-base","brand_image":"shopify:\/\/shop_images\/RAM-316-HD-18-TAB24UIU2.png","button_text_1":"Shop All RAM® Pod HD™","button_link_1":"\/collections\/ram-pod-hd","btn_type_1":"btn-ram","button_text_2":"","button_link_2":"","btn_type_2":"btn-dark","button_text_3":"","button_link_3":"","btn_type_3":"btn-ram","section_bg_color":"#f4f4f6"}},"1648577237754fb6a9":{"type":"brand-product","settings":{"text_alignment":"text-left","text_alignment_mobile":"text-left","heading":"Low Profile, Low Cost","has_underline":true,"desktop_heading_font_size":"md:text-xl","heading_font_size":"text-xl","copy":"<p>The design of the RAM® Pod HD™ offers a low-profile look while providing an extremely robust tablet holder. Backed by a lifetime warranty, RAM® vehicle tablet mounts meet the demands of field applications and are ideal for a number of different cars, trucks, SUVs, and more.<\/p>","copy_font_size":"text-base","brand_image":"shopify:\/\/shop_images\/podhd-section1.jpg","button_text_1":"","button_link_1":"","btn_type_1":"btn-ram","button_text_2":"","button_link_2":"","btn_type_2":"btn-dark","button_text_3":"","button_link_3":"","btn_type_3":"btn-ram","section_bg_color":"#ffffff"}},"1648579274ae6e3e3d":{"type":"brand-product","settings":{"text_alignment":"text-left","text_alignment_mobile":"text-left","heading":"Highly Versatile","has_underline":true,"desktop_heading_font_size":"md:text-xl","heading_font_size":"text-xl","copy":"<p>Use the RAM® Pod HD™ as a horizontal or vertical flat surface vehicle mount. With the ability to adjust its angle, this mount compensates for varying floorboard angles in a variety of vehicles. For an optimal viewing angle of your tablet, the solid steel post can be cut to size, and the RAM® Pod™ accommodates right or left hand orientation for versatility during installation.<\/p>","copy_font_size":"text-base","brand_image":"shopify:\/\/shop_images\/podhd-section2.jpg","button_text_1":"Shop Phone Mounts","button_link_1":"","btn_type_1":"btn-ram","button_text_2":"","button_link_2":"","btn_type_2":"btn-dark","button_text_3":"","button_link_3":"","btn_type_3":"btn-ram","section_bg_color":"#ffffff"}},"16485795249e42f7ab":{"type":"brand-product","settings":{"text_alignment":"text-left","text_alignment_mobile":"text-left","heading":"Easy Installation","has_underline":true,"desktop_heading_font_size":"md:text-xl","heading_font_size":"text-xl","copy":"<p>Attach the RAM® Pod HD™ using an existing seat rail bolt or seat track – no drilling or modification to your vehicle required. When not in use, remove the upper portion of the mount with the turn of a knob to create more space in your vehicle.<\/p>","copy_font_size":"text-base","brand_image":"shopify:\/\/shop_images\/podhd-section3.jpg","button_text_1":"Shop GPS Mounts","button_link_1":"","btn_type_1":"btn-ram","button_text_2":"","button_link_2":"","btn_type_2":"btn-dark","button_text_3":"","button_link_3":"","btn_type_3":"btn-ram","section_bg_color":"#ffffff"}},"1648581111639f05ed":{"type":"featured-blogs","disabled":true,"settings":{"heading":"ADVICE & <span>RAM<\/span>SPIRATION","text_desktop_alignment":"md:text-center","heading_font_size_desktop":"sm:text-xl","heading_font_size_mobile":"text-xl","mobile_vertical_padding":"py-0","mobile_horizontal_padding":"px-0","desktop_vertical_padding":"md:py-0","desktop_horizontal_padding":"md:px-0","heading_font_size_desktop_post":"sm:text-lg","article_1":"","article_2":"","article_3":"","full_width":true}}},"order":["164633050094510fa7","16486560366c7b7837","1648577237754fb6a9","1648579274ae6e3e3d","16485795249e42f7ab","1648581111639f05ed"]}