{"sections":{"164633050094510fa7":{"type":"hero","settings":{"section_id":"","desktop_image":"shopify:\/\/shop_images\/tabactive2.jpg","desktop_image_height":300,"content_desktop_alignment":"md:justify-start","text_desktop_alignment":"md:text-left","desktop_heading":"","desktop_subheading":"","copy":"","heading_tag":"h1","heading_font_size_desktop":"sm:text-5xl","heading_font_size_mobile":"text-3xl","desktop_button_text":"Click Here","desktop_button_link":"","desktop_button_text2":"","desktop_button_link2":"","desktop_text_color":"#ffffff","desktop_subheading_color":"#ffffff","button_bg":"#ffffff","button_hover_bg":"#000000","button_text":"#000000","button_hover_text":"#ffffff","button2_bg":"#ffffff","button2_border_bg":"#ffffff","button2_hover_bg":"#000000","button2_text":"#000000","button2_hover_text":"#ffffff","mobile_image":"shopify:\/\/shop_images\/samsung-mobile.jpg","mobile_image_height":425,"text_mobile_alignment":"text-left","text_mobile_vertical_alignment":"justify-center","mobile_text_color":"#ffffff","mobile_button_color":"btn"}},"16486560366c7b7837":{"type":"brand-product","settings":{"text_alignment":"md:text-left","text_alignment_mobile":"text-center","heading":"Tab Active2","has_underline":false,"desktop_heading_font_size":"md:text-4xl","heading_font_size":"text-2xl","copy":"<p>RAM® has partnered with Samsung to develop three RAM® EZ-Roll'r™ powered vehicle cradles for the Samsung Galaxy Tab Active2, as well as IntelliSkin® sleeves and GDS® locking vehicle docks. These holders both charge and protect the tablet, and are designed to meet the demands of verticals including field services, logistics, manufacturing, transportation, and more.<\/p>","copy_font_size":"text-base","brand_image":"shopify:\/\/shop_images\/ezgif.com-gif-maker.png","button_text_1":"Shop All Tab Active2","button_link_1":"#","btn_type_1":"btn-ram","button_text_2":"","button_link_2":"","btn_type_2":"btn-dark","button_text_3":"","button_link_3":"","btn_type_3":"btn-ram","section_bg_color":"#f4f4f6"}},"1648577237754fb6a9":{"type":"brand-product","settings":{"text_alignment":"text-left","text_alignment_mobile":"text-left","heading":"RAM® EZ-Roll'r™ Powered Vehicle Docks","has_underline":true,"desktop_heading_font_size":"md:text-xl","heading_font_size":"text-xl","copy":"<p>These Tab Active2 powered vehicle cradles include non-locking, combination lock, and keyed lock versions. All holders conveniently connect to nearly any RAM® vehicle base, while the rubber ball and socket system allows users to efficiently switch between portrait and landscape modes.<\/p>","copy_font_size":"text-base","brand_image":"shopify:\/\/shop_images\/ezrollr-cradle-samsung.jpg","button_text_1":"Shop RAM® EZ-Roll'r™","button_link_1":"\/collections\/samsung-galaxy-tablet-mounts?pf_mlt_device_make_model=Tab+Active2&pf_mlt_device_make_model=Samsung&pf_mlt_device_make_model_and_condition=true&pf_t_features=Powered&pf_t_product_line=EZ-Roll%27r","btn_type_1":"btn-ram","button_text_2":"","button_link_2":"","btn_type_2":"btn-dark","button_text_3":"","button_link_3":"","btn_type_3":"btn-ram","section_bg_color":"#ffffff"}},"1648579274ae6e3e3d":{"type":"brand-product","settings":{"text_alignment":"text-left","text_alignment_mobile":"text-left","heading":"GDS® Locking Vehicle Docks","has_underline":true,"desktop_heading_font_size":"md:text-xl","heading_font_size":"text-xl","copy":"<p>Keep the Tab Active2 charged and secured while on the go. GDS® vehicle docks are spring-loaded and are available in both locking and non-locking versions – supporting full-time charging for any Tab Active2 equipped with an IntelliSkin® sleeve. The GDS® Ecosystem™ and universal GDS® docking pins provide compatibility across multiple devices.<\/p>","copy_font_size":"text-base","brand_image":"shopify:\/\/shop_images\/vehicle-docks-samsung.jpg","button_text_1":"Shop Locking Vehicle Docks","button_link_1":"\/collections\/samsung-galaxy-tablet-mounts?pf_mlt_device_make_model=Tab+Active2&pf_mlt_device_make_model=Samsung&pf_mlt_device_make_model_and_condition=true&pf_t_product_line=GDS+Tech&sort=extra-sort1-descending","btn_type_1":"btn-ram","button_text_2":"","button_link_2":"","btn_type_2":"btn-dark","button_text_3":"","button_link_3":"","btn_type_3":"btn-ram","section_bg_color":"#ffffff"}},"16485795249e42f7ab":{"type":"brand-product","settings":{"text_alignment":"text-left","text_alignment_mobile":"text-left","heading":"IntelliSkin® with GDS®","has_underline":true,"desktop_heading_font_size":"md:text-xl","heading_font_size":"text-xl","copy":"<p>IntelliSkin® for the Tab Active2 features military-grade drop protection and GDS® Technology™. With an integrated GDS® connector molded directly into the sleeve, IntelliSkin® prevents damage to the device's charging port caused by repetitious docking. In addition, this version of IntelliSkin® is compatible with both the Tab Active2 RAM® EZ-Roll'r™ powered vehicle cradles and GDS® locking vehicle docks.<\/p>","copy_font_size":"text-base","brand_image":"shopify:\/\/shop_images\/intelliskin-samsung.jpg","button_text_1":"Shop IntelliSkin®","button_link_1":"\/collections\/samsung-intelliskin-with-gds?pf_mlt_device_make_model=Samsung&pf_mlt_device_make_model=Tab+Active2&pf_mlt_device_make_model_and_condition=true&pf_t_device=Tablet","btn_type_1":"btn-ram","button_text_2":"","button_link_2":"","btn_type_2":"btn-dark","button_text_3":"","button_link_3":"","btn_type_3":"btn-ram","section_bg_color":"#ffffff"}},"1648581111639f05ed":{"type":"featured-blogs","disabled":true,"settings":{"heading":"ADVICE & <span>RAM<\/span>SPIRATION","text_desktop_alignment":"md:text-center","heading_font_size_desktop":"sm:text-xl","heading_font_size_mobile":"text-xl","mobile_vertical_padding":"py-0","mobile_horizontal_padding":"px-0","desktop_vertical_padding":"md:py-0","desktop_horizontal_padding":"md:px-0","heading_font_size_desktop_post":"sm:text-lg","article_1":"","article_2":"","article_3":"","full_width":true}}},"order":["164633050094510fa7","16486560366c7b7837","1648577237754fb6a9","1648579274ae6e3e3d","16485795249e42f7ab","1648581111639f05ed"]}