{"sections":{"164633050094510fa7":{"type":"hero","settings":{"section_id":"","desktop_image":"shopify:\/\/shop_images\/Microsoft_Banner.jpg","line_color":"#cd1e27","desktop_image_height":300,"content_desktop_alignment":"md:justify-start","text_desktop_alignment":"md:text-left","desktop_heading":"","desktop_subheading":"","copy":"","heading_tag":"h1","heading_font_size_desktop":"sm:text-5xl","heading_font_size_mobile":"text-3xl","desktop_button_text":"Click Here","desktop_button_link":"","desktop_button_text2":"","desktop_button_link2":"","desktop_text_color":"#ffffff","desktop_subheading_color":"#ffffff","button_bg":"#ffffff","button_hover_bg":"#000000","button_text":"#000000","button_hover_text":"#ffffff","button2_bg":"#ffffff","button2_border_bg":"#ffffff","button2_hover_bg":"#000000","button2_text":"#000000","button2_hover_text":"#ffffff","mobile_image":"shopify:\/\/shop_images\/microsoft_dfc14334-7708-41bf-9668-8b6494e5a65a.jpg","mobile_image_height":425,"text_mobile_alignment":"text-left","text_mobile_vertical_alignment":"justify-center","mobile_text_color":"#ffffff","mobile_button_color":"btn"}},"16486560366c7b7837":{"type":"brand-product","settings":{"text_alignment":"md:text-left","text_alignment_mobile":"text-center","heading":"Microsoft","has_underline":false,"desktop_heading_font_size":"md:text-4xl","heading_font_size":"text-2xl","copy":"<p>RAM® Mounts supports Microsoft devices like the Xbox Adaptive Controller and the Surface tablet. Allowing for near-infinite adjustability as well as vibration damping, the RAM® double ball and socket system provides maximum versatility and helps to extend the life of these devices. Explore the full line of Microsoft mounts below.<\/p>","copy_font_size":"text-base","brand_image":"shopify:\/\/shop_images\/microsoft_40bbac7b-c525-4b82-807f-5f796bf37a53.png","button_text_1":"Shop All Microsoft","button_link_1":"\/collections\/microsoft-surface-mounts","btn_type_1":"btn-ram","button_text_2":"","button_link_2":"","btn_type_2":"btn-dark","button_text_3":"","button_link_3":"","btn_type_3":"btn-ram","section_bg_color":"#f4f4f6"}},"1648577237754fb6a9":{"type":"brand-product","settings":{"text_alignment":"text-left","text_alignment_mobile":"text-left","heading":"Xbox Adaptive Controller","has_underline":true,"desktop_heading_font_size":"md:text-xl","heading_font_size":"text-xl","copy":"<p>As the official mounting partner of the Xbox Adaptive Controller, RAM® has teamed directly with Microsoft to create inclusive mounting solutions. Gamers can choose between wheelchair track mounts, the RAM® Tough-Claw™, universal body mounts, or even individual components to add-on to their existing setup.<\/p>","copy_font_size":"text-base","brand_image":"shopify:\/\/shop_images\/microsoft-section1.jpg","button_text_1":"Shop Adaptive Controller","button_link_1":"\/collections\/microsoft-adaptive-controller","btn_type_1":"btn-ram","button_text_2":"Learn More","button_link_2":"\/pages\/microsoft-xbox","btn_type_2":"btn-dark","button_text_3":"","button_link_3":"","btn_type_3":"btn-ram","section_bg_color":"#ffffff"}},"1648579274ae6e3e3d":{"type":"brand-product","settings":{"text_alignment":"text-left","text_alignment_mobile":"text-left","heading":"Surface Mounts","has_underline":true,"desktop_heading_font_size":"md:text-xl","heading_font_size":"text-xl","copy":"<p>With the RAM® X-Grip® Universal Tablet Holder, secure your Microsoft Surface tablet nearly anywhere. This spring-loaded mounting solution makes it easy to keep your device accessible in numerous applications and then take it on the go.<\/p>","copy_font_size":"text-base","brand_image":"shopify:\/\/shop_images\/microsoft-section2.jpg","button_text_1":"Shop Surface Mounts","button_link_1":"\/collections\/microsoft-surface-mounts","btn_type_1":"btn-ram","button_text_2":"","button_link_2":"","btn_type_2":"btn-dark","button_text_3":"","button_link_3":"","btn_type_3":"btn-ram","section_bg_color":"#ffffff"}},"1648581111639f05ed":{"type":"featured-blogs","disabled":true,"settings":{"heading":"ADVICE & <span>RAM<\/span>SPIRATION","text_desktop_alignment":"md:text-center","heading_font_size_desktop":"sm:text-xl","heading_font_size_mobile":"text-xl","mobile_vertical_padding":"py-0","mobile_horizontal_padding":"px-0","desktop_vertical_padding":"md:py-0","desktop_horizontal_padding":"md:px-0","heading_font_size_desktop_post":"sm:text-lg","article_1":"","article_2":"","article_3":"","full_width":true}}},"order":["164633050094510fa7","16486560366c7b7837","1648577237754fb6a9","1648579274ae6e3e3d","1648581111639f05ed"]}