{"sections":{"164633050094510fa7":{"type":"hero","settings":{"section_id":"","desktop_image":"shopify:\/\/shop_images\/personal-mobility_be698743-b130-42eb-a184-ab68452ec9b9.jpg","line_color":"#cd1e27","desktop_image_height":300,"content_desktop_alignment":"md:justify-start","text_desktop_alignment":"md:text-left","desktop_heading":"","desktop_subheading":"","copy":"","heading_tag":"h1","heading_font_size_desktop":"sm:text-5xl","heading_font_size_mobile":"text-3xl","desktop_button_text":"Click Here","desktop_button_link":"","desktop_button_text2":"","desktop_button_link2":"","desktop_text_color":"#ffffff","desktop_subheading_color":"#ffffff","button_bg":"#ffffff","button_hover_bg":"#000000","button_text":"#000000","button_hover_text":"#ffffff","button2_bg":"#ffffff","button2_border_bg":"#ffffff","button2_hover_bg":"#000000","button2_text":"#000000","button2_hover_text":"#ffffff","mobile_image":"shopify:\/\/shop_images\/personal-mobility_9e800878-240d-439d-b5f5-4b1441951330.jpg","mobile_image_height":425,"text_mobile_alignment":"text-left","text_mobile_vertical_alignment":"justify-center","mobile_text_color":"#ffffff","mobile_button_color":"btn"}},"1661141732faca95a4":{"type":"ram-title-with-button","settings":{"text_alignment":"md:text-left","text_alignment_mobile":"text-left","heading":"Personal Mobility","desktop_heading_font_size":"md:text-3xl","heading_font_size":"text-2xl","copy":"<p>With RAM® Mounts, secure phones and tablets to wheelchairs for everyday use. The RAM® Tough-Claw™ and extension arm attach directly to any wheelchair, providing a versatile and highly adjustable mounting base. Choose from compatible cradles like the RAM® Tab-Tite™, RAM® Tab-Lock™, and RAM® X-Grip®. Explore the top RAM® business solutions for personal mobility mounts below.<\/p>","copy_font_size":"text-base","btn_label":"View Catalog","btn_url":"https:\/\/issuu.com\/rammount\/docs\/accessibility_catalog?fr=sMmNhMDM5ODIz","btn_type":"btn-ram","section_bg_color":"#f4f4f6"}},"165567742276d66867":{"type":"ram-custom-products","blocks":{"1655677422bd2aef86-0":{"type":"products","settings":{"single_product":"ram-238-wct"}},"1655677422bd2aef86-1":{"type":"products","settings":{"single_product":"rap-400u"}},"1655677422bd2aef86-2":{"type":"products","settings":{"single_product":"ram-b-400-c-un7u"}},"1655677422bd2aef86-3":{"type":"products","settings":{"single_product":"ram-b-132-400u"}}},"block_order":["1655677422bd2aef86-0","1655677422bd2aef86-1","1655677422bd2aef86-2","1655677422bd2aef86-3"],"settings":{"full_width":false,"mobile_vertical_padding":"py-8","mobile_horizontal_padding":"px-8","desktop_vertical_padding":"md:py-12","desktop_horizontal_padding":"md:px-8","heading":"<p>Top Suggested Products<\/p>","copy":"","content_vertical_padding":"md:mt-10","heading_font_family":"font-heading","copy_font_family":"font-body","heading_bottom_spacing":16,"copy_bottom_spacing":16,"text_alignment":"text-left","desktop_heading_font_size":"md:text-2xl","desktop_copy_font_size":"md:text-base","mobile_heading_font_size":"text-xl","mobile_copy_font_size":"text-base"}},"1648581111639f05ed":{"type":"featured-blogs","disabled":true,"settings":{"heading":"ADVICE & <span>RAM<\/span>SPIRATION","text_desktop_alignment":"md:text-center","heading_font_size_desktop":"sm:text-xl","heading_font_size_mobile":"text-xl","mobile_vertical_padding":"py-0","mobile_horizontal_padding":"px-0","desktop_vertical_padding":"md:py-0","desktop_horizontal_padding":"md:px-0","heading_font_size_desktop_post":"sm:text-lg","article_1":"","article_2":"","article_3":"","full_width":true}},"1655586612f17b071f":{"type":"brand-product","settings":{"text_alignment":"md:text-left","text_alignment_mobile":"text-left","heading":"GDS® Technology™ for Healthcare","has_underline":true,"desktop_heading_font_size":"md:text-xl","heading_font_size":"text-xl","copy":"<p>IntelliSkin® is a protective device sleeve featuring an integrated power connector that’s compatible with any GDS® charging dock, allowing for seamless integration in healthcare settings. This innovative solution prevents damage to the charging ports of phones and tablets, creating a universal docking platform compatible with any device wrapped in an IntelliSkin®. With IntelliSkin® and GDS® Technology™ for assistive technology, keep devices charged and at the ready.<\/p>","copy_font_size":"text-base","brand_image":"shopify:\/\/shop_images\/assistivetechnology-section1.jpg","button_text_1":"Learn More","button_link_1":"\/pages\/gds-tech","btn_type_1":"btn-dark","button_text_2":"","button_link_2":"","btn_type_2":"btn-dark","button_text_3":"","button_link_3":"","btn_type_3":"btn-ram","section_bg_color":"#ffffff"}},"1655586935772cb576":{"type":"partner-logos","blocks":{"165558693541a6d7f0-0":{"type":"image_icon","settings":{"image":"shopify:\/\/shop_images\/ablenet_3e1df0b8-c446-48d8-8ff2-28b4ea4a8c27.png","text":"","url":"","desktop_text_font_size":"md:text-lg","mobile_text_font_size":"text-lg"}},"165558693541a6d7f0-1":{"type":"image_icon","settings":{"image":"shopify:\/\/shop_images\/ferno_cc961d3e-1ea1-444f-b8bc-c6abc07a7c20.png","text":"","url":"","desktop_text_font_size":"md:text-lg","mobile_text_font_size":"text-lg"}},"165558693541a6d7f0-2":{"type":"image_icon","settings":{"image":"shopify:\/\/shop_images\/honeywell_5e088423-5bd3-4844-bb93-11d28d683ec8.png","text":"","url":"","desktop_text_font_size":"md:text-lg","mobile_text_font_size":"text-lg"}},"0606b7c2-1aaf-42a4-a874-b23fa6913d38":{"type":"image_icon","settings":{"image":"shopify:\/\/shop_images\/permobil_ea8795f7-40e6-4091-b660-3d0136f307ec.png","text":"","url":"","desktop_text_font_size":"md:text-lg","mobile_text_font_size":"text-lg"}}},"block_order":["165558693541a6d7f0-0","165558693541a6d7f0-1","165558693541a6d7f0-2","0606b7c2-1aaf-42a4-a874-b23fa6913d38"],"settings":{"section_bg_color":"#000000","section_class":"","full_width":true,"red_line":false,"enable_slider":false,"slider_speed":2,"slider_slides":3,"desktop_per_row":"w-1\/4","mobile_per_row":"w-full","justify_items":"justify-center","icon_height":100,"icon_size":225,"icon_space":0,"icon_font_size":"text-xl","icon_font_family":"font-heading","icon_text_space":4,"mobile_vertical_padding":"py-4","mobile_horizontal_padding":"px-8","desktop_vertical_padding":"md:py-4","desktop_horizontal_padding":"md:px-8","heading":"","copy":"","heading_font_family":"font-heading","copy_font_family":"font-body","heading_bottom_spacing":16,"copy_bottom_spacing":16,"text_alignment":"text-center","desktop_heading_font_size":"md:text-xl","desktop_copy_font_size":"md:text-xl","mobile_heading_font_size":"text-xl","mobile_copy_font_size":"text-base"}},"165558694839480c53":{"type":"sales-form","blocks":{"16555869472f9df7de-0":{"type":"html","settings":{"red_line":true,"heading":"<p>Contact Sales<\/p>","heading_font_family":"font-heading","heading_bottom_spacing":0,"text_alignment":"text-center","desktop_heading_font_size":"md:text-2xl","mobile_heading_font_size":"text-xl","html_block":"<div style=\"margin:0 auto;\" class=\"pxFormGenerator\" id=\"NRCcEj1xmk2g_uGXmjI2EQ\"><\/div>"}}},"block_order":["16555869472f9df7de-0"],"settings":{"section_id":"","section_class":"","back_color":"","content_width":false,"full_width":false,"column_padding":"px-2","tile_font_family":"font-heading","mobile_vertical_padding":"py-8","mobile_horizontal_padding":"px-8","desktop_vertical_padding":"md:py-12","desktop_horizontal_padding":"md:px-8","heading_tag":"h2","heading":"","copy":"","heading_color":"#131313","heading_font_family":"font-heading","copy_font_family":"font-body","heading_bottom_spacing":16,"copy_bottom_spacing":16,"text_alignment":"text-left","desktop_heading_font_size":"md:text-xl","desktop_copy_font_size":"md:text-base","mobile_heading_font_size":"text-xl","mobile_copy_font_size":"text-base"}}},"order":["164633050094510fa7","1661141732faca95a4","165567742276d66867","1648581111639f05ed","1655586612f17b071f","1655586935772cb576","165558694839480c53"]}