{"sections":{"164633050094510fa7":{"type":"hero","settings":{"section_id":"","desktop_image":"shopify:\/\/shop_images\/cabover-truck_0283a559-71db-4213-8838-36e236c94b42.jpg","line_color":"#cd1e27","desktop_image_height":300,"content_desktop_alignment":"md:justify-start","text_desktop_alignment":"md:text-left","desktop_heading":"","desktop_subheading":"","copy":"","heading_tag":"h1","heading_font_size_desktop":"sm:text-5xl","heading_font_size_mobile":"text-3xl","desktop_button_text":"Click Here","desktop_button_link":"","desktop_button_text2":"","desktop_button_link2":"","desktop_text_color":"#ffffff","desktop_subheading_color":"#ffffff","button_bg":"#ffffff","button_hover_bg":"#000000","button_text":"#000000","button_hover_text":"#ffffff","button2_bg":"#ffffff","button2_border_bg":"#ffffff","button2_hover_bg":"#000000","button2_text":"#000000","button2_hover_text":"#ffffff","mobile_image":"shopify:\/\/shop_images\/cabover-truck_51b271f3-0645-4aa2-a8f5-5b968ef9ed4a.jpg","mobile_image_height":425,"text_mobile_alignment":"text-left","text_mobile_vertical_alignment":"justify-center","mobile_text_color":"#ffffff","mobile_button_color":"btn"}},"1655416488804526bd":{"type":"ram-title-with-button","settings":{"text_alignment":"md:text-left","text_alignment_mobile":"text-left","heading":"Cabover Trucks","desktop_heading_font_size":"md:text-3xl","heading_font_size":"text-2xl","copy":"<p>Trust RAM® Mounts to provide device mounts that keep important electronics of all sizes secure in cabover trucks. Whether it’s a phone, tablet, laptop, or telematics device, there’s a RAM® system designed to get the job done. Choose from drill-down, adhesive, suction cup, and RAM® No-Drill™ mounting bases, then pair it with a compatible device holder. Explore the top RAM® business solutions for cabover truck mounts below.<\/p>","copy_font_size":"text-base","btn_label":"","btn_url":"","btn_type":"btn-ram","section_bg_color":"#f4f4f6"}},"165575185998be605d":{"type":"ram-custom-products","blocks":{"16557518591afdcc9c-0":{"type":"products","settings":{"single_product":"ram-vb-168-sw1"}},"16557518591afdcc9c-1":{"type":"products","settings":{"single_product":"ram-vb-140-sw1"}},"16557518591afdcc9c-2":{"type":"products","settings":{"single_product":"ram-316-hd-18-tab20u"}},"16557518591afdcc9c-3":{"type":"products","settings":{"single_product":"ram-101b2-tab20u"}}},"block_order":["16557518591afdcc9c-0","16557518591afdcc9c-1","16557518591afdcc9c-2","16557518591afdcc9c-3"],"settings":{"full_width":false,"mobile_vertical_padding":"py-8","mobile_horizontal_padding":"px-8","desktop_vertical_padding":"md:py-12","desktop_horizontal_padding":"md:px-8","heading":"<p>Top Suggested Products<\/p>","copy":"","content_vertical_padding":"md:mt-10","heading_font_family":"font-heading","copy_font_family":"font-body","heading_bottom_spacing":16,"copy_bottom_spacing":16,"text_alignment":"text-left","desktop_heading_font_size":"md:text-2xl","desktop_copy_font_size":"md:text-base","mobile_heading_font_size":"text-xl","mobile_copy_font_size":"text-base"}},"1655751889cb923031":{"type":"brand-product","settings":{"text_alignment":"md:text-left","text_alignment_mobile":"text-left","heading":"GDS® Technology™ for Transportation","has_underline":true,"desktop_heading_font_size":"md:text-xl","heading_font_size":"text-xl","copy":"<p>IntelliSkin® is a protective device sleeve featuring an integrated power connector that’s compatible with any GDS® charging dock, allowing for seamless integration in commercial fleets. This innovative solution prevents damage to the charging ports of phones and tablets, creating a universal docking platform compatible with any device wrapped in an IntelliSkin®. With IntelliSkin® and GDS® Technology™ for transportation, keep devices charged and at the ready while on the road.<\/p>","copy_font_size":"text-base","brand_image":"shopify:\/\/shop_images\/cabovertrucks-section1.jpg","button_text_1":"Learn More","button_link_1":"shopify:\/\/pages\/gds-tech","btn_type_1":"btn-dark","button_text_2":"","button_link_2":"","btn_type_2":"btn-dark","button_text_3":"","button_link_3":"","btn_type_3":"btn-ram","section_bg_color":"#ffffff"}},"165575199750efa511":{"type":"brand-product","settings":{"text_alignment":"md:text-left","text_alignment_mobile":"text-left","heading":"ELD Mounts","has_underline":true,"desktop_heading_font_size":"md:text-xl","heading_font_size":"text-xl","copy":"<p>The ELD mandate is here – requiring every commercial truck operating on US highways and roads to have an electronic logging device to record hours of service. Get compliant with rugged and reliable RAM® ELD mounting solutions, from drill-down options for the dash and floor to convenient solutions like windshield mounts.<\/p>","copy_font_size":"text-base","brand_image":"shopify:\/\/shop_images\/cabovertrucks-section2.jpg","button_text_1":"Learn More","button_link_1":"\/collections\/eld-bundles","btn_type_1":"btn-dark","button_text_2":"","button_link_2":"","btn_type_2":"btn-dark","button_text_3":"","button_link_3":"","btn_type_3":"btn-ram","section_bg_color":"#ffffff"}},"1655752099efc080b5":{"type":"brand-product","settings":{"text_alignment":"md:text-left","text_alignment_mobile":"text-left","heading":"Case Study: Paper Transport","has_underline":true,"desktop_heading_font_size":"md:text-xl","heading_font_size":"text-xl","copy":"<p>Paper Transport was founded in 1990 and today employs more than 700 drivers, providing transportation solutions across the Midwest and Southern United States. With the ELD mandate on the horizon, they needed a solution to protect, dock and charge the Samsung Galaxy Tab S 10.5 tablets in their fleet. They turned to RAM® and IntelliSkin® with GDS® Technology™ because of simplicity, reliability and the future-proof design of the solution.<\/p>","copy_font_size":"text-base","brand_image":"shopify:\/\/shop_images\/cabovertrucks-section4.jpg","button_text_1":"Learn More","button_link_1":"shopify:\/\/pages\/case-study-paper-transport","btn_type_1":"btn-dark","button_text_2":"","button_link_2":"","btn_type_2":"btn-dark","button_text_3":"","button_link_3":"","btn_type_3":"btn-ram","section_bg_color":"#ffffff"}},"165541670761b7f135":{"type":"partner-logos","blocks":{"165541670775cccaae-1":{"type":"image_icon","settings":{"image":"shopify:\/\/shop_images\/garmin_45883a1d-c2bc-4cfb-9ec6-577a589e15e7.png","text":"","url":"","desktop_text_font_size":"md:text-lg","mobile_text_font_size":"text-lg"}},"165541670775cccaae-0":{"type":"image_icon","settings":{"image":"shopify:\/\/shop_images\/omnitracs.png","text":"","url":"","desktop_text_font_size":"md:text-lg","mobile_text_font_size":"text-lg"}},"165541670775cccaae-2":{"type":"image_icon","settings":{"image":"shopify:\/\/shop_images\/peoplenet_1f191611-006c-4349-8fad-a723a0c49357.png","text":"","url":"","desktop_text_font_size":"md:text-lg","mobile_text_font_size":"text-lg"}},"961b8dce-fb5d-46e5-8ba9-46de6feb6a4d":{"type":"image_icon","settings":{"image":"shopify:\/\/shop_images\/samsung_d37c3cb0-c61c-4e8c-8d56-0863a30ce01e.png","text":"","url":"","desktop_text_font_size":"md:text-lg","mobile_text_font_size":"text-lg"}}},"block_order":["165541670775cccaae-1","165541670775cccaae-0","165541670775cccaae-2","961b8dce-fb5d-46e5-8ba9-46de6feb6a4d"],"settings":{"section_bg_color":"#000000","section_class":"","full_width":true,"red_line":false,"enable_slider":false,"slider_speed":2,"slider_slides":3,"desktop_per_row":"w-1\/4","mobile_per_row":"w-full","justify_items":"justify-center","icon_height":100,"icon_size":225,"icon_space":0,"icon_font_size":"text-xl","icon_font_family":"font-heading","icon_text_space":4,"mobile_vertical_padding":"py-4","mobile_horizontal_padding":"px-8","desktop_vertical_padding":"md:py-4","desktop_horizontal_padding":"md:px-8","heading":"","copy":"","heading_font_family":"font-heading","copy_font_family":"font-body","heading_bottom_spacing":16,"copy_bottom_spacing":16,"text_alignment":"text-center","desktop_heading_font_size":"md:text-xl","desktop_copy_font_size":"md:text-xl","mobile_heading_font_size":"text-xl","mobile_copy_font_size":"text-base"}},"165540489801ed57c6":{"type":"sales-form","blocks":{"165540489804b345a0-0":{"type":"html","settings":{"red_line":true,"heading":"<p>Contact Sales<\/p>","heading_font_family":"font-heading","heading_bottom_spacing":0,"text_alignment":"text-center","desktop_heading_font_size":"md:text-2xl","mobile_heading_font_size":"text-xl","html_block":"<div style=\"margin:0 auto;\" class=\"pxFormGenerator\" id=\"NRCcEj1xmk2g_uGXmjI2EQ\"><\/div>"}}},"block_order":["165540489804b345a0-0"],"settings":{"section_id":"contact","section_class":"","back_color":"","content_width":false,"full_width":false,"column_padding":"px-2","tile_font_family":"font-heading","mobile_vertical_padding":"py-8","mobile_horizontal_padding":"px-8","desktop_vertical_padding":"md:py-12","desktop_horizontal_padding":"md:px-8","heading_tag":"h2","heading":"","copy":"","heading_color":"#131313","heading_font_family":"font-heading","copy_font_family":"font-body","heading_bottom_spacing":16,"copy_bottom_spacing":16,"text_alignment":"text-left","desktop_heading_font_size":"md:text-xl","desktop_copy_font_size":"md:text-base","mobile_heading_font_size":"text-xl","mobile_copy_font_size":"text-base"}},"1648581111639f05ed":{"type":"featured-blogs","disabled":true,"settings":{"heading":"ADVICE & <span>RAM<\/span>SPIRATION","text_desktop_alignment":"md:text-center","heading_font_size_desktop":"sm:text-xl","heading_font_size_mobile":"text-xl","mobile_vertical_padding":"py-0","mobile_horizontal_padding":"px-0","desktop_vertical_padding":"md:py-0","desktop_horizontal_padding":"md:px-0","heading_font_size_desktop_post":"sm:text-lg","article_1":"","article_2":"","article_3":"","full_width":true}}},"order":["164633050094510fa7","1655416488804526bd","165575185998be605d","1655751889cb923031","165575199750efa511","1655752099efc080b5","165541670761b7f135","165540489801ed57c6","1648581111639f05ed"]}