{"sections":{"164633050094510fa7":{"type":"hero","settings":{"section_id":"","desktop_image":"shopify:\/\/shop_images\/toughpole.jpg","desktop_image_height":300,"content_desktop_alignment":"md:justify-start","text_desktop_alignment":"md:text-left","desktop_heading":"","desktop_subheading":"","copy":"","heading_tag":"h1","heading_font_size_desktop":"sm:text-5xl","heading_font_size_mobile":"text-3xl","desktop_button_text":"Click Here","desktop_button_link":"","desktop_button_text2":"","desktop_button_link2":"","desktop_text_color":"#ffffff","desktop_subheading_color":"#ffffff","button_bg":"#ffffff","button_hover_bg":"#000000","button_text":"#000000","button_hover_text":"#ffffff","button2_bg":"#ffffff","button2_border_bg":"#ffffff","button2_hover_bg":"#000000","button2_text":"#000000","button2_hover_text":"#ffffff","mobile_image":"shopify:\/\/shop_images\/toughpole_3ead78d2-b428-4097-9992-f622ddd732fa.jpg","mobile_image_height":425,"text_mobile_alignment":"text-left","text_mobile_vertical_alignment":"justify-center","mobile_text_color":"#ffffff","mobile_button_color":"btn"}},"16486560366c7b7837":{"type":"brand-product","settings":{"text_alignment":"md:text-left","text_alignment_mobile":"text-center","heading":"RAM® Tough-Pole™","has_underline":false,"desktop_heading_font_size":"md:text-4xl","heading_font_size":"text-2xl","copy":"<p>Get the perfect shot when you’re out on the water with the RAM® Tough-Pole™ for action cameras. Available in various lengths and kits with a wide range of mounting base options, the RAM® Tough-Pole™ is completely customizable to ensure the perfect fit for your setup.<\/p>","copy_font_size":"text-base","brand_image":"shopify:\/\/shop_images\/RAP-404-PP12-GOP1UIU2.jpg","button_text_1":"Shop All RAM® Tough-Pole™","button_link_1":"\/collections\/ram-tough-pole","btn_type_1":"btn-ram","button_text_2":"","button_link_2":"","btn_type_2":"btn-dark","button_text_3":"","button_link_3":"","btn_type_3":"btn-ram","section_bg_color":"#f4f4f6"}},"1648577237754fb6a9":{"type":"brand-product","settings":{"text_alignment":"text-left","text_alignment_mobile":"text-left","heading":"Features","has_underline":true,"desktop_heading_font_size":"md:text-xl","heading_font_size":"text-xl","copy":"<p>Whether you’re using a track base, a spline\/post option or an attachment like the RAM® Tough-Claw™, the easy-to-install RAM® Tough-Pole™ allows for adjustments using just one hand to achieve your ideal angle. You can even swap out the included RAM® action camera adapter – compatible with GoPro® cameras – for a RAM® X-Grip® to capture all the action directly from your phone.<\/p>","copy_font_size":"text-base","brand_image":"shopify:\/\/shop_images\/toughpole-section1.jpg","button_text_1":"Shop Now","button_link_1":"","btn_type_1":"btn-ram","button_text_2":"","button_link_2":"","btn_type_2":"btn-dark","button_text_3":"","button_link_3":"","btn_type_3":"btn-ram","section_bg_color":"#ffffff"}},"1648579274ae6e3e3d":{"type":"brand-product","settings":{"text_alignment":"text-left","text_alignment_mobile":"text-left","heading":"Build Your Own","has_underline":true,"desktop_heading_font_size":"md:text-xl","heading_font_size":"text-xl","copy":"<p>Building and customizing a RAM® Tough-Pole™ to fit your specific needs is easy. In addition to your device holder, choose from PVC pipe components for your ideal extension length and choose a bottom connection to complete your mounting solution.<\/p>","copy_font_size":"text-base","brand_image":"shopify:\/\/shop_images\/toughpole-section2.jpg","button_text_1":"Shop PVC Pipe Components","button_link_1":"\/collections\/pvc-pipe-components","btn_type_1":"btn-ram","button_text_2":"","button_link_2":"","btn_type_2":"btn-dark","button_text_3":"","button_link_3":"","btn_type_3":"btn-ram","section_bg_color":"#ffffff"}},"1648581111639f05ed":{"type":"featured-blogs","disabled":true,"settings":{"heading":"ADVICE & <span>RAM<\/span>SPIRATION","text_desktop_alignment":"md:text-center","heading_font_size_desktop":"sm:text-xl","heading_font_size_mobile":"text-xl","mobile_vertical_padding":"py-0","mobile_horizontal_padding":"px-0","desktop_vertical_padding":"md:py-0","desktop_horizontal_padding":"md:px-0","heading_font_size_desktop_post":"sm:text-lg","article_1":"","article_2":"","article_3":"","full_width":true}}},"order":["164633050094510fa7","16486560366c7b7837","1648577237754fb6a9","1648579274ae6e3e3d","1648581111639f05ed"]}