{"sections":{"16527337199f661dd5":{"type":"hero","settings":{"section_id":"","desktop_image":"shopify:\/\/shop_images\/Honeywell_Banner.jpg","line_color":"#cd1e27","desktop_image_height":300,"content_desktop_alignment":"md:justify-start","text_desktop_alignment":"md:text-left","desktop_heading":"","desktop_subheading":"","copy":"","heading_tag":"h1","heading_font_size_desktop":"sm:text-5xl","heading_font_size_mobile":"text-3xl","desktop_button_text":"Click Here","desktop_button_link":"","desktop_button_text2":"","desktop_button_link2":"","desktop_text_color":"#ffffff","desktop_subheading_color":"#ffffff","button_bg":"#ffffff","button_hover_bg":"#000000","button_text":"#000000","button_hover_text":"#ffffff","button2_bg":"#ffffff","button2_border_bg":"#ffffff","button2_hover_bg":"#000000","button2_text":"#000000","button2_hover_text":"#ffffff","mobile_image":"shopify:\/\/shop_images\/mobile-honeywell-banner.jpg","mobile_image_height":375,"text_mobile_alignment":"text-left","text_mobile_vertical_alignment":"justify-center","mobile_text_color":"#ffffff","mobile_button_color":"btn"}},"165273372673b30157":{"type":"brand-product","settings":{"text_alignment":"md:text-left","text_alignment_mobile":"text-left","heading":"Honeywell","has_underline":true,"desktop_heading_font_size":"md:text-xl","heading_font_size":"text-xl","copy":"<p>RAM® Mounts offers a wide variety of ruggedized mounting solutions for Honeywell mobile computers and barcode scanners. Utilizing our form-fitting cradle design, securing your device wherever you need it has never been easier. The versatility of RAM® mounting systems allow you to efficiently move your device between your car, desk, forklift, and much more. Allowing for near-infinite adjustability as well as vibration damping, the RAM® double ball and socket system provides maximum versatility and helps to extend the life of these devices. Explore the full line of Honeywell mounts below.<\/p>","copy_font_size":"text-base","brand_image":"shopify:\/\/shop_images\/honeywell-logo.png","button_text_1":"Shop All Honeywell","button_link_1":"\/collections\/honeywell-handheld-pc","btn_type_1":"btn-ram","button_text_2":"","button_link_2":"","btn_type_2":"btn-dark","button_text_3":"","button_link_3":"","btn_type_3":"btn-ram","section_bg_color":"#ffffff"}},"1652733936a5e64ac1":{"type":"brand-product","settings":{"text_alignment":"md:text-left","text_alignment_mobile":"text-left","heading":"Honeywell RT10 Rugged Tablet Docks","has_underline":true,"desktop_heading_font_size":"md:text-xl","heading_font_size":"text-xl","copy":"<p>Featuring combination & key locking options, the RAM® vehicle dock for the Honeywell RT10 rugged tablet allows you to connect up to two desired peripherals while keeping the device charged through the pogo pin contacts when the device is docked. Power is provided by connecting to the dock's 5.5mm DC power jack, while peripheral support is provided by the built-in dual USB Type A cable. The dock also allows the tablet's scanning function to work through the cutout on the back which also accommodates tablet add-ons such as scanner, hand strap, and extended battery pack.<\/p>","copy_font_size":"text-base","brand_image":"shopify:\/\/shop_images\/section-5_41a316c9-de74-4f4b-806e-ad09f946fd1e.jpg","button_text_1":"Shop RT10 Docks","button_link_1":"\/collections\/honeywell-tablet-pc","btn_type_1":"btn-ram","button_text_2":"Learn More","button_link_2":"\/pages\/honeywell-rt10","btn_type_2":"btn-dark","button_text_3":"","button_link_3":"","btn_type_3":"btn-ram","section_bg_color":"#ffffff"}},"16527339384e319f4f":{"type":"brand-product","settings":{"text_alignment":"md:text-left","text_alignment_mobile":"text-left","heading":"Honeywell CT50 & CT60 Powered Docks","has_underline":true,"desktop_heading_font_size":"md:text-xl","heading_font_size":"text-xl","copy":"<p>Featuring combination and key locking variations, these rugged powered docks are designed to get the job done in the field while keeping your device charged and secure from theft. Each form-fit dock is RAM® Mounts Compatible™ and can be expanded with any B or C size diamond base, double ball mount, and any base for your desired mounting location. Available for select Honeywell Handheld Computers, including the Honeywell CT50 & CT60.<\/p>","copy_font_size":"text-base","brand_image":"shopify:\/\/shop_images\/section-1_0c37cc42-c7b3-403e-9320-43921e39d2cd.jpg","button_text_1":"Shop CT50 & CT60 Docks","button_link_1":"\/collections\/honeywell-handheld-pc","btn_type_1":"btn-ram","button_text_2":"","button_link_2":"","btn_type_2":"btn-dark","button_text_3":"","button_link_3":"","btn_type_3":"btn-ram","section_bg_color":"#ffffff"}},"1652734112a0011894":{"type":"brand-product","settings":{"text_alignment":"md:text-left","text_alignment_mobile":"text-left","heading":"Scanner Gun Holders","has_underline":true,"desktop_heading_font_size":"md:text-xl","heading_font_size":"text-xl","copy":"<p>Keep scanner guns in an ergonomic and user-friendly location with these rugged holders. The open bottom design of the RAM® Power-Grip™ enables scanning while in the holder, and replaceable elastomeric fins grip the handle of the scanner for a secure hold. Another holder, the RAM® Drop-N-Lock™, is designed to hold most Honeywell pistol grip mobile computers with scanning capabilities. The spring-loaded lever on the side of the holder secures devices – simply drop the handle into the holder and it locks in place. And last but not least, the rugged RAM® Quick-Draw™ also features spring-loaded functionality to secure scanner guns and handheld computers that fit within the compatible dimensions.<\/p>","copy_font_size":"text-base","brand_image":"shopify:\/\/shop_images\/section-3_bc8941cd-8465-4649-9276-1a059bcda544.jpg","button_text_1":"Shop Scanner Solutions","button_link_1":"\/collections\/honeywell-scanner","btn_type_1":"btn-ram","button_text_2":"","button_link_2":"","btn_type_2":"btn-dark","button_text_3":"","button_link_3":"","btn_type_3":"btn-ram","section_bg_color":"#ffffff"}},"1652734240166bc45d":{"type":"brand-product","settings":{"text_alignment":"md:text-left","text_alignment_mobile":"text-left","heading":"Vehicle Mounted Computer Mounts","has_underline":true,"desktop_heading_font_size":"md:text-xl","heading_font_size":"text-xl","copy":"<p>Take advantage of RAM®'s large D size mounting components to secure heavy duty computers to a variety of vehicles, including forklifts, semi-trucks, and more. To conquer everyday tasks in the warehouse, in the field, or on the front lines, RAM® Mounts rugged mounting solutions enable Honeywell's versatile computer monitors to make the ideal pairing. Explore the full line of D size components to find the find best solution for your business.<\/p>","copy_font_size":"text-base","brand_image":"shopify:\/\/shop_images\/section-4_3b2744b2-7492-41c4-adb8-774057b2db57.jpg","button_text_1":"Shop Computer Mounts","button_link_1":"\/collections\/honeywell-vehicle-computer","btn_type_1":"btn-ram","button_text_2":"","button_link_2":"","btn_type_2":"btn-dark","button_text_3":"","button_link_3":"","btn_type_3":"btn-ram","section_bg_color":"#ffffff"}}},"order":["16527337199f661dd5","165273372673b30157","1652733936a5e64ac1","16527339384e319f4f","1652734112a0011894","1652734240166bc45d"]}