{"sections":{"164633050094510fa7":{"type":"hero","settings":{"section_id":"","desktop_image":"shopify:\/\/shop_images\/bowcam.jpg","desktop_image_height":300,"content_desktop_alignment":"md:justify-start","text_desktop_alignment":"md:text-left","desktop_heading":"","desktop_subheading":"","copy":"","heading_tag":"h1","heading_font_size_desktop":"sm:text-5xl","heading_font_size_mobile":"text-3xl","desktop_button_text":"Click Here","desktop_button_link":"","desktop_button_text2":"","desktop_button_link2":"","desktop_text_color":"#ffffff","desktop_subheading_color":"#ffffff","button_bg":"#ffffff","button_hover_bg":"#000000","button_text":"#000000","button_hover_text":"#ffffff","button2_bg":"#ffffff","button2_border_bg":"#ffffff","button2_hover_bg":"#000000","button2_text":"#000000","button2_hover_text":"#ffffff","mobile_image":"shopify:\/\/shop_images\/bowcam_1263a493-79eb-4dc9-b6eb-fe92e56f6921.jpg","mobile_image_height":425,"text_mobile_alignment":"text-left","text_mobile_vertical_alignment":"justify-center","mobile_text_color":"#ffffff","mobile_button_color":"btn"}},"16486560366c7b7837":{"type":"brand-product","settings":{"text_alignment":"md:text-left","text_alignment_mobile":"text-left","heading":"RAM® Bow-Cam™","has_underline":false,"desktop_heading_font_size":"md:text-4xl","heading_font_size":"text-2xl","copy":"<p>Easily attach your favorite action camera to your bow with the RAM® Bow-Cam™. The included RAM® Tough-Ball™ with a male threaded post connects to your bow's stabilizer port, allowing the  arm and universal action camera adapter to be adjusted to the perfect angle. RAM® double ball and socket mounts feature vibration damping, so your GoPro® or compatible action camera achieves a stable shot from your bow. The RAM® Bow-Cam™ mount is also available with the RAM® X-Grip® phone cradle.<\/p>","copy_font_size":"text-base","brand_image":"shopify:\/\/shop_images\/IMG_9830.jpg","button_text_1":"","button_link_1":"","btn_type_1":"btn-ram","button_text_2":"","button_link_2":"","btn_type_2":"btn-dark","button_text_3":"","button_link_3":"","btn_type_3":"btn-ram","section_bg_color":"#f4f4f6"}},"1648577237754fb6a9":{"type":"brand-product","settings":{"text_alignment":"text-left","text_alignment_mobile":"text-left","heading":"RAM® Tough-Ball™ Base","has_underline":true,"desktop_heading_font_size":"md:text-xl","heading_font_size":"text-xl","copy":"<p>Featuring a male threaded post measuring 5\/16”-24 x .375”, the RAM® Tough-Ball™ connects directly to your bow’s stabilizer port. This universal solution is compatible with most popular bow brands, and the RAM® rubber ball absorbs shock and vibration so you get great photos and videos from your device of choice.<\/p>","copy_font_size":"text-base","brand_image":"shopify:\/\/shop_images\/bowcam-section1.jpg","button_text_1":"Shop Now","button_link_1":"shopify:\/\/products\/rap-b-379u-312437","btn_type_1":"btn-ram","button_text_2":"","button_link_2":"","btn_type_2":"btn-dark","button_text_3":"","button_link_3":"","btn_type_3":"btn-ram","section_bg_color":"#ffffff"}},"1648579274ae6e3e3d":{"type":"brand-product","settings":{"text_alignment":"text-left","text_alignment_mobile":"text-left","heading":"Universal Action Camera Mount","has_underline":true,"desktop_heading_font_size":"md:text-xl","heading_font_size":"text-xl","copy":"<p>Replace the factory mounting bracket of your favorite action camera with this universal action camera adapter. Featuring a RAM® rubber ball, this adapter lets you take advantage of the RAM® ball and socket system. Shock and vibration is dampened for more stable photos and videos and helps extend the life of your camera.<\/p>","copy_font_size":"text-base","brand_image":"shopify:\/\/shop_images\/bowcam-section2.jpg","button_text_1":"Shop Now","button_link_1":"shopify:\/\/products\/rap-b-379-312437-gop1","btn_type_1":"btn-ram","button_text_2":"","button_link_2":"","btn_type_2":"btn-dark","button_text_3":"","button_link_3":"","btn_type_3":"btn-ram","section_bg_color":"#ffffff"}},"16485795249e42f7ab":{"type":"brand-product","settings":{"text_alignment":"text-left","text_alignment_mobile":"text-left","heading":"Universal Phone Mount","has_underline":true,"desktop_heading_font_size":"md:text-xl","heading_font_size":"text-xl","copy":"<p>The RAM® X-Grip® is a spring-loaded universal phone cradle that expands and contracts to provide a perfect fit for your device. Trusted by users around the world, this holder fits phones of all sizes and includes a safety tether for rugged environments. The modularity of RAM® mounting components means you can easily remove the RAM® X-Grip® from your car to use with other applications like the RAM® Bow-Cam™.<\/p>","copy_font_size":"text-base","brand_image":"shopify:\/\/shop_images\/bowcam-section3.jpg","button_text_1":"Shop Now","button_link_1":"shopify:\/\/products\/rap-b-379-312437-un7","btn_type_1":"btn-ram","button_text_2":"","button_link_2":"","btn_type_2":"btn-dark","button_text_3":"","button_link_3":"","btn_type_3":"btn-ram","section_bg_color":"#ffffff"}},"1652724895402d40c8":{"type":"brand-product","settings":{"text_alignment":"md:text-left","text_alignment_mobile":"text-left","heading":"Compatible Bow Brands","has_underline":true,"desktop_heading_font_size":"md:text-xl","heading_font_size":"text-xl","copy":"<p>The RAM® Bow-Cam™ is compatible with bows that can accommodate the RAM® Tough-Ball™ male threaded post. Compatible bow brands include Hoyt, Matthews, Bear, PSE, and Diamond.<\/p>","copy_font_size":"text-base","brand_image":"shopify:\/\/shop_images\/bowcam-section4.jpg","button_text_1":"","button_link_1":"","btn_type_1":"btn-ram","button_text_2":"","button_link_2":"","btn_type_2":"btn-dark","button_text_3":"","button_link_3":"","btn_type_3":"btn-ram","section_bg_color":"#ffffff"}},"16528967858ed1e6fb":{"type":"copy","settings":{"main":false,"hide_title":false,"text_alignment":"text-left","heading":"","desktop_heading_font_size":"md:text-base","heading_font_size":"text-xl","copy":"<p>It is the responsibility of the buyer, not NPI, to ascertain and obey all applicable local, state and federal laws in regard to the possession and use of any item purchased from NPI. All products are sold upon the condition that NPI shall not be liable in any action for the arrest, accident, or injury occasioned by use of the merchandise. By placing an order, the buyer represents that the products ordered will be used in a lawful manner. NPI will not be held liable for the misuse or unlawful use of any product purchased from us or any of our distributors or dealers.<\/p>","copy_font_size":"text-xs","full_width":false}},"1648581111639f05ed":{"type":"featured-blogs","disabled":true,"settings":{"heading":"ADVICE & <span>RAM<\/span>SPIRATION","text_desktop_alignment":"md:text-center","heading_font_size_desktop":"sm:text-xl","heading_font_size_mobile":"text-xl","mobile_vertical_padding":"py-0","mobile_horizontal_padding":"px-0","desktop_vertical_padding":"md:py-0","desktop_horizontal_padding":"md:px-0","heading_font_size_desktop_post":"sm:text-lg","article_1":"","article_2":"","article_3":"","full_width":true}}},"order":["164633050094510fa7","16486560366c7b7837","1648577237754fb6a9","1648579274ae6e3e3d","16485795249e42f7ab","1652724895402d40c8","16528967858ed1e6fb","1648581111639f05ed"]}