{"sections":{"product":{"type":"product","blocks":{"5c64de4f-7128-45ef-9d67-60826c66d135":{"type":"tag","settings":{"title":"Ball Size","page_content":"size-guide-ball-sizes"}},"313b3bd5-a973-434c-85af-5f2c87c71b42":{"type":"tag","settings":{"title":"Arm Sizes","page_content":"size-guide-arm-sizes"}}},"block_order":["5c64de4f-7128-45ef-9d67-60826c66d135","313b3bd5-a973-434c-85af-5f2c87c71b42"],"settings":{"product_swatch_type":"collapsible","logo":"shopify:\/\/shop_images\/RAM_Logo_black.png","print_message":"<p>rammount.com<br\/>1-800-497-7479<br\/>sales@rammount.com <\/p>"}},"16467694065fb08d55":{"type":"product-tabs","blocks":{"e7260850-776a-4951-b292-5d1fcaa0dc38":{"type":"tab","settings":{"tab_item":"overview","title":"Overview"}},"7ff89bb8-5e23-4727-b572-a8449a4b4865":{"type":"tab","settings":{"tab_item":"compatibility","title":"Compatibility"}},"388cfcbd-35ea-483d-bedc-844066f90194":{"type":"tab","settings":{"tab_item":"your-solution","title":"Complete Your Solution"}},"17b17f79-9017-4be7-bcba-f52ebfc160d9":{"type":"tab","settings":{"tab_item":"q-a","title":"Q&A"}},"f32af59b-6e0d-4ded-9807-4a662a01732a":{"type":"tab","settings":{"tab_item":"documents","title":"Resources"}}},"block_order":["e7260850-776a-4951-b292-5d1fcaa0dc38","7ff89bb8-5e23-4727-b572-a8449a4b4865","388cfcbd-35ea-483d-bedc-844066f90194","17b17f79-9017-4be7-bcba-f52ebfc160d9","f32af59b-6e0d-4ded-9807-4a662a01732a"],"settings":{"mobile_vertical_padding":"py-0","mobile_horizontal_padding":"px-4","desktop_vertical_padding":"md:py-0","desktop_horizontal_padding":"md:px-4","heading":"","copy":"","heading_font_family":"font-body","copy_font_family":"font-body","heading_bottom_spacing":0,"copy_bottom_spacing":0,"text_alignment":"text-left","desktop_heading_font_size":"md:text-lg","desktop_copy_font_size":"md:text-base","mobile_heading_font_size":"text-lg","mobile_copy_font_size":"text-base"}}},"order":["product","16467694065fb08d55"]}